0.05              	-1.4146380475e+00	2.2477902026e-01	-3.2371241768e+00	-3.0332001359e+00	-2.0392404089e-01
0.0502            	-1.4052580298e+00	2.2603958556e-01	-3.2133762403e+00	-3.0119461500e+00	-2.0143009032e-01
0.0504            	-1.4063614065e+00	2.2640959043e-01	-3.2140911467e+00	-3.0134069799e+00	-2.0068416680e-01
0.0506            	-1.4103001096e+00	2.2744048394e-01	-3.2191311944e+00	-3.0198657068e+00	-1.9926548757e-01
0.0508            	-1.4123892997e+00	2.2790033314e-01	-3.2219010917e+00	-3.0233398455e+00	-1.9856124614e-01
0.051             	-1.4132511274e+00	2.2804793652e-01	-3.2233483403e+00	-3.0249252975e+00	-1.9842304276e-01
0.0512            	-1.4135018299e+00	2.2805920812e-01	-3.2239777019e+00	-3.0254906809e+00	-1.9848702104e-01
0.0514            	-1.4137624448e+00	2.2813618476e-01	-3.2244540356e+00	-3.0259894625e+00	-1.9846457303e-01
0.0516            	-1.4134901284e+00	2.2802533232e-01	-3.2240355964e+00	-3.0255079266e+00	-1.9852766982e-01
0.0518            	-1.4124314719e+00	2.2764042804e-01	-3.2224969396e+00	-3.0236799417e+00	-1.9881699783e-01
0.052             	-1.4120028834e+00	2.2741297751e-01	-3.2218844098e+00	-3.0229450883e+00	-1.9893932147e-01
0.0522            	-1.4108389179e+00	2.2687964492e-01	-3.2197552301e+00	-3.0207165330e+00	-1.9903869709e-01
0.0524            	-1.4099710604e+00	2.2642207125e-01	-3.2178506516e+00	-3.0188963862e+00	-1.9895426540e-01
0.0526            	-1.4095388074e+00	2.2610739627e-01	-3.2167075418e+00	-3.0178925783e+00	-1.9881496347e-01
0.0528            	-1.4092755996e+00	2.2581149398e-01	-3.2158504675e+00	-3.0172008334e+00	-1.9864963417e-01
0.053             	-1.4100543479e+00	2.2592098315e-01	-3.2167344082e+00	-3.0184215520e+00	-1.9831285617e-01
0.0532            	-1.4110595249e+00	2.2606245909e-01	-3.2180776544e+00	-3.0200983521e+00	-1.9797930233e-01
0.0534            	-1.4122176325e+00	2.2636264486e-01	-3.2198254692e+00	-3.0221303671e+00	-1.9769510206e-01
0.0536            	-1.4131106180e+00	2.2665298448e-01	-3.2214195942e+00	-3.0238204151e+00	-1.9759917904e-01
0.0538            	-1.4139220759e+00	2.2686281366e-01	-3.2228290474e+00	-3.0253365996e+00	-1.9749244780e-01
0.054             	-1.4142953534e+00	2.2702791068e-01	-3.2237061272e+00	-3.0261484169e+00	-1.9755771022e-01
0.0542            	-1.4139885714e+00	2.2695727898e-01	-3.2233174283e+00	-3.0256472855e+00	-1.9767014278e-01
0.0544            	-1.4130075272e+00	2.2673345882e-01	-3.2218778031e+00	-3.0239464288e+00	-1.9793137436e-01
0.0546            	-1.4126266863e+00	2.2666854676e-01	-3.2213852254e+00	-3.0233192989e+00	-1.9806592643e-01
0.0548            	-1.4122071128e+00	2.2648877810e-01	-3.2204833213e+00	-3.0224487735e+00	-1.9803454780e-01
0.055             	-1.4116350655e+00	2.2638373811e-01	-3.2191432922e+00	-3.0212067116e+00	-1.9793658059e-01
0.0552            	-1.4120964217e+00	2.2660432899e-01	-3.2197894286e+00	-3.0219911360e+00	-1.9779829257e-01
0.0554            	-1.4130695800e+00	2.2682885559e-01	-3.2211927302e+00	-3.0236659451e+00	-1.9752678511e-01
0.0556            	-1.4134613636e+00	2.2693967855e-01	-3.2218056931e+00	-3.0243642102e+00	-1.9744148292e-01
0.0558            	-1.4136629148e+00	2.2702813508e-01	-3.2219896419e+00	-3.0246577357e+00	-1.9733190620e-01
0.056             	-1.4142239099e+00	2.2720837087e-01	-3.2229523506e+00	-3.0257000851e+00	-1.9725226543e-01
0.0562            	-1.4149811837e+00	2.2741466419e-01	-3.2244759542e+00	-3.0272191608e+00	-1.9725679341e-01
0.0564            	-1.4146791389e+00	2.2727021530e-01	-3.2240554073e+00	-3.0267068426e+00	-1.9734856474e-01
0.0566            	-1.4140425829e+00	2.2708303293e-01	-3.2230016206e+00	-3.0255433932e+00	-1.9745822737e-01
0.0568            	-1.4138757022e+00	2.2707518626e-01	-3.2230295876e+00	-3.0253904960e+00	-1.9763909160e-01
0.057             	-1.4144395996e+00	2.2720803056e-01	-3.2237874256e+00	-3.0263333124e+00	-1.9745411315e-01
0.0572            	-1.4151917067e+00	2.2746587524e-01	-3.2249571656e+00	-3.0276702895e+00	-1.9728687611e-01
0.0574            	-1.4146532422e+00	2.2745347780e-01	-3.2240400486e+00	-3.0266732666e+00	-1.9736678208e-01
0.0576            	-1.4132497232e+00	2.2710900117e-01	-3.2217893111e+00	-3.0241443788e+00	-1.9764493237e-01
0.0578            	-1.4117179355e+00	2.2664348429e-01	-3.2193586742e+00	-3.0213972726e+00	-1.9796140156e-01
0.058             	-1.4112962024e+00	2.2642835435e-01	-3.2184973067e+00	-3.0205448558e+00	-1.9795245091e-01
0.0582            	-1.4113648031e+00	2.2639044441e-01	-3.2183940164e+00	-3.0205618113e+00	-1.9783220506e-01
0.0584            	-1.4110982561e+00	2.2620561380e-01	-3.2176553779e+00	-3.0199259451e+00	-1.9772943281e-01
0.0586            	-1.4114623291e+00	2.2628029919e-01	-3.2182147621e+00	-3.0205697101e+00	-1.9764505198e-01
0.0588            	-1.4137034115e+00	2.2689526522e-01	-3.2220439971e+00	-3.0247254100e+00	-1.9731858712e-01
0.059             	-1.4178081255e+00	2.2814578168e-01	-3.2292401609e+00	-3.0324282060e+00	-1.9681195493e-01
0.0592            	-1.4181462269e+00	2.2818322917e-01	-3.2304775025e+00	-3.0333849782e+00	-1.9709252435e-01
0.0594            	-1.4157855118e+00	2.2753144709e-01	-3.2270562153e+00	-3.0293136195e+00	-1.9774259582e-01
0.0596            	-1.4117385843e+00	2.2657933952e-01	-3.2207714603e+00	-3.0221243145e+00	-1.9864714582e-01
0.0598            	-1.4112273629e+00	2.2664328965e-01	-3.2202991890e+00	-3.0213769574e+00	-1.9892223159e-01
0.06              	-1.4153076305e+00	2.2796749262e-01	-3.2272135612e+00	-3.0289144111e+00	-1.9829915011e-01
0.0602            	-1.4181970353e+00	2.2878008315e-01	-3.2321767764e+00	-3.0342854235e+00	-1.9789135295e-01
0.0604            	-1.4169964531e+00	2.2848300313e-01	-3.2303769929e+00	-3.0321849496e+00	-1.9819204329e-01
0.0606            	-1.4151262999e+00	2.2819336672e-01	-3.2277133378e+00	-3.0289829688e+00	-1.9873036905e-01
0.0608            	-1.4131059948e+00	2.2776144463e-01	-3.2244257207e+00	-3.0253188552e+00	-1.9910686557e-01
0.061             	-1.4120316503e+00	2.2752757150e-01	-3.2225701128e+00	-3.0233167067e+00	-1.9925340607e-01
0.0612            	-1.4110181105e+00	2.2713488020e-01	-3.2205507984e+00	-3.0212935097e+00	-1.9925728869e-01
0.0614            	-1.4095814898e+00	2.2659027828e-01	-3.2178870349e+00	-3.0185250072e+00	-1.9936202768e-01
0.0616            	-1.4086522714e+00	2.2608172392e-01	-3.2158744262e+00	-3.0165894845e+00	-1.9928494168e-01
0.0618            	-1.4072467176e+00	2.2546639196e-01	-3.2131257860e+00	-3.0138096106e+00	-1.9931617536e-01
0.062             	-1.4071018936e+00	2.2510050624e-01	-3.2124397639e+00	-3.0133217755e+00	-1.9911798840e-01
0.0622            	-1.4073498050e+00	2.2479165207e-01	-3.2123523687e+00	-3.0135259893e+00	-1.9882637936e-01
0.0624            	-1.4082051528e+00	2.2478017112e-01	-3.2133823185e+00	-3.0148963121e+00	-1.9848600648e-01
0.0626            	-1.4091333843e+00	2.2487913252e-01	-3.2146834820e+00	-3.0164751253e+00	-1.9820835673e-01
0.0628            	-1.4100204583e+00	2.2506200880e-01	-3.2160867137e+00	-3.0180638152e+00	-1.9802289854e-01
0.063             	-1.4114191035e+00	2.2543506337e-01	-3.2185351299e+00	-3.0206866684e+00	-1.9784846151e-01
0.0632            	-1.4125282869e+00	2.2586460070e-01	-3.2204876985e+00	-3.0227721361e+00	-1.9771556238e-01
0.0634            	-1.4132620447e+00	2.2626273137e-01	-3.2220134197e+00	-3.0242687546e+00	-1.9774466511e-01
0.0636            	-1.4135302365e+00	2.2649940244e-01	-3.2227761209e+00	-3.0249182969e+00	-1.9785782399e-01
0.0638            	-1.4138566183e+00	2.2680133406e-01	-3.2235936270e+00	-3.0256534318e+00	-1.9794019524e-01
0.064             	-1.4145257200e+00	2.2720261570e-01	-3.2248492528e+00	-3.0269503464e+00	-1.9789890638e-01
0.0642            	-1.4153964325e+00	2.2761752549e-01	-3.2264355531e+00	-3.0286142090e+00	-1.9782134408e-01
0.0644            	-1.4152556218e+00	2.2769168767e-01	-3.2263721110e+00	-3.0284416773e+00	-1.9793043369e-01
0.0646            	-1.4154822973e+00	2.2782738661e-01	-3.2270069872e+00	-3.0289857910e+00	-1.9802119627e-01
0.0648            	-1.4126101601e+00	2.2684520803e-01	-3.2222335461e+00	-3.0237269332e+00	-1.9850661293e-01
0.065             	-1.4072479724e+00	2.2521308051e-01	-3.2131003666e+00	-3.0137981557e+00	-1.9930221095e-01
0.0652            	-1.4050457036e+00	2.2457905433e-01	-3.2088082514e+00	-3.0094498293e+00	-1.9935842205e-01
0.0654            	-1.4061745886e+00	2.2480614166e-01	-3.2100119327e+00	-3.0111805550e+00	-1.9883137774e-01
0.0656            	-1.4081950296e+00	2.2510492099e-01	-3.2124054499e+00	-3.0143977545e+00	-1.9800769536e-01
0.0658            	-1.4089605565e+00	2.2522982093e-01	-3.2133059653e+00	-3.0156135391e+00	-1.9769242618e-01
0.066             	-1.4096891344e+00	2.2534809026e-01	-3.2144445879e+00	-3.0169114283e+00	-1.9753315956e-01
0.0662            	-1.4107724466e+00	2.2555996289e-01	-3.2162938477e+00	-3.0189193704e+00	-1.9737447727e-01
0.0664            	-1.4121058090e+00	2.2593003145e-01	-3.2186016451e+00	-3.0214066315e+00	-1.9719501355e-01
0.0666            	-1.4135205413e+00	2.2643142601e-01	-3.2212969529e+00	-3.0241690178e+00	-1.9712793514e-01
0.0668            	-1.4146774269e+00	2.2688848652e-01	-3.2238912470e+00	-3.0266230504e+00	-1.9726819664e-01
0.067             	-1.4142683959e+00	2.2688223420e-01	-3.2236134297e+00	-3.0260751107e+00	-1.9753831899e-01
0.0672            	-1.4131455348e+00	2.2666894645e-01	-3.2220534513e+00	-3.0241722604e+00	-1.9788119089e-01
0.0674            	-1.4128015903e+00	2.2669945711e-01	-3.2217793074e+00	-3.0236912440e+00	-1.9808806342e-01
0.0676            	-1.4119433815e+00	2.2649708175e-01	-3.2205507696e+00	-3.0222187663e+00	-1.9833200330e-01
0.0678            	-1.4107919591e+00	2.2614030993e-01	-3.2187212249e+00	-3.0201525716e+00	-1.9856865331e-01
0.068             	-1.4112759678e+00	2.2638314526e-01	-3.2195609211e+00	-3.0210564284e+00	-1.9850449272e-01
0.0682            	-1.4133663308e+00	2.2709587663e-01	-3.2229384679e+00	-3.0248355648e+00	-1.9810290312e-01
0.0684            	-1.4126790238e+00	2.2688942571e-01	-3.2219266283e+00	-3.0236423380e+00	-1.9828429032e-01
0.0686            	-1.4129682892e+00	2.2711332409e-01	-3.2227090948e+00	-3.0243228365e+00	-1.9838625822e-01
0.0688            	-1.4125192002e+00	2.2713338668e-01	-3.2223608061e+00	-3.0236996032e+00	-1.9866120281e-01
0.069             	-1.4096439170e+00	2.2635461541e-01	-3.2180377140e+00	-3.0186627739e+00	-1.9937494002e-01
0.0692            	-1.4079727229e+00	2.2598010088e-01	-3.2157854398e+00	-3.0158654429e+00	-1.9991999698e-01
0.0694            	-1.4084117586e+00	2.2608302444e-01	-3.2164408231e+00	-3.0166321702e+00	-1.9980865295e-01
0.0696            	-1.4088608138e+00	2.2622652352e-01	-3.2171519386e+00	-3.0174367831e+00	-1.9971515555e-01
0.0698            	-1.4076389789e+00	2.2577018154e-01	-3.2149322257e+00	-3.0151050917e+00	-1.9982713398e-01
0.07              	-1.4050112702e+00	2.2506318369e-01	-3.2101530799e+00	-3.0100878101e+00	-2.0006526973e-01
0.0702            	-1.4055265349e+00	2.2525165703e-01	-3.2103825353e+00	-3.0107178025e+00	-1.9966473277e-01
0.0704            	-1.4063905939e+00	2.2549440222e-01	-3.2110742695e+00	-3.0119277287e+00	-1.9914654084e-01
0.0706            	-1.4081966737e+00	2.2607071341e-01	-3.2136319600e+00	-3.0150126536e+00	-1.9861930634e-01
0.0708            	-1.4091741968e+00	2.2629143695e-01	-3.2147842164e+00	-3.0165663050e+00	-1.9821791141e-01
0.071             	-1.4083306715e+00	2.2588636695e-01	-3.2132604358e+00	-3.0149608894e+00	-1.9829954646e-01
0.0712            	-1.4058285712e+00	2.2499605340e-01	-3.2091856268e+00	-3.0104213846e+00	-1.9876424220e-01
0.0714            	-1.4040316888e+00	2.2427538437e-01	-3.2061948914e+00	-3.0071291346e+00	-1.9906575689e-01
0.0716            	-1.4037379678e+00	2.2387179174e-01	-3.2051700764e+00	-3.0063230060e+00	-1.9884707042e-01
0.0718            	-1.4040165452e+00	2.2370006234e-01	-3.2049005088e+00	-3.0064667995e+00	-1.9843370921e-01
0.072             	-1.4045841524e+00	2.2385536393e-01	-3.2051350582e+00	-3.0071516815e+00	-1.9798337672e-01
0.0722            	-1.4048629226e+00	2.2394956087e-01	-3.2051068708e+00	-3.0074163580e+00	-1.9769051279e-01
0.0724            	-1.4053771008e+00	2.2413208021e-01	-3.2057949613e+00	-3.0082745814e+00	-1.9752037986e-01
0.0726            	-1.4062201654e+00	2.2438868944e-01	-3.2071550017e+00	-3.0097976663e+00	-1.9735733545e-01
0.0728            	-1.4073673696e+00	2.2462297736e-01	-3.2093009033e+00	-3.0120178213e+00	-1.9728308201e-01
0.073             	-1.4086679890e+00	2.2501805036e-01	-3.2116146049e+00	-3.0144752914e+00	-1.9713931350e-01
0.0732            	-1.4099279907e+00	2.2553672166e-01	-3.2139587357e+00	-3.0169073586e+00	-1.9705137709e-01
0.0734            	-1.4112759027e+00	2.2613877500e-01	-3.2162031274e+00	-3.0193774663e+00	-1.9682566104e-01
0.0736            	-1.4112766345e+00	2.2633330797e-01	-3.2164280288e+00	-3.0194906489e+00	-1.9693737983e-01
0.0738            	-1.4095274581e+00	2.2604025341e-01	-3.2138549794e+00	-3.0164549478e+00	-1.9740003157e-01
0.074             	-1.4070200534e+00	2.2547061278e-01	-3.2100009783e+00	-3.0120205425e+00	-1.9798043576e-01
0.0742            	-1.4053277523e+00	2.2501023356e-01	-3.2070802802e+00	-3.0088678924e+00	-1.9821238781e-01
0.0744            	-1.4047923829e+00	2.2474349189e-01	-3.2058029019e+00	-3.0076938339e+00	-1.9810906803e-01
0.0746            	-1.4049702557e+00	2.2465303152e-01	-3.2055888167e+00	-3.0077646641e+00	-1.9782415266e-01
0.0748            	-1.4054989302e+00	2.2461708695e-01	-3.2060535135e+00	-3.0085256869e+00	-1.9752782657e-01
0.075             	-1.4063845313e+00	2.2467782380e-01	-3.2072983493e+00	-3.0100337060e+00	-1.9726464330e-01
0.0752            	-1.4071429528e+00	2.2471739597e-01	-3.2083819556e+00	-3.0113339306e+00	-1.9704802500e-01
0.0754            	-1.4074257838e+00	2.2465523562e-01	-3.2089344830e+00	-3.0118930254e+00	-1.9704145768e-01
0.0756            	-1.4077428692e+00	2.2461948751e-01	-3.2096263325e+00	-3.0125560354e+00	-1.9707029707e-01
0.0758            	-1.4083254524e+00	2.2471437921e-01	-3.2108300122e+00	-3.0137404585e+00	-1.9708955373e-01
0.076             	-1.4084298187e+00	2.2476687193e-01	-3.2110386679e+00	-3.0139491527e+00	-1.9708951520e-01
0.0762            	-1.4080790289e+00	2.2480557641e-01	-3.2106544166e+00	-3.0134062372e+00	-1.9724817941e-01
0.0764            	-1.4072160637e+00	2.2477762960e-01	-3.2093941258e+00	-3.0119131266e+00	-1.9748099920e-01
0.0766            	-1.4064452537e+00	2.2469876353e-01	-3.2083638555e+00	-3.0106271815e+00	-1.9773667409e-01
0.0768            	-1.4070836582e+00	2.2497691082e-01	-3.2094097868e+00	-3.0117885516e+00	-1.9762123522e-01
0.077             	-1.4079440447e+00	2.2519586289e-01	-3.2106367179e+00	-3.0132624036e+00	-1.9737431426e-01
0.0772            	-1.4083379289e+00	2.2535648920e-01	-3.2111227947e+00	-3.0138993263e+00	-1.9722346849e-01
0.0774            	-1.4084641730e+00	2.2550953602e-01	-3.2112572118e+00	-3.0140927789e+00	-1.9716443292e-01
0.0776            	-1.4078552662e+00	2.2527031380e-01	-3.2103911601e+00	-3.0130508463e+00	-1.9734031382e-01
0.0778            	-1.4063420795e+00	2.2471669097e-01	-3.2080664147e+00	-3.0103752868e+00	-1.9769112789e-01
0.078             	-1.4046999322e+00	2.2412813984e-01	-3.2053961834e+00	-3.0073980239e+00	-1.9799815951e-01
0.0782            	-1.4036404553e+00	2.2366243700e-01	-3.2032872611e+00	-3.0052840859e+00	-1.9800317520e-01
0.0784            	-1.4029508149e+00	2.2329326210e-01	-3.2017880940e+00	-3.0038448619e+00	-1.9794323211e-01
0.0786            	-1.4028470933e+00	2.2322744526e-01	-3.2013904523e+00	-3.0035423194e+00	-1.9784813284e-01
0.0788            	-1.4033494080e+00	2.2324237521e-01	-3.2019017245e+00	-3.0043002703e+00	-1.9760145420e-01
0.079             	-1.4039941288e+00	2.2338568599e-01	-3.2027763534e+00	-3.0053823055e+00	-1.9739404785e-01
0.0792            	-1.4041427969e+00	2.2334119323e-01	-3.2030573219e+00	-3.0056714578e+00	-1.9738586405e-01
0.0794            	-1.4052072006e+00	2.2354195235e-01	-3.2054290088e+00	-3.0079217051e+00	-1.9750730376e-01
0.0796            	-1.4080830674e+00	2.2424446323e-01	-3.2109645706e+00	-3.0135653527e+00	-1.9739921788e-01
0.0798            	-1.4078124847e+00	2.2393144082e-01	-3.2109811825e+00	-3.0133030760e+00	-1.9767810653e-01
0.08              	-1.4043606582e+00	2.2294311037e-01	-3.2056972758e+00	-3.0072092961e+00	-1.9848797972e-01
0.0802            	-1.4039002933e+00	2.2310012709e-01	-3.2052078139e+00	-3.0065042003e+00	-1.9870361369e-01
0.0804            	-1.4042166489e+00	2.2338844180e-01	-3.2057835700e+00	-3.0071084339e+00	-1.9867513615e-01
0.0806            	-1.4043885481e+00	2.2355029942e-01	-3.2060650880e+00	-3.0074210921e+00	-1.9864399587e-01
0.0808            	-1.4043237666e+00	2.2360813081e-01	-3.2058850686e+00	-3.0072663009e+00	-1.9861876766e-01
0.081             	-1.4048714817e+00	2.2382653436e-01	-3.2065824480e+00	-3.0081627057e+00	-1.9841974233e-01
0.0812            	-1.4048467230e+00	2.2387681728e-01	-3.2061153193e+00	-3.0079043827e+00	-1.9821093663e-01
0.0814            	-1.4036370066e+00	2.2360456024e-01	-3.2038815290e+00	-3.0055777711e+00	-1.9830375791e-01
0.0816            	-1.4028032627e+00	2.2343790663e-01	-3.2024810344e+00	-3.0040437799e+00	-1.9843725454e-01
0.0818            	-1.4024882865e+00	2.2322279522e-01	-3.2019139964e+00	-3.0034452847e+00	-1.9846871167e-01
0.082             	-1.4029918571e+00	2.2324807968e-01	-3.2024847724e+00	-3.0042342433e+00	-1.9825052911e-01
0.0822            	-1.4043047339e+00	2.2353240901e-01	-3.2044996508e+00	-3.0065545593e+00	-1.9794509156e-01
0.0824            	-1.4056605413e+00	2.2386861792e-01	-3.2066835256e+00	-3.0090023041e+00	-1.9768122152e-01
0.0826            	-1.4058588392e+00	2.2382069743e-01	-3.2070989025e+00	-3.0094082904e+00	-1.9769061207e-01
0.0828            	-1.4054180811e+00	2.2370980801e-01	-3.2066859209e+00	-3.0087610415e+00	-1.9792487932e-01
0.083             	-1.4050325740e+00	2.2364235521e-01	-3.2063411832e+00	-3.0082031656e+00	-1.9813801757e-01
0.0832            	-1.4034495267e+00	2.2302875598e-01	-3.2037765727e+00	-3.0053378130e+00	-1.9843875965e-01
0.0834            	-1.4016518440e+00	2.2252964623e-01	-3.2007585108e+00	-3.0020310994e+00	-1.9872741141e-01
0.0836            	-1.4011514776e+00	2.2229986319e-01	-3.1996230711e+00	-3.0009630131e+00	-1.9866005795e-01
0.0838            	-1.4008238702e+00	2.2210428214e-01	-3.1985510355e+00	-3.0000993879e+00	-1.9845164760e-01
0.084             	-1.4013988972e+00	2.2225199851e-01	-3.1995036716e+00	-3.0011507330e+00	-1.9835293866e-01
0.0842            	-1.4018747608e+00	2.2225123576e-01	-3.2002036518e+00	-3.0019765867e+00	-1.9822706515e-01
0.0844            	-1.4020004636e+00	2.2210813143e-01	-3.2005225702e+00	-3.0022617487e+00	-1.9826082153e-01
0.0846            	-1.4017985747e+00	2.2188933251e-01	-3.2002438716e+00	-3.0019205105e+00	-1.9832336108e-01
0.0848            	-1.4019344159e+00	2.2181741796e-01	-3.2005121468e+00	-3.0021904893e+00	-1.9832165751e-01
0.085             	-1.4029497290e+00	2.2214117011e-01	-3.2021290828e+00	-3.0040142704e+00	-1.9811481234e-01
0.0852            	-1.4042492522e+00	2.2263897109e-01	-3.2043011118e+00	-3.0063998081e+00	-1.9790130370e-01
0.0854            	-1.4053097927e+00	2.2310667201e-01	-3.2061836234e+00	-3.0084016044e+00	-1.9778201905e-01
0.0856            	-1.4055670131e+00	2.2337058598e-01	-3.2068019576e+00	-3.0089679919e+00	-1.9783396573e-01
0.0858            	-1.4044496482e+00	2.2315849750e-01	-3.2052080599e+00	-3.0070536781e+00	-1.9815438171e-01
0.086             	-1.4035858654e+00	2.2296297575e-01	-3.2041701964e+00	-3.0056709636e+00	-1.9849923279e-01
0.0862            	-1.4030843679e+00	2.2275299086e-01	-3.2037418329e+00	-3.0049552844e+00	-1.9878654854e-01
0.0864            	-1.4049458326e+00	2.2320648784e-01	-3.2071852523e+00	-3.0085384587e+00	-1.9864679358e-01
0.0866            	-1.4066885400e+00	2.2351478756e-01	-3.2104210723e+00	-3.0118990762e+00	-1.9852199610e-01
0.0868            	-1.4065607554e+00	2.2343766353e-01	-3.2106040430e+00	-3.0118627770e+00	-1.9874126607e-01
0.087             	-1.4048686390e+00	2.2291446716e-01	-3.2080325228e+00	-3.0088849005e+00	-1.9914762237e-01
0.0872            	-1.4012257211e+00	2.2199287322e-01	-3.2020839896e+00	-3.0022677159e+00	-1.9981627370e-01
0.0874            	-1.3975764259e+00	2.2115368861e-01	-3.1960877988e+00	-2.9956203253e+00	-2.0046747353e-01
0.0876            	-1.3945882648e+00	2.2037839919e-01	-3.1909608613e+00	-2.9900686955e+00	-2.0089216583e-01
0.0878            	-1.3936202670e+00	2.1994892254e-01	-3.1888999226e+00	-2.9880702283e+00	-2.0082969424e-01
0.088             	-1.3950920652e+00	2.2012802428e-01	-3.1908190655e+00	-2.9905015980e+00	-2.0031746752e-01
0.0882            	-1.3967086869e+00	2.2026392751e-01	-3.1930941131e+00	-2.9932557435e+00	-1.9983836966e-01
0.0884            	-1.3989242390e+00	2.2068374625e-01	-3.1967463298e+00	-2.9972974039e+00	-1.9944892588e-01
0.0886            	-1.3998014417e+00	2.2064354456e-01	-3.1982373731e+00	-2.9989201282e+00	-1.9931724485e-01
0.0888            	-1.3998910339e+00	2.2052063295e-01	-3.1986663593e+00	-2.9992242136e+00	-1.9944214570e-01
0.089             	-1.3987837611e+00	2.2022289805e-01	-3.1968341537e+00	-2.9972008379e+00	-1.9963331572e-01
0.0892            	-1.3985087552e+00	2.2031627239e-01	-3.1963949583e+00	-2.9967062344e+00	-1.9968872391e-01
0.0894            	-1.3988005011e+00	2.2061147885e-01	-3.1967280379e+00	-2.9971645201e+00	-1.9956351779e-01
0.0896            	-1.3986968737e+00	2.2088543972e-01	-3.1966605441e+00	-2.9970271458e+00	-1.9963339834e-01
0.0898            	-1.3990208445e+00	2.2119512830e-01	-3.1969675038e+00	-2.9975045964e+00	-1.9946290744e-01
0.09              	-1.3995791616e+00	2.2151582183e-01	-3.1976712188e+00	-2.9984147710e+00	-1.9925644780e-01
0.0902            	-1.3999097341e+00	2.2168818897e-01	-3.1980072814e+00	-2.9989133748e+00	-1.9909390661e-01
0.0904            	-1.3996851952e+00	2.2156912343e-01	-3.1976166663e+00	-2.9984935284e+00	-1.9912313791e-01
0.0906            	-1.3997509162e+00	2.2146574414e-01	-3.1976654592e+00	-2.9985836458e+00	-1.9908181339e-01
0.0908            	-1.4021414678e+00	2.2212766524e-01	-3.2017525276e+00	-3.0030177316e+00	-1.9873479600e-01
0.091             	-1.4026795855e+00	2.2216270174e-01	-3.2027263928e+00	-3.0040427819e+00	-1.9868361084e-01
0.0912            	-1.3995155704e+00	2.2106903096e-01	-3.1975416018e+00	-2.9982863712e+00	-1.9925523052e-01
0.0914            	-1.3953273558e+00	2.1997891327e-01	-3.1907273329e+00	-2.9906910222e+00	-2.0003631062e-01
0.0916            	-1.3943942880e+00	2.1976268384e-01	-3.1890193087e+00	-2.9889039423e+00	-2.0011536633e-01
0.0918            	-1.3946086108e+00	2.1968447627e-01	-3.1890500690e+00	-2.9891336453e+00	-1.9991642371e-01
0.092             	-1.3965839331e+00	2.2017435523e-01	-3.1917522946e+00	-2.9924600804e+00	-1.9929221423e-01
0.0922            	-1.3992785623e+00	2.2096648161e-01	-3.1957350442e+00	-2.9971460844e+00	-1.9858895976e-01
0.0924            	-1.4017710742e+00	2.2185241304e-01	-3.1998699101e+00	-3.0017060292e+00	-1.9816388086e-01
0.0926            	-1.4016229711e+00	2.2189875115e-01	-3.1997548653e+00	-3.0015004038e+00	-1.9825446151e-01
0.0928            	-1.3985700668e+00	2.2113017855e-01	-3.1947452708e+00	-2.9959427022e+00	-1.9880256857e-01
0.093             	-1.3959110495e+00	2.2048915221e-01	-3.1906666029e+00	-2.9912443509e+00	-1.9942225198e-01
0.0932            	-1.3950156246e+00	2.2014582415e-01	-3.1893899154e+00	-2.9897105823e+00	-1.9967933304e-01
0.0934            	-1.3957723724e+00	2.2007124802e-01	-3.1905658399e+00	-2.9910552924e+00	-1.9951054749e-01
0.0936            	-1.3966418137e+00	2.2016661404e-01	-3.1917381182e+00	-2.9925108728e+00	-1.9922724537e-01
0.0938            	-1.3958906463e+00	2.1973836242e-01	-3.1904090889e+00	-2.9910951908e+00	-1.9931389811e-01
0.094             	-1.3940263216e+00	2.1902686519e-01	-3.1872941363e+00	-2.9876733898e+00	-1.9962074653e-01
0.0942            	-1.3924398282e+00	2.1848399865e-01	-3.1844239445e+00	-2.9846518004e+00	-1.9977214401e-01
0.0944            	-1.3930544447e+00	2.1855867394e-01	-3.1851953219e+00	-2.9856521057e+00	-1.9954321628e-01
0.0946            	-1.3944668483e+00	2.1896165160e-01	-3.1871717524e+00	-2.9880527245e+00	-1.9911902792e-01
0.0948            	-1.3956228138e+00	2.1936375752e-01	-3.1888713988e+00	-2.9900585132e+00	-1.9881288561e-01
0.095             	-1.3961463138e+00	2.1967274597e-01	-3.1899152017e+00	-2.9911039146e+00	-1.9881128702e-01
0.0952            	-1.3964615753e+00	2.1988169515e-01	-3.1906410711e+00	-2.9917821109e+00	-1.9885896024e-01
0.0954            	-1.3962901010e+00	2.1986076122e-01	-3.1904986100e+00	-2.9915394059e+00	-1.9895920401e-01
0.0956            	-1.3966768596e+00	2.2001644597e-01	-3.1912609726e+00	-2.9923073459e+00	-1.9895362667e-01
0.0958            	-1.3976477194e+00	2.2036683258e-01	-3.1930912958e+00	-2.9941933673e+00	-1.9889792846e-01
0.096             	-1.3984160013e+00	2.2066467756e-01	-3.1946578654e+00	-2.9957449340e+00	-1.9891293142e-01
0.0962            	-1.3983060833e+00	2.2066902938e-01	-3.1947802223e+00	-2.9956961945e+00	-1.9908402782e-01
0.0964            	-1.3973128989e+00	2.2045753034e-01	-3.1933574918e+00	-2.9939916448e+00	-1.9936584697e-01
0.0966            	-1.3958958318e+00	2.2010910994e-01	-3.1910745600e+00	-2.9914331118e+00	-1.9964144821e-01
0.0968            	-1.3943333279e+00	2.1982886197e-01	-3.1884946016e+00	-2.9885806287e+00	-1.9991397294e-01
0.097             	-1.3947583055e+00	2.2013285941e-01	-3.1893798058e+00	-2.9894482084e+00	-1.9993159736e-01
0.0972            	-1.3965101540e+00	2.2073180263e-01	-3.1922786874e+00	-2.9926494977e+00	-1.9962918969e-01
0.0974            	-1.3953249763e+00	2.2027147106e-01	-3.1903377228e+00	-2.9904938377e+00	-1.9984388512e-01
0.0976            	-1.3897716414e+00	2.1854459452e-01	-3.1808265295e+00	-2.9801849061e+00	-2.0064162338e-01
0.0978            	-1.3875493885e+00	2.1801439333e-01	-3.1770692304e+00	-2.9760840037e+00	-2.0098522672e-01
0.098             	-1.3893599427e+00	2.1843063623e-01	-3.1800508774e+00	-2.9793853814e+00	-2.0066549595e-01
0.0982            	-1.3919429559e+00	2.1872404050e-01	-3.1842796376e+00	-2.9840827747e+00	-2.0019686292e-01
0.0984            	-1.3919707148e+00	2.1842011382e-01	-3.1842993319e+00	-2.9841203807e+00	-2.0017895122e-01
0.0986            	-1.3912973191e+00	2.1805139877e-01	-3.1832856233e+00	-2.9829401307e+00	-2.0034549258e-01
0.0988            	-1.3908015260e+00	2.1785934716e-01	-3.1825503202e+00	-2.9820766861e+00	-2.0047363414e-01
0.099             	-1.3911036376e+00	2.1795366935e-01	-3.1831483512e+00	-2.9826778132e+00	-2.0047053801e-01
0.0992            	-1.3919535840e+00	2.1827934007e-01	-3.1845706414e+00	-2.9842389047e+00	-2.0033173673e-01
0.0994            	-1.3901944797e+00	2.1781636232e-01	-3.1814552011e+00	-2.9809220803e+00	-2.0053312085e-01
0.0996            	-1.3900516552e+00	2.1803116323e-01	-3.1810942867e+00	-2.9805987986e+00	-2.0049548816e-01
0.0998            	-1.3897618425e+00	2.1802184692e-01	-3.1801559823e+00	-2.9798398337e+00	-2.0031614863e-01
0.1               	-1.3895059977e+00	2.1807468568e-01	-3.1794949860e+00	-2.9792534907e+00	-2.0024149532e-01
0.1002            	-1.3900524479e+00	2.1835654075e-01	-3.1799895931e+00	-2.9800472445e+00	-1.9994234869e-01
0.1004            	-1.3903283937e+00	2.1847115666e-01	-3.1801580567e+00	-2.9804074220e+00	-1.9975063462e-01
0.1006            	-1.3904234487e+00	2.1837453764e-01	-3.1801948474e+00	-2.9805208724e+00	-1.9967397503e-01
0.1008            	-1.3899419276e+00	2.1813694214e-01	-3.1792352941e+00	-2.9795595746e+00	-1.9967571950e-01
0.101             	-1.3897740001e+00	2.1793391660e-01	-3.1789423982e+00	-2.9792451992e+00	-1.9969719904e-01
0.1012            	-1.3888872502e+00	2.1746294397e-01	-3.1771386502e+00	-2.9774565753e+00	-1.9968207495e-01
0.1014            	-1.3881909942e+00	2.1724846106e-01	-3.1756898687e+00	-2.9760359285e+00	-1.9965394020e-01
0.1016            	-1.3882819849e+00	2.1730093437e-01	-3.1755431428e+00	-2.9760535563e+00	-1.9948958649e-01
0.1018            	-1.3889251977e+00	2.1747519680e-01	-3.1762702064e+00	-2.9770603009e+00	-1.9920990550e-01
0.102             	-1.3895853175e+00	2.1768998758e-01	-3.1772070706e+00	-2.9781888528e+00	-1.9901821785e-01
0.1022            	-1.3894949332e+00	2.1771969145e-01	-3.1769388891e+00	-2.9779643777e+00	-1.9897451136e-01
0.1024            	-1.3882413001e+00	2.1741401385e-01	-3.1748835631e+00	-2.9756830816e+00	-1.9920048149e-01
0.1026            	-1.3872849812e+00	2.1703752495e-01	-3.1735611611e+00	-2.9740655617e+00	-1.9949559933e-01
0.1028            	-1.3862602390e+00	2.1657101030e-01	-3.1718021512e+00	-2.9721613146e+00	-1.9964083655e-01
0.103             	-1.3858982994e+00	2.1632597101e-01	-3.1711692560e+00	-2.9714829274e+00	-1.9968632859e-01
0.1032            	-1.3861587574e+00	2.1621926403e-01	-3.1713793376e+00	-2.9718484262e+00	-1.9953091140e-01
0.1034            	-1.3867895870e+00	2.1631740439e-01	-3.1721543154e+00	-2.9728667447e+00	-1.9928757076e-01
0.1036            	-1.3870577189e+00	2.1630937267e-01	-3.1724127315e+00	-2.9732640846e+00	-1.9914864684e-01
0.1038            	-1.3872224564e+00	2.1635703366e-01	-3.1727825672e+00	-2.9736137400e+00	-1.9916882723e-01
0.104             	-1.3872491838e+00	2.1642304703e-01	-3.1730240138e+00	-2.9737611907e+00	-1.9926282309e-01
0.1042            	-1.3870913523e+00	2.1638011650e-01	-3.1728601431e+00	-2.9735214238e+00	-1.9933871927e-01
0.1044            	-1.3877181879e+00	2.1655005232e-01	-3.1739951881e+00	-2.9747157820e+00	-1.9927940619e-01
0.1046            	-1.3887959880e+00	2.1693006664e-01	-3.1758293612e+00	-2.9767106686e+00	-1.9911869261e-01
0.1048            	-1.3901738384e+00	2.1743767740e-01	-3.1782837402e+00	-2.9793157085e+00	-1.9896803166e-01
0.105             	-1.3919865322e+00	2.1824143366e-01	-3.1816659536e+00	-2.9828195090e+00	-1.9884644460e-01
0.1052            	-1.3940691888e+00	2.1902402266e-01	-3.1857884858e+00	-2.9869634317e+00	-1.9882505410e-01
0.1054            	-1.3939533443e+00	2.1923760612e-01	-3.1863710557e+00	-2.9871388721e+00	-1.9923218354e-01
0.1056            	-1.3933078739e+00	2.1917825461e-01	-3.1858888371e+00	-2.9862522925e+00	-1.9963654462e-01
0.1058            	-1.3920108255e+00	2.1916081924e-01	-3.1843952278e+00	-2.9842084394e+00	-2.0018678841e-01
0.106             	-1.3890108045e+00	2.1840772141e-01	-3.1800449876e+00	-2.9790332983e+00	-2.0101168935e-01
0.1062            	-1.3830921930e+00	2.1635813870e-01	-3.1702801550e+00	-2.9682322705e+00	-2.0204788443e-01
0.1064            	-1.3797054503e+00	2.1505200638e-01	-3.1641151420e+00	-2.9617630213e+00	-2.0235212064e-01
0.1066            	-1.3826660504e+00	2.1585935717e-01	-3.1687745195e+00	-2.9670533101e+00	-2.0172120938e-01
0.1068            	-1.3838493417e+00	2.1575164170e-01	-3.1702336698e+00	-2.9689661766e+00	-2.0126749320e-01
0.107             	-1.3833819033e+00	2.1521950546e-01	-3.1690283994e+00	-2.9678961031e+00	-2.0113229639e-01
0.1072            	-1.3843533713e+00	2.1545457154e-01	-3.1707009697e+00	-2.9697038562e+00	-2.0099711356e-01
0.1074            	-1.3855509084e+00	2.1585148722e-01	-3.1731555357e+00	-2.9721286763e+00	-2.0102685941e-01
0.1076            	-1.3871865150e+00	2.1659856024e-01	-3.1764045968e+00	-2.9753888134e+00	-2.0101578343e-01
0.1078            	-1.3867377436e+00	2.1659653317e-01	-3.1765299766e+00	-2.9750027319e+00	-2.0152724470e-01
0.108             	-1.3836584182e+00	2.1579620578e-01	-3.1719701866e+00	-2.9696435115e+00	-2.0232667516e-01
0.1082            	-1.3806818270e+00	2.1525623449e-01	-3.1672106008e+00	-2.9642871274e+00	-2.0292347335e-01
0.1084            	-1.3770259949e+00	2.1421343330e-01	-3.1608763838e+00	-2.9574641867e+00	-2.0341219703e-01
0.1086            	-1.3736685603e+00	2.1325618706e-01	-3.1547970921e+00	-2.9510671063e+00	-2.0372998579e-01
0.1088            	-1.3792382994e+00	2.1495267283e-01	-3.1635622505e+00	-2.9610194247e+00	-2.0254282583e-01
0.109             	-1.3855703767e+00	2.1653458256e-01	-3.1736157273e+00	-2.9723782404e+00	-2.0123748690e-01
0.1092            	-1.3875160076e+00	2.1692258643e-01	-3.1768334891e+00	-2.9759327522e+00	-2.0090073689e-01
0.1094            	-1.3877068889e+00	2.1724718706e-01	-3.1775559645e+00	-2.9764848712e+00	-2.0107109334e-01
0.1096            	-1.3845037262e+00	2.1649649108e-01	-3.1729504438e+00	-2.9709789481e+00	-2.0197149573e-01
0.1098            	-1.3796680964e+00	2.1531153242e-01	-3.1654451266e+00	-2.9623906596e+00	-2.0305446691e-01
0.11              	-1.3760041483e+00	2.1429170592e-01	-3.1593375265e+00	-2.9556729115e+00	-2.0366461498e-01
0.1102            	-1.3733996411e+00	2.1353919660e-01	-3.1541740506e+00	-2.9504866664e+00	-2.0368738419e-01
0.1104            	-1.3711618839e+00	2.1280450170e-01	-3.1494223106e+00	-2.9458730392e+00	-2.0354927136e-01
0.1106            	-1.3723767955e+00	2.1308795580e-01	-3.1501473285e+00	-2.9474504597e+00	-2.0269686879e-01
0.1108            	-1.3746138966e+00	2.1358365978e-01	-3.1526926366e+00	-2.9509602148e+00	-2.0173242173e-01
0.111             	-1.3769087717e+00	2.1405996952e-01	-3.1556992736e+00	-2.9547584085e+00	-2.0094086507e-01
0.1112            	-1.3778494295e+00	2.1416501262e-01	-3.1566398443e+00	-2.9561693516e+00	-2.0047049264e-01
0.1114            	-1.3773049959e+00	2.1396939790e-01	-3.1553797270e+00	-2.9549948594e+00	-2.0038486758e-01
0.1116            	-1.3761659091e+00	2.1357925269e-01	-3.1534486228e+00	-2.9528902205e+00	-2.0055840235e-01
0.1118            	-1.3754735400e+00	2.1332108281e-01	-3.1521664265e+00	-2.9515567533e+00	-2.0060967322e-01
0.112             	-1.3750691818e+00	2.1309045280e-01	-3.1512050464e+00	-2.9506717050e+00	-2.0053334137e-01
0.1122            	-1.3747115915e+00	2.1285473762e-01	-3.1502709395e+00	-2.9498470613e+00	-2.0042387820e-01
0.1124            	-1.3748373852e+00	2.1281060625e-01	-3.1500468364e+00	-2.9498608034e+00	-2.0018603300e-01
0.1126            	-1.3755825522e+00	2.1298929166e-01	-3.1509357648e+00	-2.9510504345e+00	-1.9988533024e-01
0.1128            	-1.3768472923e+00	2.1344137272e-01	-3.1526326886e+00	-2.9531636366e+00	-1.9946905199e-01
0.113             	-1.3774300665e+00	2.1366670025e-01	-3.1535117558e+00	-2.9541859444e+00	-1.9932581136e-01
0.1132            	-1.3774300004e+00	2.1377873792e-01	-3.1533841545e+00	-2.9541220777e+00	-1.9926207689e-01
0.1134            	-1.3768139590e+00	2.1365349714e-01	-3.1522505528e+00	-2.9529392354e+00	-1.9931131744e-01
0.1136            	-1.3761310001e+00	2.1348286691e-01	-3.1510704520e+00	-2.9516662261e+00	-1.9940422584e-01
0.1138            	-1.3755391774e+00	2.1328212428e-01	-3.1499445323e+00	-2.9505114435e+00	-1.9943308874e-01
0.114             	-1.3749120742e+00	2.1308223557e-01	-3.1486363197e+00	-2.9492302341e+00	-1.9940608569e-01
0.1142            	-1.3742701877e+00	2.1287716372e-01	-3.1472113256e+00	-2.9478758505e+00	-1.9933547505e-01
0.1144            	-1.3737984523e+00	2.1271627077e-01	-3.1460437179e+00	-2.9468203112e+00	-1.9922340663e-01
0.1146            	-1.3734099402e+00	2.1251327152e-01	-3.1452188056e+00	-2.9460193431e+00	-1.9919946258e-01
0.1148            	-1.3738279888e+00	2.1258031526e-01	-3.1457337376e+00	-2.9466948576e+00	-1.9903887999e-01
0.115             	-1.3745327421e+00	2.1269432829e-01	-3.1467435360e+00	-2.9479045101e+00	-1.9883902587e-01
0.1152            	-1.3749552480e+00	2.1281356854e-01	-3.1472237247e+00	-2.9485671103e+00	-1.9865661431e-01
0.1154            	-1.3747075062e+00	2.1277358609e-01	-3.1468276609e+00	-2.9481213366e+00	-1.9870632425e-01
0.1156            	-1.3738372938e+00	2.1253089080e-01	-3.1455612974e+00	-2.9466179425e+00	-1.9894335495e-01
0.1158            	-1.3731349060e+00	2.1229227036e-01	-3.1444746359e+00	-2.9453722239e+00	-1.9910241198e-01
0.116             	-1.3733176539e+00	2.1236546435e-01	-3.1447094903e+00	-2.9456723990e+00	-1.9903709125e-01
0.1162            	-1.3742773316e+00	2.1264662339e-01	-3.1461618226e+00	-2.9473582429e+00	-1.9880357970e-01
0.1164            	-1.3753816764e+00	2.1302805323e-01	-3.1479567146e+00	-2.9493600337e+00	-1.9859668089e-01
0.1166            	-1.3757720622e+00	2.1317579588e-01	-3.1486191615e+00	-2.9500816429e+00	-1.9853751858e-01
0.1168            	-1.3764643681e+00	2.1351979886e-01	-3.1499596844e+00	-2.9514442103e+00	-1.9851547405e-01
0.117             	-1.3756303883e+00	2.1318825217e-01	-3.1489055578e+00	-2.9500831673e+00	-1.9882239056e-01
0.1172            	-1.3739802110e+00	2.1270321296e-01	-3.1465621902e+00	-2.9472613061e+00	-1.9930088414e-01
0.1174            	-1.3756990353e+00	2.1327901220e-01	-3.1500153813e+00	-2.9507067260e+00	-1.9930865534e-01
0.1176            	-1.3741543581e+00	2.1258891244e-01	-3.1475565879e+00	-2.9479326521e+00	-1.9962393578e-01
0.1178            	-1.3725443613e+00	2.1215618753e-01	-3.1450614097e+00	-2.9450750661e+00	-1.9998634360e-01
0.118             	-1.3718757283e+00	2.1200905859e-01	-3.1445449640e+00	-2.9441482103e+00	-2.0039675376e-01
0.1182            	-1.3708629914e+00	2.1167812038e-01	-3.1432363802e+00	-2.9424811815e+00	-2.0075519868e-01
0.1184            	-1.3707012441e+00	2.1155028206e-01	-3.1431593629e+00	-2.9422809255e+00	-2.0087843738e-01
0.1186            	-1.3713032075e+00	2.1181592667e-01	-3.1442403146e+00	-2.9434233648e+00	-2.0081694980e-01
0.1188            	-1.3709749086e+00	2.1189888551e-01	-3.1436872985e+00	-2.9428185578e+00	-2.0086874063e-01
0.119             	-1.3680740526e+00	2.1126052317e-01	-3.1390455293e+00	-2.9375968172e+00	-2.0144871210e-01
0.1192            	-1.3643263330e+00	2.1032933868e-01	-3.1326898912e+00	-2.9306712786e+00	-2.0201861261e-01
0.1194            	-1.3645194341e+00	2.1051602503e-01	-3.1325016946e+00	-2.9307702814e+00	-2.0173141325e-01
0.1196            	-1.3661785456e+00	2.1100249198e-01	-3.1343762476e+00	-2.9333666694e+00	-2.0100957818e-01
0.1198            	-1.3674148153e+00	2.1144282187e-01	-3.1355967129e+00	-2.9352131718e+00	-2.0038354116e-01
0.12              	-1.3679460840e+00	2.1167551458e-01	-3.1360664429e+00	-2.9359793054e+00	-2.0008713744e-01
0.1202            	-1.3678531530e+00	2.1182187909e-01	-3.1353059237e+00	-2.9355061148e+00	-1.9979980887e-01
0.1204            	-1.3670276664e+00	2.1160038874e-01	-3.1335571434e+00	-2.9338062381e+00	-1.9975090534e-01
0.1206            	-1.3660168722e+00	2.1132614647e-01	-3.1315308627e+00	-2.9317823036e+00	-1.9974855911e-01
0.1208            	-1.3655793283e+00	2.1118893254e-01	-3.1304815318e+00	-2.9308200942e+00	-1.9966143761e-01
0.121             	-1.3653825403e+00	2.1107557293e-01	-3.1298405808e+00	-2.9303028307e+00	-1.9953775011e-01
0.1212            	-1.3648930698e+00	2.1080903657e-01	-3.1286732402e+00	-2.9292296900e+00	-1.9944355027e-01
0.1214            	-1.3643869282e+00	2.1054511184e-01	-3.1274533795e+00	-2.9281136179e+00	-1.9933976155e-01
0.1216            	-1.3642957212e+00	2.1042310221e-01	-3.1268886254e+00	-2.9277400339e+00	-1.9914859147e-01
0.1218            	-1.3641893693e+00	2.1033191381e-01	-3.1263695206e+00	-2.9273741296e+00	-1.9899539104e-01
0.122             	-1.3641514296e+00	2.1028858673e-01	-3.1260453118e+00	-2.9271740855e+00	-1.9887122624e-01
0.1222            	-1.3645450664e+00	2.1039393751e-01	-3.1266523406e+00	-2.9278712367e+00	-1.9878110395e-01
0.1224            	-1.3650677775e+00	2.1045827819e-01	-3.1275091272e+00	-2.9288223411e+00	-1.9868678608e-01
0.1226            	-1.3654990953e+00	2.1053532751e-01	-3.1281938660e+00	-2.9295960283e+00	-1.9859783767e-01
0.1228            	-1.3655405723e+00	2.1046312487e-01	-3.1282150471e+00	-2.9296480958e+00	-1.9856695129e-01
0.123             	-1.3658070793e+00	2.1059634343e-01	-3.1285925359e+00	-2.9301033473e+00	-1.9848918864e-01
0.1232            	-1.3648353567e+00	2.1037657595e-01	-3.1269226544e+00	-2.9282966839e+00	-1.9862597047e-01
0.1234            	-1.3634543777e+00	2.1015468160e-01	-3.1245057784e+00	-2.9257072669e+00	-1.9879851152e-01
0.1236            	-1.3630341088e+00	2.1017101183e-01	-3.1234587544e+00	-2.9247634860e+00	-1.9869526844e-01
0.1238            	-1.3637298296e+00	2.1053419503e-01	-3.1241409265e+00	-2.9258002928e+00	-1.9834063368e-01
0.124             	-1.3637291655e+00	2.1060648746e-01	-3.1237591871e+00	-2.9256087591e+00	-1.9815042805e-01
0.1242            	-1.3633749459e+00	2.1061422785e-01	-3.1230061952e+00	-2.9248780435e+00	-1.9812815164e-01
0.1244            	-1.3637345967e+00	2.1076869967e-01	-3.1236266987e+00	-2.9255479461e+00	-1.9807875262e-01
0.1246            	-1.3644500655e+00	2.1079704339e-01	-3.1247933176e+00	-2.9268467243e+00	-1.9794659328e-01
0.1248            	-1.3648162793e+00	2.1078134870e-01	-3.1253400660e+00	-2.9274863123e+00	-1.9785375364e-01
0.125             	-1.3638004671e+00	2.1040096692e-01	-3.1236347007e+00	-2.9256178175e+00	-1.9801688321e-01
0.1252            	-1.3606604749e+00	2.0937326866e-01	-3.1185902127e+00	-2.9199555813e+00	-1.9863463139e-01
0.1254            	-1.3574481800e+00	2.0840254418e-01	-3.1130488721e+00	-2.9139726160e+00	-1.9907625608e-01
0.1256            	-1.3556819632e+00	2.0781808889e-01	-3.1097425617e+00	-2.9105532440e+00	-1.9918931769e-01
0.1258            	-1.3558858791e+00	2.0777697226e-01	-3.1094941440e+00	-2.9106329511e+00	-1.9886119293e-01
0.126             	-1.3568698673e+00	2.0784094761e-01	-3.1106307940e+00	-2.9121852643e+00	-1.9844552964e-01
0.1262            	-1.3575544257e+00	2.0796769758e-01	-3.1112180991e+00	-2.9131634752e+00	-1.9805462388e-01
0.1264            	-1.3579502821e+00	2.0819506556e-01	-3.1115410447e+00	-2.9137208044e+00	-1.9782024029e-01
0.1266            	-1.3577004903e+00	2.0820152346e-01	-3.1110656155e+00	-2.9132332981e+00	-1.9783231747e-01
0.1268            	-1.3574029452e+00	2.0821284558e-01	-3.1106316084e+00	-2.9127187494e+00	-1.9791285904e-01
0.127             	-1.3572142507e+00	2.0815350283e-01	-3.1104219121e+00	-2.9124252067e+00	-1.9799670536e-01
0.1272            	-1.3578875479e+00	2.0835659671e-01	-3.1115979986e+00	-2.9136865472e+00	-1.9791145140e-01
0.1274            	-1.3590842299e+00	2.0872737082e-01	-3.1135962659e+00	-2.9158823628e+00	-1.9771390306e-01
0.1276            	-1.3595700306e+00	2.0890453891e-01	-3.1144468414e+00	-2.9167934513e+00	-1.9765339010e-01
0.1278            	-1.3588817014e+00	2.0878508440e-01	-3.1133010127e+00	-2.9155322077e+00	-1.9776880497e-01
0.128             	-1.3574507788e+00	2.0842798480e-01	-3.1108938004e+00	-2.9128976790e+00	-1.9799612135e-01
0.1282            	-1.3556297818e+00	2.0799441649e-01	-3.1077160327e+00	-2.9094877981e+00	-1.9822823456e-01
0.1284            	-1.3542924227e+00	2.0760804588e-01	-3.1052070950e+00	-2.9068959702e+00	-1.9831112481e-01
0.1286            	-1.3532187313e+00	2.0727369252e-01	-3.1031055241e+00	-2.9047714934e+00	-1.9833403069e-01
0.1288            	-1.3522312134e+00	2.0695265226e-01	-3.1009199343e+00	-2.9026911806e+00	-1.9822875372e-01
0.129             	-1.3518971047e+00	2.0679761982e-01	-3.0999885834e+00	-2.9018913964e+00	-1.9809718702e-01
0.1292            	-1.3522205371e+00	2.0673858429e-01	-3.1002856279e+00	-2.9023633511e+00	-1.9792227680e-01
0.1294            	-1.3526058629e+00	2.0671413784e-01	-3.1007652306e+00	-2.9029884782e+00	-1.9777675233e-01
0.1296            	-1.3531248939e+00	2.0669011350e-01	-3.1016751392e+00	-2.9039624636e+00	-1.9771267568e-01
0.1298            	-1.3537864049e+00	2.0675636147e-01	-3.1028587254e+00	-2.9052157676e+00	-1.9764295774e-01
0.13              	-1.3540625959e+00	2.0673157522e-01	-3.1034979092e+00	-2.9058115505e+00	-1.9768635871e-01
0.1302            	-1.3539845358e+00	2.0674705282e-01	-3.1034658663e+00	-2.9057174689e+00	-1.9774839737e-01
0.1304            	-1.3537607773e+00	2.0676956001e-01	-3.1032483647e+00	-2.9053849597e+00	-1.9786340505e-01
0.1306            	-1.3538530377e+00	2.0690804481e-01	-3.1035711684e+00	-2.9056386219e+00	-1.9793254653e-01
0.1308            	-1.3548055852e+00	2.0733538954e-01	-3.1052521424e+00	-2.9074316564e+00	-1.9782048604e-01
0.131             	-1.3569394136e+00	2.0809844430e-01	-3.1093240291e+00	-2.9116014282e+00	-1.9772260098e-01
0.1312            	-1.3554528134e+00	2.0778981817e-01	-3.1073180647e+00	-2.9091118457e+00	-1.9820621896e-01
0.1314            	-1.3538673561e+00	2.0741774937e-01	-3.1050787019e+00	-2.9064067070e+00	-1.9867199489e-01
0.1316            	-1.3535574556e+00	2.0750914476e-01	-3.1048461290e+00	-2.9059805201e+00	-1.9886560890e-01
0.1318            	-1.3533010863e+00	2.0747928622e-01	-3.1047771568e+00	-2.9056896647e+00	-1.9908749205e-01
0.132             	-1.3538578547e+00	2.0773113370e-01	-3.1061514093e+00	-2.9069335594e+00	-1.9921784996e-01
0.1322            	-1.3519907821e+00	2.0709122941e-01	-3.1033220890e+00	-2.9036518266e+00	-1.9967026238e-01
0.1324            	-1.3491375645e+00	2.0630651989e-01	-3.0984742854e+00	-2.8983747072e+00	-2.0009957821e-01
0.1326            	-1.3457028328e+00	2.0525809402e-01	-3.0925319847e+00	-2.8919688251e+00	-2.0056315956e-01
0.1328            	-1.3447136647e+00	2.0499256169e-01	-3.0904569357e+00	-2.8899421326e+00	-2.0051480313e-01
0.133             	-1.3449425895e+00	2.0491100121e-01	-3.0903082889e+00	-2.8900967339e+00	-2.0021155495e-01
0.1332            	-1.3458600306e+00	2.0504714740e-01	-3.0912984778e+00	-2.8915092695e+00	-1.9978920829e-01
0.1334            	-1.3470619062e+00	2.0529449244e-01	-3.0929042715e+00	-2.8935140420e+00	-1.9939022953e-01
0.1336            	-1.3477712082e+00	2.0542442096e-01	-3.0937147641e+00	-2.8946285902e+00	-1.9908617392e-01
0.1338            	-1.3480969373e+00	2.0559404027e-01	-3.0940679551e+00	-2.8951309148e+00	-1.9893704028e-01
0.134             	-1.3483564710e+00	2.0564150762e-01	-3.0945535133e+00	-2.8956332277e+00	-1.9892028564e-01
0.1342            	-1.3479407531e+00	2.0551945741e-01	-3.0939017051e+00	-2.8948916057e+00	-1.9901009943e-01
0.1344            	-1.3472489508e+00	2.0536734374e-01	-3.0927470334e+00	-2.8936224675e+00	-1.9912456586e-01
0.1346            	-1.3469266356e+00	2.0528446060e-01	-3.0921629129e+00	-2.8930080921e+00	-1.9915482089e-01
0.1348            	-1.3466555578e+00	2.0519672652e-01	-3.0915501723e+00	-2.8924306439e+00	-1.9911952833e-01
0.135             	-1.3461979918e+00	2.0505957502e-01	-3.0906167359e+00	-2.8915063597e+00	-1.9911037618e-01
0.1352            	-1.3465173565e+00	2.0505926241e-01	-3.0910673500e+00	-2.8920510315e+00	-1.9901631847e-01
0.1354            	-1.3462565290e+00	2.0504162089e-01	-3.0904818380e+00	-2.8914974480e+00	-1.9898439005e-01
0.1356            	-1.3452878532e+00	2.0475290516e-01	-3.0887926374e+00	-2.8896841719e+00	-1.9910846550e-01
0.1358            	-1.3439710903e+00	2.0441212124e-01	-3.0863970836e+00	-2.8871696321e+00	-1.9922745148e-01
0.136             	-1.3428174669e+00	2.0410541938e-01	-3.0842066325e+00	-2.8849207832e+00	-1.9928584931e-01
0.1362            	-1.3420923191e+00	2.0392429082e-01	-3.0826649729e+00	-2.8834248055e+00	-1.9924016733e-01
0.1364            	-1.3414390179e+00	2.0366433129e-01	-3.0812969359e+00	-2.8820874859e+00	-1.9920945002e-01
0.1366            	-1.3411903252e+00	2.0348603016e-01	-3.0805568618e+00	-2.8814687561e+00	-1.9908810572e-01
0.1368            	-1.3410252307e+00	2.0327554597e-01	-3.0799394051e+00	-2.8809949333e+00	-1.9894447186e-01
0.137             	-1.3416044869e+00	2.0339091501e-01	-3.0806962486e+00	-2.8819526112e+00	-1.9874363742e-01
0.1372            	-1.3437175579e+00	2.0401935089e-01	-3.0842584592e+00	-2.8858467874e+00	-1.9841167171e-01
0.1374            	-1.3443482751e+00	2.0418938893e-01	-3.0854653447e+00	-2.8870809474e+00	-1.9838439727e-01
0.1376            	-1.3437041403e+00	2.0399084170e-01	-3.0846928224e+00	-2.8860505515e+00	-1.9864227087e-01
0.1378            	-1.3432833361e+00	2.0404192919e-01	-3.0844291780e+00	-2.8854979251e+00	-1.9893125287e-01
0.138             	-1.3435829491e+00	2.0427893561e-01	-3.0852633588e+00	-2.8862146285e+00	-1.9904873032e-01
0.1382            	-1.3441940882e+00	2.0465726792e-01	-3.0866260822e+00	-2.8875071293e+00	-1.9911895293e-01
0.1384            	-1.3447582357e+00	2.0497972313e-01	-3.0880189369e+00	-2.8887677041e+00	-1.9925123273e-01
0.1386            	-1.3447316341e+00	2.0513874340e-01	-3.0884966089e+00	-2.8889799386e+00	-1.9951667030e-01
0.1388            	-1.3433746091e+00	2.0485302535e-01	-3.0865353651e+00	-2.8866422917e+00	-1.9989307349e-01
0.139             	-1.3416996958e+00	2.0450107116e-01	-3.0839959255e+00	-2.8836976586e+00	-2.0029826691e-01
0.1392            	-1.3404164102e+00	2.0424134149e-01	-3.0818796132e+00	-2.8813562168e+00	-2.0052339642e-01
0.1394            	-1.3388781548e+00	2.0380724503e-01	-3.0792546090e+00	-2.8785054593e+00	-2.0074914973e-01
0.1396            	-1.3368361137e+00	2.0307818629e-01	-3.0756747647e+00	-2.8746734961e+00	-2.0100126861e-01
0.1398            	-1.3350270919e+00	2.0239910781e-01	-3.0723104881e+00	-2.8711823359e+00	-2.0112815217e-01
0.14              	-1.3351224160e+00	2.0232174429e-01	-3.0719696858e+00	-2.8711072589e+00	-2.0086242688e-01
0.1402            	-1.3360385235e+00	2.0254257106e-01	-3.0730176439e+00	-2.8725473454e+00	-2.0047029848e-01
0.1404            	-1.3361386018e+00	2.0259888501e-01	-3.0730851639e+00	-2.8726811838e+00	-2.0040398009e-01
0.1406            	-1.3355618219e+00	2.0243313976e-01	-3.0722593018e+00	-2.8716914727e+00	-2.0056782903e-01
0.1408            	-1.3367170862e+00	2.0284208228e-01	-3.0743530637e+00	-2.8738936180e+00	-2.0045944570e-01
0.141             	-1.3378373354e+00	2.0318003740e-01	-3.0762346679e+00	-2.8759546693e+00	-2.0027999858e-01
0.1412            	-1.3367145995e+00	2.0287326912e-01	-3.0745870490e+00	-2.8740081240e+00	-2.0057892501e-01
0.1414            	-1.3332351599e+00	2.0185892491e-01	-3.0689003292e+00	-2.8676853245e+00	-2.0121500464e-01
0.1416            	-1.3303859779e+00	2.0104132460e-01	-3.0639376971e+00	-2.8623548264e+00	-2.0158287070e-01
0.1418            	-1.3299772904e+00	2.0092017714e-01	-3.0626318218e+00	-2.8612932013e+00	-2.0133862050e-01
0.142             	-1.3313925954e+00	2.0136091404e-01	-3.0642556753e+00	-2.8635204330e+00	-2.0073524226e-01
0.1422            	-1.3335664968e+00	2.0209007944e-01	-3.0671463256e+00	-2.8671396596e+00	-2.0000666596e-01
0.1424            	-1.3364042008e+00	2.0307439416e-01	-3.0716510179e+00	-2.8722297098e+00	-1.9942130811e-01
0.1426            	-1.3377426677e+00	2.0354744072e-01	-3.0740244243e+00	-2.8747548798e+00	-1.9926954448e-01
0.1428            	-1.3381014879e+00	2.0369566786e-01	-3.0749942029e+00	-2.8755985893e+00	-1.9939561358e-01
0.143             	-1.3382397284e+00	2.0378965847e-01	-3.0758818565e+00	-2.8761806566e+00	-1.9970119987e-01
0.1432            	-1.3358065038e+00	2.0311791755e-01	-3.0723052844e+00	-2.8719591460e+00	-2.0034613841e-01
0.1434            	-1.3327248606e+00	2.0228866136e-01	-3.0675436252e+00	-2.8664966732e+00	-2.0104695201e-01
0.1436            	-1.3307902753e+00	2.0176367931e-01	-3.0647642528e+00	-2.8631724017e+00	-2.0159185112e-01
0.1438            	-1.3288124259e+00	2.0097106457e-01	-3.0613020161e+00	-2.8594634340e+00	-2.0183858210e-01
0.144             	-1.3288249836e+00	2.0079753738e-01	-3.0610722037e+00	-2.8593610854e+00	-2.0171111826e-01
0.1442            	-1.3293991913e+00	2.0087793720e-01	-3.0617653170e+00	-2.8602818498e+00	-2.0148346723e-01
0.1444            	-1.3282505977e+00	2.0043164510e-01	-3.0597151066e+00	-2.8581081510e+00	-2.0160695561e-01
0.1446            	-1.3257982940e+00	1.9959792309e-01	-3.0554072590e+00	-2.8535019235e+00	-2.0190533554e-01
0.1448            	-1.3238856808e+00	1.9897991909e-01	-3.0519690555e+00	-2.8498702085e+00	-2.0209884694e-01
0.145             	-1.3232018058e+00	1.9868971630e-01	-3.0504237133e+00	-2.8484136625e+00	-2.0201005089e-01
0.1452            	-1.3236490165e+00	1.9875119476e-01	-3.0507058206e+00	-2.8490019267e+00	-2.0170389381e-01
0.1454            	-1.3246999900e+00	1.9906856729e-01	-3.0517939754e+00	-2.8505969777e+00	-2.0119699771e-01
0.1456            	-1.3259305919e+00	1.9949886653e-01	-3.0534255189e+00	-2.8526433514e+00	-2.0078216757e-01
0.1458            	-1.3272366576e+00	2.0000584451e-01	-3.0553878748e+00	-2.8549305950e+00	-2.0045727977e-01
0.146             	-1.3289331389e+00	2.0069712436e-01	-3.0581398075e+00	-2.8580030426e+00	-2.0013676485e-01
0.1462            	-1.3308066219e+00	2.0142182942e-01	-3.0613368580e+00	-2.8614750509e+00	-1.9986180710e-01
0.1464            	-1.3320029674e+00	2.0197957312e-01	-3.0636084200e+00	-2.8638071774e+00	-1.9980124256e-01
0.1466            	-1.3316717291e+00	2.0213363335e-01	-3.0635324050e+00	-2.8634379316e+00	-2.0009447340e-01
0.1468            	-1.3295016800e+00	2.0160220339e-01	-3.0605180630e+00	-2.8597607115e+00	-2.0075735151e-01
0.147             	-1.3271431207e+00	2.0095826327e-01	-3.0570463970e+00	-2.8556663192e+00	-2.0138007776e-01
0.1472            	-1.3250429305e+00	2.0026490377e-01	-3.0537461202e+00	-2.8519159906e+00	-2.0183012960e-01
0.1474            	-1.3235528460e+00	1.9977156573e-01	-3.0512420689e+00	-2.8491738804e+00	-2.0206818850e-01
0.1476            	-1.3221277754e+00	1.9921284498e-01	-3.0486912704e+00	-2.8464734106e+00	-2.0221785981e-01
0.1478            	-1.3206311957e+00	1.9852667843e-01	-3.0458760392e+00	-2.8435692153e+00	-2.0230682390e-01
0.148             	-1.3195294161e+00	1.9808815743e-01	-3.0435126817e+00	-2.8412857569e+00	-2.0222692478e-01
0.1482            	-1.3201531627e+00	1.9830112143e-01	-3.0442057505e+00	-2.8422560380e+00	-2.0194971254e-01
0.1484            	-1.3195295737e+00	1.9808807534e-01	-3.0428136911e+00	-2.8409364193e+00	-2.0187727182e-01
0.1486            	-1.3190548390e+00	1.9803109943e-01	-3.0417083587e+00	-2.8399090184e+00	-2.0179934034e-01
0.1488            	-1.3194527091e+00	1.9826399387e-01	-3.0420291821e+00	-2.8404673001e+00	-2.0156188198e-01
0.149             	-1.3199624311e+00	1.9852735738e-01	-3.0424917863e+00	-2.8412083242e+00	-2.0128346207e-01
0.1492            	-1.3205589721e+00	1.9881208162e-01	-3.0432593316e+00	-2.8421886379e+00	-2.0107069372e-01
0.1494            	-1.3208432432e+00	1.9899085948e-01	-3.0435372639e+00	-2.8426118751e+00	-2.0092538873e-01
0.1496            	-1.3202394808e+00	1.9884411745e-01	-3.0423449343e+00	-2.8414119480e+00	-2.0093298637e-01
0.1498            	-1.3184990389e+00	1.9834193736e-01	-3.0390859913e+00	-2.8380420346e+00	-2.0104395674e-01
0.15              	-1.3182325089e+00	1.9834809359e-01	-3.0384029063e+00	-2.8374339621e+00	-2.0096894418e-01
0.1502            	-1.3186500074e+00	1.9854887992e-01	-3.0388539791e+00	-2.8380769970e+00	-2.0077698213e-01
0.1504            	-1.3192953616e+00	1.9880253503e-01	-3.0398751386e+00	-2.8392329309e+00	-2.0064220770e-01
0.1506            	-1.3196115233e+00	1.9894172927e-01	-3.0404492620e+00	-2.8398361543e+00	-2.0061310770e-01
0.1508            	-1.3197788220e+00	1.9897381217e-01	-3.0407847563e+00	-2.8401712002e+00	-2.0061355613e-01
0.151             	-1.3195210011e+00	1.9890583784e-01	-3.0406634336e+00	-2.8398527179e+00	-2.0081071569e-01
0.1512            	-1.3177863756e+00	1.9838693856e-01	-3.0378212497e+00	-2.8366970005e+00	-2.0112424927e-01
0.1514            	-1.3158035219e+00	1.9782497059e-01	-3.0344930914e+00	-2.8330500676e+00	-2.0144302374e-01
0.1516            	-1.3147556002e+00	1.9756608306e-01	-3.0327390885e+00	-2.8311251444e+00	-2.0161394405e-01
0.1518            	-1.3150984348e+00	1.9768907390e-01	-3.0332733218e+00	-2.8317350957e+00	-2.0153822606e-01
0.152             	-1.3162153840e+00	1.9797244976e-01	-3.0351313774e+00	-2.8337810727e+00	-2.0135030472e-01
0.1522            	-1.3167875682e+00	1.9807716987e-01	-3.0361754452e+00	-2.8348752908e+00	-2.0130015445e-01
0.1524            	-1.3170783435e+00	1.9817664267e-01	-3.0369157448e+00	-2.8355362159e+00	-2.0137952892e-01
0.1526            	-1.3171813658e+00	1.9831498685e-01	-3.0373999334e+00	-2.8358813325e+00	-2.0151860088e-01
0.1528            	-1.3162493589e+00	1.9813391692e-01	-3.0361091992e+00	-2.8343039586e+00	-2.0180524069e-01
0.153             	-1.3132410526e+00	1.9730551862e-01	-3.0311429370e+00	-2.8288125211e+00	-2.0233041591e-01
0.1532            	-1.3102190279e+00	1.9651087852e-01	-3.0259818636e+00	-2.8232099597e+00	-2.0277190394e-01
0.1534            	-1.3091916039e+00	1.9626715059e-01	-3.0238712359e+00	-2.8211272218e+00	-2.0274401404e-01
0.1536            	-1.3095814761e+00	1.9637518323e-01	-3.0238973676e+00	-2.8215301599e+00	-2.0236720764e-01
0.1538            	-1.3104608309e+00	1.9664788534e-01	-3.0247413147e+00	-2.8228314883e+00	-2.0190982639e-01
0.154             	-1.3115229970e+00	1.9703665051e-01	-3.0259418763e+00	-2.8244939352e+00	-2.0144794112e-01
0.1542            	-1.3127075469e+00	1.9745970687e-01	-3.0276611509e+00	-2.8265381223e+00	-2.0112302858e-01
0.1544            	-1.3132498770e+00	1.9766760852e-01	-3.0285316596e+00	-2.8275157068e+00	-2.0101595285e-01
0.1546            	-1.3119460103e+00	1.9722904607e-01	-3.0264654625e+00	-2.8251787415e+00	-2.0128672098e-01
0.1548            	-1.3099220229e+00	1.9659669703e-01	-3.0230481196e+00	-2.8214460827e+00	-2.0160203689e-01
0.155             	-1.3080069816e+00	1.9600241615e-01	-3.0195177305e+00	-2.8177658468e+00	-2.0175188360e-01
0.1552            	-1.3069811104e+00	1.9570355874e-01	-3.0173826104e+00	-2.8156724156e+00	-2.0171019476e-01
0.1554            	-1.3062131529e+00	1.9540389307e-01	-3.0156222173e+00	-2.8140242615e+00	-2.0159795575e-01
0.1556            	-1.3056828884e+00	1.9516749206e-01	-3.0141010204e+00	-2.8127333986e+00	-2.0136762179e-01
0.1558            	-1.3057595320e+00	1.9510168337e-01	-3.0137408945e+00	-2.8126299792e+00	-2.0111091532e-01
0.156             	-1.3053514741e+00	1.9478922711e-01	-3.0127326114e+00	-2.8117177798e+00	-2.0101483160e-01
0.1562            	-1.3049413200e+00	1.9456342303e-01	-3.0115688007e+00	-2.8107257204e+00	-2.0084308033e-01
0.1564            	-1.3046613431e+00	1.9448407308e-01	-3.0108460982e+00	-2.8100843922e+00	-2.0076170598e-01
0.1566            	-1.3051122921e+00	1.9470369286e-01	-3.0116052242e+00	-2.8109149042e+00	-2.0069031997e-01
0.1568            	-1.3062573631e+00	1.9504884898e-01	-3.0135708419e+00	-2.8130427841e+00	-2.0052805779e-01
0.157             	-1.3066582238e+00	1.9517185706e-01	-3.0142203224e+00	-2.8137683850e+00	-2.0045193735e-01
0.1572            	-1.3070113808e+00	1.9540776211e-01	-3.0150729122e+00	-2.8145478369e+00	-2.0052507527e-01
0.1574            	-1.3076527233e+00	1.9586239276e-01	-3.0163266809e+00	-2.8158160637e+00	-2.0051061717e-01
0.1576            	-1.3083304126e+00	1.9634249256e-01	-3.0179293283e+00	-2.8172950768e+00	-2.0063425154e-01
0.1578            	-1.3079299978e+00	1.9645744585e-01	-3.0176394176e+00	-2.8167497066e+00	-2.0088971101e-01
0.158             	-1.3061276413e+00	1.9608681339e-01	-3.0148929559e+00	-2.8135741192e+00	-2.0131883664e-01
0.1582            	-1.3048170012e+00	1.9589268843e-01	-3.0128486837e+00	-2.8112413430e+00	-2.0160734070e-01
0.1584            	-1.3033956711e+00	1.9555355196e-01	-3.0102407235e+00	-2.8085160328e+00	-2.0172469068e-01
0.1586            	-1.3016865964e+00	1.9509394374e-01	-3.0069223261e+00	-2.8051477594e+00	-2.0177456670e-01
0.1588            	-1.3004127497e+00	1.9473725155e-01	-3.0042215238e+00	-2.8025235116e+00	-2.0169801219e-01
0.159             	-1.3005331960e+00	1.9475931310e-01	-3.0038939248e+00	-2.8024801584e+00	-2.0141376635e-01
0.1592            	-1.3003967245e+00	1.9456266868e-01	-3.0032793033e+00	-2.8020363762e+00	-2.0124292709e-01
0.1594            	-1.2999207453e+00	1.9427974002e-01	-3.0021644926e+00	-2.8010029916e+00	-2.0116150093e-01
0.1596            	-1.2996265280e+00	1.9404398369e-01	-3.0014904077e+00	-2.8003717318e+00	-2.0111867585e-01
0.1598            	-1.2991962823e+00	1.9375042019e-01	-3.0005713280e+00	-2.7994819463e+00	-2.0108938165e-01
0.16              	-1.2988865795e+00	1.9348273183e-01	-2.9999263951e+00	-2.7988497771e+00	-2.0107661802e-01
0.1602            	-1.2983362581e+00	1.9323289561e-01	-2.9987099171e+00	-2.7976912166e+00	-2.0101870050e-01
0.1604            	-1.2970077441e+00	1.9272894566e-01	-2.9962244270e+00	-2.7951199576e+00	-2.0110446944e-01
0.1606            	-1.2958101032e+00	1.9237611611e-01	-2.9938519985e+00	-2.7927361025e+00	-2.0111589598e-01
0.1608            	-1.2956328825e+00	1.9243769207e-01	-2.9932837485e+00	-2.7922747567e+00	-2.0100899172e-01
0.161             	-1.2960757830e+00	1.9270960090e-01	-2.9938157601e+00	-2.7929836630e+00	-2.0083209708e-01
0.1612            	-1.2963475298e+00	1.9285027470e-01	-2.9943347226e+00	-2.7935148911e+00	-2.0081983150e-01
0.1614            	-1.2951756380e+00	1.9235050330e-01	-2.9925783123e+00	-2.7914647941e+00	-2.0111351816e-01
0.1616            	-1.2941944759e+00	1.9183217378e-01	-2.9907676078e+00	-2.7895782798e+00	-2.0118932799e-01
0.1618            	-1.2953601541e+00	1.9221045164e-01	-2.9923785846e+00	-2.7915494463e+00	-2.0082913821e-01
0.162             	-1.2975038814e+00	1.9299597348e-01	-2.9959641891e+00	-2.7954859760e+00	-2.0047821311e-01
0.1622            	-1.2985613124e+00	1.9350616610e-01	-2.9979565556e+00	-2.7975395903e+00	-2.0041696538e-01
0.1624            	-1.2982584812e+00	1.9359644956e-01	-2.9978016446e+00	-2.7971593035e+00	-2.0064234114e-01
0.1626            	-1.2972206685e+00	1.9347735244e-01	-2.9962782500e+00	-2.7953597935e+00	-2.0091845650e-01
0.1628            	-1.2944675748e+00	1.9274216017e-01	-2.9917094005e+00	-2.7903222751e+00	-2.0138712538e-01
0.163             	-1.2917730778e+00	1.9204411137e-01	-2.9867863032e+00	-2.7851662294e+00	-2.0162007387e-01
0.1632            	-1.2908758554e+00	1.9192817814e-01	-2.9846851130e+00	-2.7832184119e+00	-2.0146670107e-01
0.1634            	-1.2905544450e+00	1.9193652730e-01	-2.9834851174e+00	-2.7822970038e+00	-2.0118811367e-01
0.1636            	-1.2908334849e+00	1.9207882837e-01	-2.9835766118e+00	-2.7826217909e+00	-2.0095482099e-01
0.1638            	-1.2898732373e+00	1.9152558358e-01	-2.9815313108e+00	-2.7806388927e+00	-2.0089241810e-01
0.164             	-1.2878764927e+00	1.9057443902e-01	-2.9774628800e+00	-2.7766079327e+00	-2.0085494727e-01
0.1642            	-1.2876848559e+00	1.9031055803e-01	-2.9763896832e+00	-2.7758796975e+00	-2.0050998570e-01
0.1644            	-1.2893877309e+00	1.9082862001e-01	-2.9787880118e+00	-2.7787817368e+00	-2.0000627499e-01
0.1646            	-1.2907189963e+00	1.9117940503e-01	-2.9810623797e+00	-2.7812501862e+00	-1.9981219357e-01
0.1648            	-1.2906554022e+00	1.9114443166e-01	-2.9810434487e+00	-2.7811771266e+00	-1.9986632211e-01
0.165             	-1.2904000989e+00	1.9114872821e-01	-2.9807058879e+00	-2.7807530429e+00	-1.9995284503e-01
0.1652            	-1.2908019547e+00	1.9145854133e-01	-2.9815102691e+00	-2.7815570892e+00	-1.9995317989e-01
0.1654            	-1.2908632002e+00	1.9168764779e-01	-2.9817310419e+00	-2.7817287211e+00	-2.0000232074e-01
0.1656            	-1.2886137515e+00	1.9121112480e-01	-2.9779559551e+00	-2.7775917291e+00	-2.0036422601e-01
0.1658            	-1.2865622552e+00	1.9085379024e-01	-2.9743991548e+00	-2.7737618326e+00	-2.0063732225e-01
0.166             	-1.2866777423e+00	1.9107364694e-01	-2.9744755033e+00	-2.7739154939e+00	-2.0056000938e-01
0.1662            	-1.2864344522e+00	1.9086991234e-01	-2.9737716183e+00	-2.7733202613e+00	-2.0045135697e-01
0.1664            	-1.2859109388e+00	1.9057120244e-01	-2.9724460548e+00	-2.7721339662e+00	-2.0031208866e-01
0.1666            	-1.2867135591e+00	1.9083042108e-01	-2.9734620904e+00	-2.7734446043e+00	-2.0001748606e-01
0.1668            	-1.2880131609e+00	1.9126949405e-01	-2.9755371351e+00	-2.7757817285e+00	-1.9975540666e-01
0.167             	-1.2881919686e+00	1.9135058719e-01	-2.9758524870e+00	-2.7761182121e+00	-1.9973427489e-01
0.1672            	-1.2872474996e+00	1.9112178757e-01	-2.9743433145e+00	-2.7744191568e+00	-1.9992415770e-01
0.1674            	-1.2858744934e+00	1.9082153080e-01	-2.9720536486e+00	-2.7719013177e+00	-2.0015233093e-01
0.1676            	-1.2848918125e+00	1.9068470729e-01	-2.9703492138e+00	-2.7700664194e+00	-2.0028279439e-01
0.1678            	-1.2836514432e+00	1.9046400464e-01	-2.9679500877e+00	-2.7676264870e+00	-2.0032360066e-01
0.168             	-1.2836317272e+00	1.9074320689e-01	-2.9676155878e+00	-2.7674395211e+00	-2.0017606671e-01
0.1682            	-1.2821104932e+00	1.9043593090e-01	-2.9644207037e+00	-2.7643208451e+00	-2.0009985858e-01
0.1684            	-1.2786818344e+00	1.8946162039e-01	-2.9578851553e+00	-2.7576244120e+00	-2.0026074324e-01
0.1686            	-1.2763219388e+00	1.8878403787e-01	-2.9530338930e+00	-2.7528388853e+00	-2.0019500769e-01
0.1688            	-1.2761201888e+00	1.8859679352e-01	-2.9516819310e+00	-2.7519611543e+00	-1.9972077670e-01
0.169             	-1.2751137650e+00	1.8797974168e-01	-2.9491262631e+00	-2.7496768966e+00	-1.9944936653e-01
0.1692            	-1.2751375019e+00	1.8770990730e-01	-2.9483560903e+00	-2.7493155471e+00	-1.9904054322e-01
0.1694            	-1.2811445129e+00	1.8929097288e-01	-2.9583538607e+00	-2.7603214433e+00	-1.9803241741e-01
0.1696            	-1.2821027465e+00	1.8916854661e-01	-2.9597426473e+00	-2.7619740702e+00	-1.9776857712e-01
0.1698            	-1.2810858016e+00	1.8880136265e-01	-2.9581709739e+00	-2.7601712886e+00	-1.9799968534e-01
0.17              	-1.2800477653e+00	1.8871116789e-01	-2.9567423982e+00	-2.7584189644e+00	-1.9832343379e-01
0.1702            	-1.2789389719e+00	1.8869844658e-01	-2.9553936075e+00	-2.7566357756e+00	-1.9875783187e-01
0.1704            	-1.2767673868e+00	1.8821829432e-01	-2.9522202858e+00	-2.7528775297e+00	-1.9934275609e-01
0.1706            	-1.2740939677e+00	1.8747259163e-01	-2.9478620502e+00	-2.7480249928e+00	-1.9983705741e-01
0.1708            	-1.2717108123e+00	1.8668243433e-01	-2.9437189409e+00	-2.7435702828e+00	-2.0014865818e-01
0.171             	-1.2714238438e+00	1.8650465420e-01	-2.9427002952e+00	-2.7427739914e+00	-1.9992630380e-01
0.1712            	-1.2729482818e+00	1.8694361186e-01	-2.9445414544e+00	-2.7452190091e+00	-1.9932244536e-01
0.1714            	-1.2741540121e+00	1.8735384596e-01	-2.9459104238e+00	-2.7471092241e+00	-1.9880119977e-01
0.1716            	-1.2748835538e+00	1.8765550061e-01	-2.9468174399e+00	-2.7482922738e+00	-1.9852516614e-01
0.1718            	-1.2752184449e+00	1.8788551231e-01	-2.9472120320e+00	-2.7488244609e+00	-1.9838757114e-01
0.172             	-1.2751319319e+00	1.8802609888e-01	-2.9469036885e+00	-2.7485837762e+00	-1.9831991234e-01
0.1722            	-1.2762073389e+00	1.8864058122e-01	-2.9486913929e+00	-2.7505530354e+00	-1.9813835751e-01
0.1724            	-1.2767678663e+00	1.8899637961e-01	-2.9497278317e+00	-2.7516317822e+00	-1.9809604954e-01
0.1726            	-1.2773958817e+00	1.8939114254e-01	-2.9509373089e+00	-2.7528645362e+00	-1.9807277278e-01
0.1728            	-1.2775713647e+00	1.8948795619e-01	-2.9515805626e+00	-2.7533616460e+00	-1.9821891655e-01
0.173             	-1.2770205065e+00	1.8934823845e-01	-2.9509681176e+00	-2.7525045653e+00	-1.9846355228e-01
0.1732            	-1.2752705629e+00	1.8882460429e-01	-2.9483032923e+00	-2.7494222090e+00	-1.9888108329e-01
0.1734            	-1.2728521330e+00	1.8799503233e-01	-2.9445030428e+00	-2.7451036544e+00	-1.9939938837e-01
0.1736            	-1.2690638769e+00	1.8665108243e-01	-2.9381918429e+00	-2.7381597983e+00	-2.0003204455e-01
0.1738            	-1.2675687136e+00	1.8617460589e-01	-2.9355333351e+00	-2.7353353811e+00	-2.0019795398e-01
0.174             	-1.2671995378e+00	1.8598183011e-01	-2.9344504403e+00	-2.7344247580e+00	-2.0002568237e-01
0.1742            	-1.2684350532e+00	1.8639529957e-01	-2.9362371228e+00	-2.7365536146e+00	-1.9968350823e-01
0.1744            	-1.2702589409e+00	1.8698991070e-01	-2.9394037448e+00	-2.7399608133e+00	-1.9944293149e-01
0.1746            	-1.2702784275e+00	1.8701671401e-01	-2.9396943086e+00	-2.7401255818e+00	-1.9956872683e-01
0.1748            	-1.2684191807e+00	1.8651325802e-01	-2.9369868757e+00	-2.7369126185e+00	-2.0007425715e-01
0.175             	-1.2673104515e+00	1.8634648716e-01	-2.9356254210e+00	-2.7351231620e+00	-2.0050225900e-01
0.1752            	-1.2653374010e+00	1.8579786895e-01	-2.9326771960e+00	-2.7316759990e+00	-2.0100119697e-01
0.1754            	-1.2631513673e+00	1.8521080946e-01	-2.9291079667e+00	-2.7277053506e+00	-2.0140261606e-01
0.1756            	-1.2617529001e+00	1.8483887448e-01	-2.9264455979e+00	-2.7249756990e+00	-2.0146989887e-01
0.1758            	-1.2607206407e+00	1.8461666868e-01	-2.9239259676e+00	-2.7226836245e+00	-2.0124234311e-01
0.176             	-1.2610916602e+00	1.8486551783e-01	-2.9238155528e+00	-2.7229994366e+00	-2.0081611619e-01
0.1762            	-1.2631485315e+00	1.8558929792e-01	-2.9264971198e+00	-2.7263970915e+00	-2.0010002838e-01
0.1764            	-1.2665168586e+00	1.8672165351e-01	-2.9317629011e+00	-2.7323983092e+00	-1.9936459192e-01
0.1766            	-1.2674813723e+00	1.8699445397e-01	-2.9330316984e+00	-2.7339972215e+00	-1.9903447695e-01
0.1768            	-1.2656176265e+00	1.8651587211e-01	-2.9299723198e+00	-2.7306037864e+00	-1.9936853334e-01
0.177             	-1.2636687547e+00	1.8605649338e-01	-2.9270151209e+00	-2.7271763152e+00	-1.9983880570e-01
0.1772            	-1.2624821887e+00	1.8580798550e-01	-2.9251641440e+00	-2.7250642607e+00	-2.0009988332e-01
0.1774            	-1.2613712886e+00	1.8538847312e-01	-2.9231372734e+00	-2.7229399253e+00	-2.0019734817e-01
0.1776            	-1.2597704891e+00	1.8480068011e-01	-2.9199446412e+00	-2.7197428097e+00	-2.0020183150e-01
0.1778            	-1.2594251435e+00	1.8470779212e-01	-2.9189781482e+00	-2.7189142176e+00	-2.0006393060e-01
0.178             	-1.2595136928e+00	1.8471987473e-01	-2.9186772839e+00	-2.7188523347e+00	-1.9982494921e-01
0.1782            	-1.2590234915e+00	1.8451655294e-01	-2.9176343332e+00	-2.7178406581e+00	-1.9979367506e-01
0.1784            	-1.2579016283e+00	1.8411818728e-01	-2.9157038471e+00	-2.7157535519e+00	-1.9995029526e-01
0.1786            	-1.2564616061e+00	1.8362358591e-01	-2.9132401851e+00	-2.7130816987e+00	-2.0015848646e-01
0.1788            	-1.2542214898e+00	1.8281852061e-01	-2.9093146205e+00	-2.7088788000e+00	-2.0043582048e-01
0.179             	-1.2508660144e+00	1.8169859166e-01	-2.9030137093e+00	-2.7023728691e+00	-2.0064084022e-01
0.1792            	-1.2485305775e+00	1.8112137946e-01	-2.8979842838e+00	-2.6975227194e+00	-2.0046156436e-01
0.1794            	-1.2494374987e+00	1.8146958779e-01	-2.8983083421e+00	-2.6985916698e+00	-1.9971667229e-01
0.1796            	-1.2503921131e+00	1.8170775717e-01	-2.8988617986e+00	-2.6998230124e+00	-1.9903878618e-01
0.1798            	-1.2515687629e+00	1.8203956736e-01	-2.9000130346e+00	-2.7015752802e+00	-1.9843775438e-01
0.18              	-1.2529114788e+00	1.8242507203e-01	-2.9015576548e+00	-2.7036903062e+00	-1.9786734858e-01
0.1802            	-1.2552307999e+00	1.8323220149e-01	-2.9049847537e+00	-2.7077231767e+00	-1.9726157695e-01
0.1804            	-1.2579009319e+00	1.8421703321e-01	-2.9094037051e+00	-2.7126027844e+00	-1.9680092068e-01
0.1806            	-1.2591679010e+00	1.8474232446e-01	-2.9119559191e+00	-2.7151458605e+00	-1.9681005853e-01
0.1808            	-1.2578143243e+00	1.8435066126e-01	-2.9101683647e+00	-2.7128985066e+00	-1.9726985808e-01
0.181             	-1.2552995169e+00	1.8366321469e-01	-2.9064960809e+00	-2.7085475574e+00	-1.9794852352e-01
0.1812            	-1.2515486114e+00	1.8245205760e-01	-2.9001959452e+00	-2.7016465840e+00	-1.9854936122e-01
0.1814            	-1.2488211395e+00	1.8163875284e-01	-2.8952323970e+00	-2.6964373380e+00	-1.9879505897e-01
0.1816            	-1.2506930231e+00	1.8241686535e-01	-2.8979391048e+00	-2.6996625755e+00	-1.9827652934e-01
0.1818            	-1.2530350345e+00	1.8322018348e-01	-2.9016667796e+00	-2.7038684242e+00	-1.9779835533e-01
0.182             	-1.2535510252e+00	1.8340379951e-01	-2.9024954555e+00	-2.7047987530e+00	-1.9769670251e-01
0.1822            	-1.2519034337e+00	1.8290307916e-01	-2.8998806515e+00	-2.7018437595e+00	-1.9803689203e-01
0.1824            	-1.2496639904e+00	1.8233173499e-01	-2.8962167847e+00	-2.6977723827e+00	-1.9844440199e-01
0.1826            	-1.2476176690e+00	1.8180654216e-01	-2.8927401534e+00	-2.6939877457e+00	-1.9875240774e-01
0.1828            	-1.2465926634e+00	1.8158495714e-01	-2.8906661811e+00	-2.6919257539e+00	-1.9874042713e-01
0.183             	-1.2441059247e+00	1.8082821769e-01	-2.8858535743e+00	-2.6870327118e+00	-1.9882086251e-01
0.1832            	-1.2435342399e+00	1.8083179622e-01	-2.8842774263e+00	-2.6856729530e+00	-1.9860447323e-01
0.1834            	-1.2481912758e+00	1.8249738436e-01	-2.8918091625e+00	-2.6940958570e+00	-1.9771330550e-01
0.1836            	-1.2513760408e+00	1.8344906335e-01	-2.8969456726e+00	-2.6998488771e+00	-1.9709679550e-01
0.1838            	-1.2507210927e+00	1.8329916989e-01	-2.8957709060e+00	-2.6986065457e+00	-1.9716436029e-01
0.184             	-1.2469603453e+00	1.8225985101e-01	-2.8894633551e+00	-2.6916920228e+00	-1.9777133228e-01
0.1842            	-1.2402420315e+00	1.8026544842e-01	-2.8778533196e+00	-2.6791686913e+00	-1.9868462831e-01
0.1844            	-1.2367212617e+00	1.7927394476e-01	-2.8713894602e+00	-2.6724159918e+00	-1.9897346844e-01
0.1846            	-1.2367046463e+00	1.7909079842e-01	-2.8705298923e+00	-2.6719695924e+00	-1.9856029987e-01
0.1848            	-1.2438915102e+00	1.8113405911e-01	-2.8822673313e+00	-2.6850251758e+00	-1.9724215544e-01
0.185             	-1.2454375724e+00	1.8111949246e-01	-2.8844310191e+00	-2.6876530820e+00	-1.9677793715e-01
0.1852            	-1.2451449261e+00	1.8087180153e-01	-2.8838980099e+00	-2.6870939311e+00	-1.9680407881e-01
0.1854            	-1.2457278707e+00	1.8123660040e-01	-2.8853449033e+00	-2.6884003223e+00	-1.9694458100e-01
0.1856            	-1.2452481407e+00	1.8129171422e-01	-2.8851113276e+00	-2.6878038045e+00	-1.9730752307e-01
0.1858            	-1.2433758372e+00	1.8086514349e-01	-2.8825577404e+00	-2.6846547074e+00	-1.9790303301e-01
0.186             	-1.2410214548e+00	1.8032363515e-01	-2.8789050998e+00	-2.6804740048e+00	-1.9843109507e-01
0.1862            	-1.2399967998e+00	1.8024814932e-01	-2.8772792927e+00	-2.6786364462e+00	-1.9864284653e-01
0.1864            	-1.2392853665e+00	1.8022211651e-01	-2.8758496721e+00	-2.6772102025e+00	-1.9863946957e-01
0.1866            	-1.2382140424e+00	1.8005380938e-01	-2.8735460365e+00	-2.6749870607e+00	-1.9855897586e-01
0.1868            	-1.2379091994e+00	1.8019384366e-01	-2.8723362913e+00	-2.6740773450e+00	-1.9825894630e-01
0.187             	-1.2388193419e+00	1.8076100637e-01	-2.8733595466e+00	-2.6754991151e+00	-1.9786043143e-01
0.1872            	-1.2388639444e+00	1.8096473221e-01	-2.8732003469e+00	-2.6754641179e+00	-1.9773622900e-01
0.1874            	-1.2379517051e+00	1.8076066264e-01	-2.8716686811e+00	-2.6737860456e+00	-1.9788263546e-01
0.1876            	-1.2374548919e+00	1.8050424217e-01	-2.8710497170e+00	-2.6729797504e+00	-1.9806996662e-01
0.1878            	-1.2356770144e+00	1.7966570467e-01	-2.8679834995e+00	-2.6696687642e+00	-1.9831473534e-01
0.188             	-1.2343869280e+00	1.7910696772e-01	-2.8656583758e+00	-2.6672161158e+00	-1.9844225993e-01
0.1882            	-1.2333530468e+00	1.7866853065e-01	-2.8637325955e+00	-2.6652193446e+00	-1.9851325098e-01
0.1884            	-1.2329021629e+00	1.7847773174e-01	-2.8627675447e+00	-2.6642859352e+00	-1.9848160946e-01
0.1886            	-1.2329758558e+00	1.7850458876e-01	-2.8627098217e+00	-2.6643307666e+00	-1.9837905509e-01
0.1888            	-1.2318153015e+00	1.7810067315e-01	-2.8607393696e+00	-2.6621849863e+00	-1.9855438336e-01
0.189             	-1.2306534743e+00	1.7773038513e-01	-2.8588894030e+00	-2.6600981758e+00	-1.9879122724e-01
0.1892            	-1.2309490629e+00	1.7787967919e-01	-2.8595560169e+00	-2.6607270713e+00	-1.9882894551e-01
0.1894            	-1.2323391618e+00	1.7829827867e-01	-2.8619708551e+00	-2.6633245893e+00	-1.9864626580e-01
0.1896            	-1.2329278526e+00	1.7857035420e-01	-2.8631355504e+00	-2.6644956278e+00	-1.9863992262e-01
0.1898            	-1.2315088887e+00	1.7824860506e-01	-2.8608299742e+00	-2.6619238758e+00	-1.9890609838e-01
0.19              	-1.2299597624e+00	1.7797072811e-01	-2.8581475363e+00	-2.6590335305e+00	-1.9911400581e-01
0.1902            	-1.2290988779e+00	1.7791709266e-01	-2.8562881083e+00	-2.6572429321e+00	-1.9904517623e-01
0.1904            	-1.2285247410e+00	1.7790381352e-01	-2.8549596726e+00	-2.6560045773e+00	-1.9895509533e-01
0.1906            	-1.2271327960e+00	1.7759996102e-01	-2.8522460630e+00	-2.6532558275e+00	-1.9899023551e-01
0.1908            	-1.2252788392e+00	1.7713092401e-01	-2.8488421105e+00	-2.6496998944e+00	-1.9914221606e-01
0.191             	-1.2235923135e+00	1.7663976413e-01	-2.8453283645e+00	-2.6462564958e+00	-1.9907186869e-01
0.1912            	-1.2239703195e+00	1.7679277506e-01	-2.8452900652e+00	-2.6466153521e+00	-1.9867471309e-01
0.1914            	-1.2246353704e+00	1.7701391713e-01	-2.8457943165e+00	-2.6475325287e+00	-1.9826178780e-01
0.1916            	-1.2244177834e+00	1.7691043592e-01	-2.8450849426e+00	-2.6469602547e+00	-1.9812468789e-01
0.1918            	-1.2244695378e+00	1.7686084138e-01	-2.8452632531e+00	-2.6471011643e+00	-1.9816208875e-01
0.192             	-1.2223937983e+00	1.7593047776e-01	-2.8415340879e+00	-2.6431608423e+00	-1.9837324561e-01
0.1922            	-1.2214081480e+00	1.7544837303e-01	-2.8394907056e+00	-2.6411535008e+00	-1.9833720477e-01
0.1924            	-1.2215348891e+00	1.7539899630e-01	-2.8392554564e+00	-2.6411626173e+00	-1.9809283913e-01
0.1926            	-1.2208691772e+00	1.7513119905e-01	-2.8377508977e+00	-2.6397446260e+00	-1.9800627163e-01
0.1928            	-1.2195764966e+00	1.7478148384e-01	-2.8352607853e+00	-2.6372068893e+00	-1.9805389605e-01
0.193             	-1.2186359842e+00	1.7470474179e-01	-2.8332176008e+00	-2.6352447846e+00	-1.9797281618e-01
0.1932            	-1.2203236317e+00	1.7557853430e-01	-2.8357800019e+00	-2.6382136326e+00	-1.9756636927e-01
0.1934            	-1.2227739592e+00	1.7667600660e-01	-2.8399816299e+00	-2.6427647742e+00	-1.9721685576e-01
0.1936            	-1.2246656963e+00	1.7758708232e-01	-2.8435842123e+00	-2.6464578025e+00	-1.9712640989e-01
0.1938            	-1.2239871433e+00	1.7753510019e-01	-2.8431560634e+00	-2.6455651750e+00	-1.9759088840e-01
0.194             	-1.2205122795e+00	1.7650768790e-01	-2.8377176696e+00	-2.6393711143e+00	-1.9834655528e-01
0.1942            	-1.2175522803e+00	1.7563482974e-01	-2.8328777687e+00	-2.6339911647e+00	-1.9888660406e-01
0.1944            	-1.2160672198e+00	1.7527243894e-01	-2.8301371616e+00	-2.6311358006e+00	-1.9900136099e-01
0.1946            	-1.2152808917e+00	1.7512945149e-01	-2.8282787273e+00	-2.6294202554e+00	-1.9885847193e-01
0.1948            	-1.2143747130e+00	1.7494200936e-01	-2.8259948068e+00	-2.6273721164e+00	-1.9862269044e-01
0.195             	-1.2132886205e+00	1.7474186264e-01	-2.8233618270e+00	-2.6249695340e+00	-1.9839229299e-01
0.1952            	-1.2125920076e+00	1.7464495669e-01	-2.8215329239e+00	-2.6233584695e+00	-1.9817445436e-01
0.1954            	-1.2124602752e+00	1.7478716392e-01	-2.8207352012e+00	-2.6228278758e+00	-1.9790732535e-01
0.1956            	-1.2119214959e+00	1.7475857898e-01	-2.8194236371e+00	-2.6216333145e+00	-1.9779032261e-01
0.1958            	-1.2080020831e+00	1.7352813177e-01	-2.8120514797e+00	-2.6140278229e+00	-1.9802365680e-01
0.196             	-1.2104205617e+00	1.7446194668e-01	-2.8160861320e+00	-2.6184636277e+00	-1.9762250433e-01
0.1962            	-1.2085419903e+00	1.7331032479e-01	-2.8121050505e+00	-2.6145945155e+00	-1.9751053493e-01
0.1964            	-1.2081807301e+00	1.7292959559e-01	-2.8108477297e+00	-2.6136045950e+00	-1.9724313470e-01
0.1966            	-1.2085171020e+00	1.7268479466e-01	-2.8110074848e+00	-2.6140208445e+00	-1.9698664037e-01
0.1968            	-1.2072777707e+00	1.7191656423e-01	-2.8083880108e+00	-2.6114717761e+00	-1.9691623469e-01
0.197             	-1.2079671569e+00	1.7207883108e-01	-2.8091806146e+00	-2.6125574642e+00	-1.9662315043e-01
0.1972            	-1.2092993988e+00	1.7260108875e-01	-2.8113987170e+00	-2.6149987573e+00	-1.9639995970e-01
0.1974            	-1.2085684557e+00	1.7244867295e-01	-2.8101775292e+00	-2.6136572204e+00	-1.9652030886e-01
0.1976            	-1.2065615367e+00	1.7190604503e-01	-2.8067979454e+00	-2.6099605094e+00	-1.9683743599e-01
0.1978            	-1.2047917870e+00	1.7148704006e-01	-2.8034315386e+00	-2.6065075563e+00	-1.9692398230e-01
0.198             	-1.2058429896e+00	1.7216318256e-01	-2.8047933220e+00	-2.6082396506e+00	-1.9655367142e-01
0.1982            	-1.2077470903e+00	1.7314131402e-01	-2.8077459863e+00	-2.6116200834e+00	-1.9612590288e-01
0.1984            	-1.2090936366e+00	1.7398683714e-01	-2.8100802895e+00	-2.6141337814e+00	-1.9594650809e-01
0.1986            	-1.2097920585e+00	1.7457051055e-01	-2.8116663322e+00	-2.6156252246e+00	-1.9604110757e-01
0.1988            	-1.2070408597e+00	1.7387528659e-01	-2.8075823504e+00	-2.6108320349e+00	-1.9675031555e-01
0.199             	-1.2036741190e+00	1.7266923297e-01	-2.8017576983e+00	-2.6045529682e+00	-1.9720473017e-01
0.1992            	-1.2024224960e+00	1.7226297158e-01	-2.7992202153e+00	-2.6020326036e+00	-1.9718761169e-01
0.1994            	-1.2035917301e+00	1.7266739466e-01	-2.8009168935e+00	-2.6040501769e+00	-1.9686671664e-01
0.1996            	-1.2048824664e+00	1.7318276389e-01	-2.8027852733e+00	-2.6062751030e+00	-1.9651017028e-01
0.1998            	-1.2050705753e+00	1.7342625777e-01	-2.8030826081e+00	-2.6066118793e+00	-1.9647072878e-01
0.2               	-1.2030119930e+00	1.7295253192e-01	-2.7996254678e+00	-2.6028247269e+00	-1.9680074094e-01
0.2002            	-1.2002463264e+00	1.7218397036e-01	-2.7949636199e+00	-2.5977281364e+00	-1.9723548354e-01
0.2004            	-1.1973653567e+00	1.7126471955e-01	-2.7898919406e+00	-2.5923113270e+00	-1.9758061357e-01
0.2006            	-1.1948466504e+00	1.7040189136e-01	-2.7850078799e+00	-2.5873505903e+00	-1.9765728956e-01
0.2008            	-1.1948055753e+00	1.7044438644e-01	-2.7840491574e+00	-2.5868301540e+00	-1.9721900336e-01
0.201             	-1.1972415033e+00	1.7140323698e-01	-2.7874923357e+00	-2.5909876712e+00	-1.9650466450e-01
0.2012            	-1.2009919714e+00	1.7278096338e-01	-2.7938714169e+00	-2.5979276799e+00	-1.9594373699e-01
0.2014            	-1.1993051134e+00	1.7209701432e-01	-2.7909813701e+00	-2.5947957985e+00	-1.9618557168e-01
0.2016            	-1.1979501893e+00	1.7174626038e-01	-2.7885948095e+00	-2.5922475940e+00	-1.9634721550e-01
0.2018            	-1.1968579120e+00	1.7159844474e-01	-2.7866705372e+00	-2.5901931806e+00	-1.9647735657e-01
0.202             	-1.1965815695e+00	1.7183549692e-01	-2.7862326398e+00	-2.5896978894e+00	-1.9653475043e-01
0.2022            	-1.1966869294e+00	1.7217475860e-01	-2.7866511397e+00	-2.5900124993e+00	-1.9663864042e-01
0.2024            	-1.1979131461e+00	1.7289806120e-01	-2.7890961414e+00	-2.5924612168e+00	-1.9663492462e-01
0.2026            	-1.1978560918e+00	1.7302199518e-01	-2.7895488116e+00	-2.5926304975e+00	-1.9691831402e-01
0.2028            	-1.1929678077e+00	1.7141536879e-01	-2.7813553542e+00	-2.5836454847e+00	-1.9770986944e-01
0.203             	-1.1892145961e+00	1.7015489874e-01	-2.7747486620e+00	-2.5765889271e+00	-1.9815973494e-01
0.2032            	-1.1879476379e+00	1.6957083764e-01	-2.7719156700e+00	-2.5739054729e+00	-1.9801019706e-01
0.2034            	-1.1885113968e+00	1.6959316825e-01	-2.7723089544e+00	-2.5746658740e+00	-1.9764308045e-01
0.2036            	-1.1900640081e+00	1.7005182940e-01	-2.7745934010e+00	-2.5773607087e+00	-1.9723269236e-01
0.2038            	-1.1913352900e+00	1.7052865459e-01	-2.7767894588e+00	-2.5797300194e+00	-1.9705943942e-01
0.204             	-1.1908194720e+00	1.7039941773e-01	-2.7761476975e+00	-2.5788933207e+00	-1.9725437676e-01
0.2042            	-1.1888527378e+00	1.6977642534e-01	-2.7729326496e+00	-2.5753190626e+00	-1.9761358696e-01
0.2044            	-1.1867496784e+00	1.6915968099e-01	-2.7693903653e+00	-2.5714448610e+00	-1.9794550422e-01
0.2046            	-1.1846062083e+00	1.6858154154e-01	-2.7655269857e+00	-2.5673697011e+00	-1.9815728459e-01
0.2048            	-1.1845868850e+00	1.6883777604e-01	-2.7650659018e+00	-2.5671198359e+00	-1.9794606584e-01
0.205             	-1.1860420887e+00	1.6964897626e-01	-2.7670728286e+00	-2.5695785030e+00	-1.9749432557e-01
0.2052            	-1.1877067446e+00	1.7050704200e-01	-2.7695867533e+00	-2.5725001213e+00	-1.9708663203e-01
0.2054            	-1.1876881792e+00	1.7086035895e-01	-2.7695345058e+00	-2.5724554321e+00	-1.9707907366e-01
0.2056            	-1.1839076896e+00	1.6993185048e-01	-2.7631796938e+00	-2.5654975365e+00	-1.9768215733e-01
0.2058            	-1.1845032788e+00	1.7052079355e-01	-2.7646860143e+00	-2.5668462860e+00	-1.9783972833e-01
0.206             	-1.1838099728e+00	1.7008236025e-01	-2.7634833131e+00	-2.5655516294e+00	-1.9793168372e-01
0.2062            	-1.1822800086e+00	1.6932363602e-01	-2.7606043129e+00	-2.5625821650e+00	-1.9802214787e-01
0.2064            	-1.1808703629e+00	1.6877961709e-01	-2.7577906192e+00	-2.5597656725e+00	-1.9802494667e-01
0.2066            	-1.1807270453e+00	1.6879903914e-01	-2.7573189129e+00	-2.5593865017e+00	-1.9793241116e-01
0.2068            	-1.1802423247e+00	1.6869795514e-01	-2.7562791515e+00	-2.5583819004e+00	-1.9789725106e-01
0.207             	-1.1795933442e+00	1.6852910561e-01	-2.7550687703e+00	-2.5571277294e+00	-1.9794104091e-01
0.2072            	-1.1783021831e+00	1.6814229673e-01	-2.7529966644e+00	-2.5548005153e+00	-1.9819614906e-01
0.2074            	-1.1768277641e+00	1.6768752179e-01	-2.7502220456e+00	-2.5519387869e+00	-1.9828325864e-01
0.2076            	-1.1753823284e+00	1.6728264051e-01	-2.7474805664e+00	-2.5491226116e+00	-1.9835795482e-01
0.2078            	-1.1745316738e+00	1.6714363771e-01	-2.7456178768e+00	-2.5473406122e+00	-1.9827726464e-01
0.208             	-1.1736336661e+00	1.6703173588e-01	-2.7435282465e+00	-2.5453977893e+00	-1.9813045719e-01
0.2082            	-1.1746014058e+00	1.6756720882e-01	-2.7448588684e+00	-2.5470308400e+00	-1.9782802841e-01
0.2084            	-1.1753103496e+00	1.6801886642e-01	-2.7458364973e+00	-2.5482285982e+00	-1.9760789910e-01
0.2086            	-1.1746751023e+00	1.6802322804e-01	-2.7444888645e+00	-2.5469195346e+00	-1.9756932990e-01
0.2088            	-1.1740734911e+00	1.6808720453e-01	-2.7435853780e+00	-2.5458661801e+00	-1.9771919794e-01
0.209             	-1.1732326370e+00	1.6789191315e-01	-2.7423192389e+00	-2.5443922565e+00	-1.9792698244e-01
0.2092            	-1.1714613220e+00	1.6718332971e-01	-2.7392990379e+00	-2.5411108409e+00	-1.9818819695e-01
0.2094            	-1.1697819589e+00	1.6655709898e-01	-2.7360574043e+00	-2.5378106611e+00	-1.9824674323e-01
0.2096            	-1.1684028959e+00	1.6606075816e-01	-2.7329147304e+00	-2.5348602611e+00	-1.9805446929e-01
0.2098            	-1.1688364417e+00	1.6627134259e-01	-2.7326597665e+00	-2.5351663250e+00	-1.9749344151e-01
0.21              	-1.1692222236e+00	1.6651841525e-01	-2.7327649640e+00	-2.5356047056e+00	-1.9716025838e-01
0.2102            	-1.1691306738e+00	1.6653450962e-01	-2.7320828478e+00	-2.5351720977e+00	-1.9691075006e-01
0.2104            	-1.1689254478e+00	1.6651299079e-01	-2.7314668086e+00	-2.5346588521e+00	-1.9680795648e-01
0.2106            	-1.1693571156e+00	1.6676434764e-01	-2.7321074275e+00	-2.5354108293e+00	-1.9669659816e-01
0.2108            	-1.1696017987e+00	1.6694769938e-01	-2.7325612318e+00	-2.5358824146e+00	-1.9667881727e-01
0.211             	-1.1695924144e+00	1.6711162720e-01	-2.7325865411e+00	-2.5358856850e+00	-1.9670085616e-01
0.2112            	-1.1687811865e+00	1.6695727821e-01	-2.7312769224e+00	-2.5344196477e+00	-1.9685727474e-01
0.2114            	-1.1681157736e+00	1.6692107380e-01	-2.7301587777e+00	-2.5331951625e+00	-1.9696361523e-01
0.2116            	-1.1676522866e+00	1.6696502947e-01	-2.7293989701e+00	-2.5323517717e+00	-1.9704719844e-01
0.2118            	-1.1672495659e+00	1.6705613144e-01	-2.7287625347e+00	-2.5316308332e+00	-1.9713170144e-01
0.212             	-1.1672310979e+00	1.6736745368e-01	-2.7287386865e+00	-2.5316004412e+00	-1.9713824534e-01
0.2122            	-1.1654581036e+00	1.6701877228e-01	-2.7257602083e+00	-2.5283382077e+00	-1.9742200052e-01
0.2124            	-1.1632156351e+00	1.6652019478e-01	-2.7218310545e+00	-2.5241311624e+00	-1.9769989217e-01
0.2126            	-1.1635140279e+00	1.6673298006e-01	-2.7217860923e+00	-2.5244070740e+00	-1.9737901825e-01
0.2128            	-1.1639818931e+00	1.6700315866e-01	-2.7223568574e+00	-2.5251603218e+00	-1.9719653563e-01
0.213             	-1.1642347878e+00	1.6713726631e-01	-2.7227479619e+00	-2.5256087688e+00	-1.9713919318e-01
0.2132            	-1.1633826079e+00	1.6685065989e-01	-2.7211496914e+00	-2.5239574536e+00	-1.9719223776e-01
0.2134            	-1.1617256370e+00	1.6632251265e-01	-2.7182697058e+00	-2.5208604899e+00	-1.9740921596e-01
0.2136            	-1.1586242209e+00	1.6530620164e-01	-2.7127782848e+00	-2.5150133633e+00	-1.9776492150e-01
0.2138            	-1.1555541418e+00	1.6430551204e-01	-2.7069892620e+00	-2.5090487728e+00	-1.9794048917e-01
0.214             	-1.1549597173e+00	1.6424495009e-01	-2.7052818111e+00	-2.5076006229e+00	-1.9768118825e-01
0.2142            	-1.1559271343e+00	1.6468103155e-01	-2.7061703343e+00	-2.5090123014e+00	-1.9715803290e-01
0.2144            	-1.1534505366e+00	1.6381495620e-01	-2.7011681129e+00	-2.5040345930e+00	-1.9713351991e-01
0.2146            	-1.1500091934e+00	1.6274761514e-01	-2.6945331028e+00	-2.4972757448e+00	-1.9725735796e-01
0.2148            	-1.1568683951e+00	1.6508732170e-01	-2.7063767902e+00	-2.5100567902e+00	-1.9631999996e-01
0.215             	-1.1563386185e+00	1.6422253473e-01	-2.7051531856e+00	-2.5089152113e+00	-1.9623797428e-01
0.2152            	-1.1545441209e+00	1.6329906013e-01	-2.7019226683e+00	-2.5055054551e+00	-1.9641721322e-01
0.2154            	-1.1535782019e+00	1.6290664941e-01	-2.7001331913e+00	-2.5036447975e+00	-1.9648839378e-01
0.2156            	-1.1529197459e+00	1.6279860655e-01	-2.6987472167e+00	-2.5022933543e+00	-1.9645386244e-01
0.2158            	-1.1515915838e+00	1.6245597700e-01	-2.6963131496e+00	-2.4997481586e+00	-1.9656499101e-01
0.216             	-1.1495446625e+00	1.6185498247e-01	-2.6925690410e+00	-2.4958291830e+00	-1.9673985800e-01
0.2162            	-1.1491320900e+00	1.6187411989e-01	-2.6915785530e+00	-2.4949213665e+00	-1.9665718650e-01
0.2164            	-1.1511559263e+00	1.6278726609e-01	-2.6947366672e+00	-2.4985242599e+00	-1.9621240732e-01
0.2166            	-1.1536258270e+00	1.6386191505e-01	-2.6990478756e+00	-2.5031497648e+00	-1.9589811084e-01
0.2168            	-1.1543285611e+00	1.6432213575e-01	-2.7003325127e+00	-2.5044948174e+00	-1.9583769524e-01
0.217             	-1.1519844558e+00	1.6379513776e-01	-2.6967228201e+00	-2.5003458658e+00	-1.9637695427e-01
0.2172            	-1.1486525364e+00	1.6298021985e-01	-2.6911560074e+00	-2.4942305401e+00	-1.9692546726e-01
0.2174            	-1.1462663981e+00	1.6240421198e-01	-2.6868798725e+00	-2.4897063343e+00	-1.9717353820e-01
0.2176            	-1.1454871356e+00	1.6229292367e-01	-2.6850575316e+00	-2.4880159014e+00	-1.9704163018e-01
0.2178            	-1.1457014312e+00	1.6245645563e-01	-2.6846894840e+00	-2.4880461732e+00	-1.9664331080e-01
0.218             	-1.1464082293e+00	1.6277701443e-01	-2.6853260562e+00	-2.4890712574e+00	-1.9625479882e-01
0.2182            	-1.1467555369e+00	1.6296291836e-01	-2.6855711133e+00	-2.4895410935e+00	-1.9603001974e-01
0.2184            	-1.1459522943e+00	1.6275891307e-01	-2.6839551173e+00	-2.4879298529e+00	-1.9602526438e-01
0.2186            	-1.1457010595e+00	1.6277189905e-01	-2.6834806764e+00	-2.4874413977e+00	-1.9603927872e-01
0.2188            	-1.1460012756e+00	1.6295321513e-01	-2.6841403562e+00	-2.4880714537e+00	-1.9606890251e-01
0.219             	-1.1472951766e+00	1.6351150101e-01	-2.6866846871e+00	-2.4906375201e+00	-1.9604716695e-01
0.2192            	-1.1479454033e+00	1.6386614994e-01	-2.6885001377e+00	-2.4921954722e+00	-1.9630466553e-01
0.2194            	-1.1449950379e+00	1.6279448955e-01	-2.6839338006e+00	-2.4869619382e+00	-1.9697186244e-01
0.2196            	-1.1417104795e+00	1.6179974949e-01	-2.6784931102e+00	-2.4809570346e+00	-1.9753607561e-01
0.2198            	-1.1387146187e+00	1.6092077255e-01	-2.6731833110e+00	-2.4753062742e+00	-1.9787703683e-01
0.22              	-1.1369703311e+00	1.6040478215e-01	-2.6697877678e+00	-2.4718642150e+00	-1.9792355275e-01
0.2202            	-1.1373603150e+00	1.6059393639e-01	-2.6698819027e+00	-2.4723012663e+00	-1.9758063634e-01
0.2204            	-1.1407965734e+00	1.6197616832e-01	-2.6754753644e+00	-2.4785342556e+00	-1.9694110874e-01
0.2206            	-1.1431005504e+00	1.6284739610e-01	-2.6794905683e+00	-2.4828458345e+00	-1.9664473378e-01
0.2208            	-1.1421528716e+00	1.6262680657e-01	-2.6782824491e+00	-2.4812940961e+00	-1.9698835297e-01
0.221             	-1.1390461857e+00	1.6168551542e-01	-2.6734082729e+00	-2.4757503221e+00	-1.9765795075e-01
0.2212            	-1.1356176158e+00	1.6070136190e-01	-2.6674997018e+00	-2.4693674667e+00	-1.9813223511e-01
0.2214            	-1.1336322532e+00	1.6019812732e-01	-2.6636954884e+00	-2.4654799974e+00	-1.9821549101e-01
0.2216            	-1.1321513430e+00	1.5995467275e-01	-2.6605511873e+00	-2.4624269367e+00	-1.9812425065e-01
0.2218            	-1.1313825216e+00	1.5996115871e-01	-2.6589546428e+00	-2.4608598431e+00	-1.9809479977e-01
0.222             	-1.1343694364e+00	1.6120426962e-01	-2.6639066182e+00	-2.4663227455e+00	-1.9758387273e-01
0.2222            	-1.1360562423e+00	1.6172076436e-01	-2.6667918738e+00	-2.4694521792e+00	-1.9733969458e-01
0.2224            	-1.1355767722e+00	1.6172377751e-01	-2.6662213896e+00	-2.4686874670e+00	-1.9753392255e-01
0.2226            	-1.1344616339e+00	1.6152570299e-01	-2.6649158594e+00	-2.4669195635e+00	-1.9799629583e-01
0.2228            	-1.1312991010e+00	1.6048774860e-01	-2.6597877450e+00	-2.4611929735e+00	-1.9859477153e-01
0.223             	-1.1281920409e+00	1.5953962895e-01	-2.6545869969e+00	-2.4554855394e+00	-1.9910145755e-01
0.2232            	-1.1263236860e+00	1.5906696628e-01	-2.6510488978e+00	-2.4518481349e+00	-1.9920076287e-01
0.2234            	-1.1253371067e+00	1.5889853468e-01	-2.6488736979e+00	-2.4497739557e+00	-1.9909974223e-01
0.2236            	-1.1239188629e+00	1.5854330280e-01	-2.6457540437e+00	-2.4467958848e+00	-1.9895815895e-01
0.2238            	-1.1225853799e+00	1.5818843744e-01	-2.6426766592e+00	-2.4439237095e+00	-1.9875294971e-01
0.224             	-1.1212126479e+00	1.5776466154e-01	-2.6395264509e+00	-2.4409758734e+00	-1.9855057753e-01
0.2242            	-1.1206417888e+00	1.5755543602e-01	-2.6376030425e+00	-2.4394433100e+00	-1.9815973247e-01
0.2244            	-1.1214194364e+00	1.5779505488e-01	-2.6381582918e+00	-2.4404985823e+00	-1.9765970949e-01
0.2246            	-1.1224139062e+00	1.5813255889e-01	-2.6393402856e+00	-2.4420840490e+00	-1.9725623662e-01
0.2248            	-1.1230287337e+00	1.5837713573e-01	-2.6402201140e+00	-2.4431387907e+00	-1.9708132334e-01
0.225             	-1.1223766712e+00	1.5816508413e-01	-2.6390248283e+00	-2.4418890853e+00	-1.9713574299e-01
0.2252            	-1.1207626284e+00	1.5771546053e-01	-2.6360246627e+00	-2.4387749597e+00	-1.9724970299e-01
0.2254            	-1.1198923491e+00	1.5758972786e-01	-2.6342232771e+00	-2.4370039876e+00	-1.9721928952e-01
0.2256            	-1.1185201447e+00	1.5723029554e-01	-2.6312538491e+00	-2.4341470692e+00	-1.9710677983e-01
0.2258            	-1.1182626311e+00	1.5740741269e-01	-2.6301917914e+00	-2.4333585268e+00	-1.9683326455e-01
0.226             	-1.1195844192e+00	1.5812993879e-01	-2.6321505252e+00	-2.4356596818e+00	-1.9649084336e-01
0.2262            	-1.1235011081e+00	1.5973347717e-01	-2.6389911535e+00	-2.4429966848e+00	-1.9599446867e-01
0.2264            	-1.1226473965e+00	1.5933369971e-01	-2.6377802815e+00	-2.4415375372e+00	-1.9624274423e-01
0.2266            	-1.1181378128e+00	1.5780443196e-01	-2.6301880441e+00	-2.4332318349e+00	-1.9695620921e-01
0.2268            	-1.1154824704e+00	1.5713776091e-01	-2.6255009721e+00	-2.4282329564e+00	-1.9726801569e-01
0.227             	-1.1152705457e+00	1.5734078913e-01	-2.6247638924e+00	-2.4276524919e+00	-1.9711140050e-01
0.2272            	-1.1159803548e+00	1.5781540685e-01	-2.6255361918e+00	-2.4287484507e+00	-1.9678774110e-01
0.2274            	-1.1190701166e+00	1.5916796166e-01	-2.6308108571e+00	-2.4344755451e+00	-1.9633531196e-01
0.2276            	-1.1197385839e+00	1.5955186459e-01	-2.6321826393e+00	-2.4358299036e+00	-1.9635273572e-01
0.2278            	-1.1171180216e+00	1.5877481294e-01	-2.6280438645e+00	-2.4311399538e+00	-1.9690391069e-01
0.228             	-1.1142395260e+00	1.5794834838e-01	-2.6232360419e+00	-2.4258575469e+00	-1.9737849497e-01
0.2282            	-1.1114734020e+00	1.5716897989e-01	-2.6182330514e+00	-2.4205899277e+00	-1.9764312374e-01
0.2284            	-1.1102593892e+00	1.5692925634e-01	-2.6156286416e+00	-2.4180737100e+00	-1.9755493163e-01
0.2286            	-1.1090662702e+00	1.5663031142e-01	-2.6128957279e+00	-2.4155141342e+00	-1.9738159370e-01
0.2288            	-1.1091594698e+00	1.5683385938e-01	-2.6125261363e+00	-2.4154225379e+00	-1.9710359841e-01
0.229             	-1.1115029378e+00	1.5774466172e-01	-2.6164577875e+00	-2.4197318316e+00	-1.9672595595e-01
0.2292            	-1.1123903340e+00	1.5801953546e-01	-2.6178253521e+00	-2.4213030100e+00	-1.9652234210e-01
0.2294            	-1.1103050171e+00	1.5735970643e-01	-2.6142893437e+00	-2.4174496889e+00	-1.9683965475e-01
0.2296            	-1.1069274238e+00	1.5628399078e-01	-2.6084267167e+00	-2.4111407821e+00	-1.9728593460e-01
0.2298            	-1.1042543160e+00	1.5546055535e-01	-2.6035041190e+00	-2.4060063756e+00	-1.9749774348e-01
0.23              	-1.1036622361e+00	1.5534704218e-01	-2.6017519106e+00	-2.4045381914e+00	-1.9721371917e-01
0.2302            	-1.1031275227e+00	1.5527541038e-01	-2.6000441588e+00	-2.4031496021e+00	-1.9689455669e-01
0.2304            	-1.1038260299e+00	1.5572874665e-01	-2.6006958354e+00	-2.4041739476e+00	-1.9652188784e-01
0.2306            	-1.1058282804e+00	1.5668107131e-01	-2.6040885597e+00	-2.4078725602e+00	-1.9621599944e-01
0.2308            	-1.1062709953e+00	1.5695100532e-01	-2.6049035942e+00	-2.4087227923e+00	-1.9618080181e-01
0.231             	-1.1037634283e+00	1.5614848790e-01	-2.6008788141e+00	-2.4042028353e+00	-1.9667597879e-01
0.2312            	-1.1024247227e+00	1.5575195139e-01	-2.5987870724e+00	-2.4018182589e+00	-1.9696881347e-01
0.2314            	-1.1002038798e+00	1.5502327741e-01	-2.5947954656e+00	-2.3976016126e+00	-1.9719385297e-01
0.2316            	-1.0999547069e+00	1.5507384055e-01	-2.5939413266e+00	-2.3969253702e+00	-1.9701595641e-01
0.2318            	-1.1002685908e+00	1.5535390579e-01	-2.5941472828e+00	-2.3973422322e+00	-1.9680505061e-01
0.232             	-1.1003263644e+00	1.5553813728e-01	-2.5939290528e+00	-2.3972908908e+00	-1.9663816198e-01
0.2322            	-1.0996724843e+00	1.5549981808e-01	-2.5924977354e+00	-2.3959213520e+00	-1.9657638342e-01
0.2324            	-1.0984184149e+00	1.5529646263e-01	-2.5902467129e+00	-2.3935417714e+00	-1.9670494151e-01
0.2326            	-1.0971229324e+00	1.5504167769e-01	-2.5878183590e+00	-2.3910321119e+00	-1.9678624709e-01
0.2328            	-1.0966213835e+00	1.5502098163e-01	-2.5867296651e+00	-2.3899862160e+00	-1.9674344908e-01
0.233             	-1.0969078744e+00	1.5526645079e-01	-2.5869019959e+00	-2.3903588723e+00	-1.9654312359e-01
0.2332            	-1.0970031516e+00	1.5547573714e-01	-2.5868699811e+00	-2.3904381422e+00	-1.9643183891e-01
0.2334            	-1.0965303426e+00	1.5552047584e-01	-2.5861474760e+00	-2.3896040806e+00	-1.9654339534e-01
0.2336            	-1.0946742194e+00	1.5517026955e-01	-2.5832599283e+00	-2.3863041835e+00	-1.9695574476e-01
0.2338            	-1.0937523540e+00	1.5510380802e-01	-2.5818994474e+00	-2.3847020777e+00	-1.9719736971e-01
0.234             	-1.0935000586e+00	1.5519348978e-01	-2.5814248086e+00	-2.3842124630e+00	-1.9721234568e-01
0.2342            	-1.0929733532e+00	1.5504667624e-01	-2.5803274776e+00	-2.3831370920e+00	-1.9719038557e-01
0.2344            	-1.0923185271e+00	1.5479656108e-01	-2.5789607213e+00	-2.3817988878e+00	-1.9716183355e-01
0.2346            	-1.0906773830e+00	1.5425374850e-01	-2.5759851020e+00	-2.3786699339e+00	-1.9731516803e-01
0.2348            	-1.0891541609e+00	1.5377112619e-01	-2.5729494829e+00	-2.3756289024e+00	-1.9732058055e-01
0.235             	-1.0882484899e+00	1.5356159739e-01	-2.5709099804e+00	-2.3737034801e+00	-1.9720650036e-01
0.2352            	-1.0874264813e+00	1.5345901857e-01	-2.5691594231e+00	-2.3720061928e+00	-1.9715323028e-01
0.2354            	-1.0870268399e+00	1.5352813108e-01	-2.5679690895e+00	-2.3710113847e+00	-1.9695770482e-01
0.2356            	-1.0885214005e+00	1.5422494874e-01	-2.5699312881e+00	-2.3734870446e+00	-1.9644424350e-01
0.2358            	-1.0895036923e+00	1.5468889245e-01	-2.5711882953e+00	-2.3750978400e+00	-1.9609045534e-01
0.236             	-1.0893841836e+00	1.5476128493e-01	-2.5707103441e+00	-2.3747393557e+00	-1.9597098842e-01
0.2362            	-1.0896294651e+00	1.5499067678e-01	-2.5713625518e+00	-2.3753107410e+00	-1.9605181077e-01
0.2364            	-1.0885759369e+00	1.5460916782e-01	-2.5697309047e+00	-2.3734413893e+00	-1.9628951546e-01
0.2366            	-1.0870726294e+00	1.5419311019e-01	-2.5671642421e+00	-2.3706547504e+00	-1.9650949166e-01
0.2368            	-1.0862161266e+00	1.5402426947e-01	-2.5656288453e+00	-2.3690305493e+00	-1.9659829603e-01
0.237             	-1.0854821243e+00	1.5386996722e-01	-2.5642695942e+00	-2.3676169215e+00	-1.9665267277e-01
0.2372            	-1.0847507730e+00	1.5368626456e-01	-2.5629764210e+00	-2.3662389835e+00	-1.9673743753e-01
0.2374            	-1.0833646183e+00	1.5331281866e-01	-2.5604172843e+00	-2.3635732605e+00	-1.9684402383e-01
0.2376            	-1.0815527760e+00	1.5280912107e-01	-2.5568994613e+00	-2.3600025067e+00	-1.9689695464e-01
0.2378            	-1.0804954231e+00	1.5265000177e-01	-2.5545274446e+00	-2.3577591454e+00	-1.9676829913e-01
0.238             	-1.0788712651e+00	1.5232161868e-01	-2.5510681128e+00	-2.3544053215e+00	-1.9666279128e-01
0.2382            	-1.0794429458e+00	1.5280593038e-01	-2.5514932998e+00	-2.3551895957e+00	-1.9630370412e-01
0.2384            	-1.0794689626e+00	1.5307309521e-01	-2.5510332537e+00	-2.3549855895e+00	-1.9604766425e-01
0.2386            	-1.0770310149e+00	1.5245040707e-01	-2.5462978401e+00	-2.3501799350e+00	-1.9611790512e-01
0.2388            	-1.0795684701e+00	1.5366615681e-01	-2.5506764017e+00	-2.3549066709e+00	-1.9576973078e-01
0.239             	-1.0807299061e+00	1.5389709092e-01	-2.5528224578e+00	-2.3571411350e+00	-1.9568132276e-01
0.2392            	-1.0786558507e+00	1.5305759077e-01	-2.5493378778e+00	-2.3533247896e+00	-1.9601308822e-01
0.2394            	-1.0756221969e+00	1.5204200994e-01	-2.5440227668e+00	-2.3476335802e+00	-1.9638918652e-01
0.2396            	-1.0748158716e+00	1.5190784418e-01	-2.5423495806e+00	-2.3459906619e+00	-1.9635891875e-01
0.2398            	-1.0755383356e+00	1.5232365551e-01	-2.5432803808e+00	-2.3471785260e+00	-1.9610185480e-01
0.24              	-1.0763600245e+00	1.5280688866e-01	-2.5446434581e+00	-2.3486817535e+00	-1.9596170458e-01
0.2402            	-1.0768716388e+00	1.5317390215e-01	-2.5456276491e+00	-2.3496854633e+00	-1.9594218577e-01
0.2404            	-1.0776291764e+00	1.5351981580e-01	-2.5468442910e+00	-2.3510513219e+00	-1.9579296906e-01
0.2406            	-1.0762839618e+00	1.5318655450e-01	-2.5448569957e+00	-2.3487124596e+00	-1.9614453608e-01
0.2408            	-1.0749044771e+00	1.5283944977e-01	-2.5428909416e+00	-2.3463499479e+00	-1.9654099369e-01
0.241             	-1.0731957623e+00	1.5239854882e-01	-2.5400213632e+00	-2.3432064439e+00	-1.9681491929e-01
0.2412            	-1.0732375948e+00	1.5265912416e-01	-2.5400597198e+00	-2.3432674547e+00	-1.9679226511e-01
0.2414            	-1.0722137676e+00	1.5254544677e-01	-2.5381602422e+00	-2.3412938887e+00	-1.9686635354e-01
0.2416            	-1.0698636471e+00	1.5201651706e-01	-2.5338397402e+00	-2.3367835173e+00	-1.9705622298e-01
0.2418            	-1.0678190230e+00	1.5161928857e-01	-2.5299695227e+00	-2.3328037843e+00	-1.9716573838e-01
0.242             	-1.0674964064e+00	1.5165964385e-01	-2.5289396547e+00	-2.3319662338e+00	-1.9697342090e-01
0.2422            	-1.0694807070e+00	1.5250628140e-01	-2.5321909934e+00	-2.3355762038e+00	-1.9661478969e-01
0.2424            	-1.0691179382e+00	1.5227823746e-01	-2.5314793634e+00	-2.3348576199e+00	-1.9662174349e-01
0.2426            	-1.0676658376e+00	1.5175303925e-01	-2.5287824514e+00	-2.3320570633e+00	-1.9672538806e-01
0.2428            	-1.0657246973e+00	1.5120987906e-01	-2.5252620172e+00	-2.3283557059e+00	-1.9690631127e-01
0.243             	-1.0642574322e+00	1.5091560956e-01	-2.5225782409e+00	-2.3255465527e+00	-1.9703168827e-01
0.2432            	-1.0633169210e+00	1.5079510791e-01	-2.5207844423e+00	-2.3237091421e+00	-1.9707530013e-01
0.2434            	-1.0635485258e+00	1.5109299809e-01	-2.5210663823e+00	-2.3240817169e+00	-1.9698466538e-01
0.2436            	-1.0646582551e+00	1.5151691144e-01	-2.5227644637e+00	-2.3260404869e+00	-1.9672397676e-01
0.2438            	-1.0636665151e+00	1.5121837786e-01	-2.5207753110e+00	-2.3240541706e+00	-1.9672114036e-01
0.244             	-1.0624225824e+00	1.5094721777e-01	-2.5184672540e+00	-2.3216562094e+00	-1.9681104462e-01
0.2442            	-1.0619291470e+00	1.5098672243e-01	-2.5173625251e+00	-2.3206104096e+00	-1.9675211551e-01
0.2444            	-1.0611572132e+00	1.5090602278e-01	-2.5156612333e+00	-2.3189878299e+00	-1.9667340346e-01
0.2446            	-1.0596008701e+00	1.5060644137e-01	-2.5125516850e+00	-2.3158767126e+00	-1.9667497241e-01
0.2448            	-1.0574746405e+00	1.5006380134e-01	-2.5083653738e+00	-2.3116573274e+00	-1.9670804640e-01
0.245             	-1.0545300215e+00	1.4921531420e-01	-2.5025027521e+00	-2.3057813975e+00	-1.9672135459e-01
0.2452            	-1.0509809457e+00	1.4815009754e-01	-2.4952557829e+00	-2.2986088371e+00	-1.9664694573e-01
0.2454            	-1.0507201246e+00	1.4803570282e-01	-2.4935889817e+00	-2.2975146155e+00	-1.9607436624e-01
0.2456            	-1.0537382430e+00	1.4888830261e-01	-2.4980894858e+00	-2.3027829859e+00	-1.9530649992e-01
0.2458            	-1.0580675603e+00	1.5009035572e-01	-2.5051127395e+00	-2.3106239300e+00	-1.9448880948e-01
0.246             	-1.0591037585e+00	1.5025895475e-01	-2.5067175945e+00	-2.3124625558e+00	-1.9425503871e-01
0.2462            	-1.0572299477e+00	1.4969577493e-01	-2.5036587365e+00	-2.3090593159e+00	-1.9459942058e-01
0.2464            	-1.0547732711e+00	1.4917747783e-01	-2.4995761317e+00	-2.3045613370e+00	-1.9501479469e-01
0.2466            	-1.0536918833e+00	1.4906340043e-01	-2.4977308884e+00	-2.3025573275e+00	-1.9517356088e-01
0.2468            	-1.0525178983e+00	1.4887259534e-01	-2.4956424810e+00	-2.3003391387e+00	-1.9530334222e-01
0.247             	-1.0522535441e+00	1.4896655441e-01	-2.4949293483e+00	-2.2997182183e+00	-1.9521113006e-01
0.2472            	-1.0523651846e+00	1.4908213831e-01	-2.4947014745e+00	-2.2997159219e+00	-1.9498555259e-01
0.2474            	-1.0530366522e+00	1.4941978556e-01	-2.4953572571e+00	-2.3007152807e+00	-1.9464197634e-01
0.2476            	-1.0527587985e+00	1.4942609502e-01	-2.4943384010e+00	-2.2999279990e+00	-1.9441040203e-01
0.2478            	-1.0519624053e+00	1.4931984444e-01	-2.4926778294e+00	-2.2983013200e+00	-1.9437650946e-01
0.248             	-1.0508474689e+00	1.4915764682e-01	-2.4905325800e+00	-2.2961137589e+00	-1.9441882113e-01
0.2482            	-1.0493917917e+00	1.4885203317e-01	-2.4877532159e+00	-2.2932683996e+00	-1.9448481631e-01
0.2484            	-1.0479860657e+00	1.4855601379e-01	-2.4849767792e+00	-2.2904744553e+00	-1.9450232391e-01
0.2486            	-1.0473178238e+00	1.4848435184e-01	-2.4834019694e+00	-2.2890188085e+00	-1.9438316089e-01
0.2488            	-1.0472315080e+00	1.4854251082e-01	-2.4827267235e+00	-2.2885948698e+00	-1.9413185378e-01
0.249             	-1.0474157359e+00	1.4866176759e-01	-2.4826276535e+00	-2.2887295626e+00	-1.9389809088e-01
0.2492            	-1.0465888031e+00	1.4843084121e-01	-2.4808373331e+00	-2.2870074696e+00	-1.9382986350e-01
0.2494            	-1.0451041115e+00	1.4802052159e-01	-2.4779059311e+00	-2.2840570770e+00	-1.9384885405e-01
0.2496            	-1.0433405106e+00	1.4751941157e-01	-2.4743536601e+00	-2.2805173407e+00	-1.9383631948e-01
0.2498            	-1.0419565587e+00	1.4718005109e-01	-2.4713911842e+00	-2.2776521508e+00	-1.9373903345e-01
0.25              	-1.0415490176e+00	1.4711445023e-01	-2.4700866366e+00	-2.2765923359e+00	-1.9349430068e-01
0.2502            	-1.0415013704e+00	1.4712804973e-01	-2.4694190806e+00	-2.2762109107e+00	-1.9320816997e-01
0.2504            	-1.0424693101e+00	1.4750695527e-01	-2.4707168101e+00	-2.2778277151e+00	-1.9288909501e-01
0.2506            	-1.0424872416e+00	1.4752007396e-01	-2.4703623194e+00	-2.2776684013e+00	-1.9269391808e-01
0.2508            	-1.0426463488e+00	1.4768669793e-01	-2.4704786509e+00	-2.2778856742e+00	-1.9259297668e-01
0.251             	-1.0426472170e+00	1.4783454490e-01	-2.4705250714e+00	-2.2779097527e+00	-1.9261531868e-01
0.2512            	-1.0441517930e+00	1.4854876274e-01	-2.4734586431e+00	-2.2808811145e+00	-1.9257752859e-01
0.2514            	-1.0440724770e+00	1.4864537150e-01	-2.4737007724e+00	-2.2809228632e+00	-1.9277790917e-01
0.2516            	-1.0433161602e+00	1.4859971950e-01	-2.4727823496e+00	-2.2797073350e+00	-1.9307501458e-01
0.2518            	-1.0423696563e+00	1.4852914016e-01	-2.4715660187e+00	-2.2781526657e+00	-1.9341335307e-01
0.252             	-1.0411373487e+00	1.4834456487e-01	-2.4696918089e+00	-2.2759832531e+00	-1.9370855580e-01
0.2522            	-1.0399735083e+00	1.4821388062e-01	-2.4677780228e+00	-2.2738625197e+00	-1.9391550312e-01
0.2524            	-1.0374012784e+00	1.4755376777e-01	-2.4632639546e+00	-2.2690332557e+00	-1.9423069884e-01
0.2526            	-1.0346162217e+00	1.4675703067e-01	-2.4581199747e+00	-2.2636762090e+00	-1.9444376564e-01
0.2528            	-1.0321272654e+00	1.4604878519e-01	-2.4531380328e+00	-2.2586962818e+00	-1.9444175100e-01
0.253             	-1.0322890977e+00	1.4620108154e-01	-2.4526438228e+00	-2.2586110091e+00	-1.9403281375e-01
0.2532            	-1.0340689859e+00	1.4680223796e-01	-2.4552703201e+00	-2.2617041460e+00	-1.9356617410e-01
0.2534            	-1.0344188587e+00	1.4689302960e-01	-2.4554790144e+00	-2.2621583659e+00	-1.9332064847e-01
0.2536            	-1.0333961113e+00	1.4666286425e-01	-2.4536072856e+00	-2.2601997541e+00	-1.9340753152e-01
0.2538            	-1.0323535430e+00	1.4649934521e-01	-2.4518302093e+00	-2.2582686476e+00	-1.9356156165e-01
0.254             	-1.0305908367e+00	1.4607148903e-01	-2.4487446389e+00	-2.2549631561e+00	-1.9378148273e-01
0.2542            	-1.0296328458e+00	1.4595706374e-01	-2.4469449204e+00	-2.2531053060e+00	-1.9383961440e-01
0.2544            	-1.0302261525e+00	1.4635609696e-01	-2.4478807269e+00	-2.2541665159e+00	-1.9371421099e-01
0.2546            	-1.0314469751e+00	1.4691698845e-01	-2.4500296361e+00	-2.2564617932e+00	-1.9356784293e-01
0.2548            	-1.0310393134e+00	1.4688371558e-01	-2.4493718402e+00	-2.2557252335e+00	-1.9364660667e-01
0.255             	-1.0300277499e+00	1.4672253038e-01	-2.4477423906e+00	-2.2538989452e+00	-1.9384344538e-01
0.2552            	-1.0288387190e+00	1.4654751339e-01	-2.4457233116e+00	-2.2517003748e+00	-1.9402293680e-01
0.2554            	-1.0269759939e+00	1.4613612240e-01	-2.4423022114e+00	-2.2481270996e+00	-1.9417511178e-01
0.2556            	-1.0249698517e+00	1.4573613008e-01	-2.4385219439e+00	-2.2442308237e+00	-1.9429112019e-01
0.2558            	-1.0238360883e+00	1.4562272002e-01	-2.4362403143e+00	-2.2419562454e+00	-1.9428406890e-01
0.256             	-1.0229116440e+00	1.4544492856e-01	-2.4341936474e+00	-2.2400084677e+00	-1.9418517971e-01
0.2562            	-1.0217744878e+00	1.4510767345e-01	-2.4317340541e+00	-2.2376415149e+00	-1.9409253921e-01
0.2564            	-1.0206123847e+00	1.4472542241e-01	-2.4291188747e+00	-2.2351718220e+00	-1.9394705271e-01
0.2566            	-1.0191072985e+00	1.4426743629e-01	-2.4257873194e+00	-2.2320009582e+00	-1.9378636115e-01
0.2568            	-1.0183092105e+00	1.4408563294e-01	-2.4236424492e+00	-2.2301304352e+00	-1.9351201408e-01
0.257             	-1.0176921768e+00	1.4395280967e-01	-2.4219201407e+00	-2.2286522472e+00	-1.9326789354e-01
0.2572            	-1.0164406811e+00	1.4356233764e-01	-2.4191194537e+00	-2.2260004080e+00	-1.9311904571e-01
0.2574            	-1.0158096601e+00	1.4339165074e-01	-2.4174719277e+00	-2.2245456239e+00	-1.9292630378e-01
0.2576            	-1.0157542667e+00	1.4340800161e-01	-2.4169258346e+00	-2.2242171840e+00	-1.9270865062e-01
0.2578            	-1.0157995472e+00	1.4338733435e-01	-2.4165415381e+00	-2.2240703162e+00	-1.9247122185e-01
0.258             	-1.0161471986e+00	1.4347959585e-01	-2.4168324548e+00	-2.2245634260e+00	-1.9226902876e-01
0.2582            	-1.0170250380e+00	1.4384219954e-01	-2.4182669152e+00	-2.2261584956e+00	-1.9210841963e-01
0.2584            	-1.0170383306e+00	1.4389780962e-01	-2.4183253266e+00	-2.2262009939e+00	-1.9212433266e-01
0.2586            	-1.0168815451e+00	1.4396301894e-01	-2.4181856923e+00	-2.2259743913e+00	-1.9221130104e-01
0.2588            	-1.0172336607e+00	1.4431209813e-01	-2.4189702235e+00	-2.2267187724e+00	-1.9225145107e-01
0.259             	-1.0175147160e+00	1.4463563931e-01	-2.4196967323e+00	-2.2273630821e+00	-1.9233365018e-01
0.2592            	-1.0175482224e+00	1.4487003927e-01	-2.4200974174e+00	-2.2275969311e+00	-1.9250048631e-01
0.2594            	-1.0171456659e+00	1.4500967314e-01	-2.4196704958e+00	-2.2269809137e+00	-1.9268958203e-01
0.2596            	-1.0160546928e+00	1.4496246125e-01	-2.4180198784e+00	-2.2250646321e+00	-1.9295524637e-01
0.2598            	-1.0146397657e+00	1.4479376582e-01	-2.4156779697e+00	-2.2224787505e+00	-1.9319921915e-01
0.26              	-1.0121601824e+00	1.4425542238e-01	-2.4113612554e+00	-2.2178408101e+00	-1.9352044531e-01
0.2602            	-1.0102296750e+00	1.4386974329e-01	-2.4077962411e+00	-2.2141277956e+00	-1.9366844548e-01
0.2604            	-1.0090055540e+00	1.4368831492e-01	-2.4054090448e+00	-2.2117100764e+00	-1.9369896834e-01
0.2606            	-1.0070549511e+00	1.4317421974e-01	-2.4014715852e+00	-2.2077907437e+00	-1.9368084147e-01
0.2608            	-1.0039520977e+00	1.4220745081e-01	-2.3953606977e+00	-2.2016324465e+00	-1.9372825118e-01
0.261             	-1.0027655688e+00	1.4190933411e-01	-2.3925333056e+00	-2.1990322216e+00	-1.9350108396e-01
0.2612            	-1.0019926859e+00	1.4166442942e-01	-2.3903172251e+00	-2.1971512985e+00	-1.9316592664e-01
0.2614            	-1.0016604076e+00	1.4147487174e-01	-2.3891130253e+00	-2.1962169202e+00	-1.9289610503e-01
0.2616            	-1.0015243861e+00	1.4140195169e-01	-2.3882629202e+00	-2.1956558462e+00	-1.9260707400e-01
0.2618            	-1.0012073777e+00	1.4124082879e-01	-2.3873129718e+00	-2.1948638636e+00	-1.9244910822e-01
0.262             	-1.0014765045e+00	1.4129209562e-01	-2.3874974856e+00	-2.1952252473e+00	-1.9227223825e-01
0.2622            	-1.0019227712e+00	1.4145192010e-01	-2.3881173128e+00	-2.1959814276e+00	-1.9213588523e-01
0.2624            	-1.0021815822e+00	1.4159738448e-01	-2.3885679746e+00	-2.1964655695e+00	-1.9210240512e-01
0.2626            	-1.0014932043e+00	1.4148581034e-01	-2.3874687898e+00	-2.1952275992e+00	-1.9224119056e-01
0.2628            	-1.0001239106e+00	1.4115730248e-01	-2.3850001102e+00	-2.1926239657e+00	-1.9237614447e-01
0.263             	-9.9983077533e-01	1.4126193169e-01	-2.3845421389e+00	-2.1921018448e+00	-1.9244029412e-01
0.2632            	-1.0015440019e+00	1.4202404855e-01	-2.3875977297e+00	-2.1953428668e+00	-1.9225486294e-01
0.2634            	-1.0021492012e+00	1.4240290634e-01	-2.3888035653e+00	-2.1965509838e+00	-1.9225258151e-01
0.2636            	-1.0000784417e+00	1.4188781253e-01	-2.3852315784e+00	-2.1926942309e+00	-1.9253734751e-01
0.2638            	-9.9647504987e-01	1.4102229633e-01	-2.3787327753e+00	-2.1858414375e+00	-1.9289133777e-01
0.264             	-9.9513045457e-01	1.4095703948e-01	-2.3758504830e+00	-2.1830556961e+00	-1.9279478693e-01
0.2642            	-9.9463277646e-01	1.4098937977e-01	-2.3745573111e+00	-2.1819114320e+00	-1.9264587907e-01
0.2644            	-9.9400686924e-01	1.4093359534e-01	-2.3729129926e+00	-2.1804633656e+00	-1.9244962708e-01
0.2646            	-9.9320925599e-01	1.4074167820e-01	-2.3710385005e+00	-2.1787285063e+00	-1.9230999427e-01
0.2648            	-9.9218959345e-01	1.4046623150e-01	-2.3687639304e+00	-2.1765715587e+00	-1.9219237177e-01
0.265             	-9.9148624101e-01	1.4027983064e-01	-2.3670683648e+00	-2.1750204234e+00	-1.9204794138e-01
0.2652            	-9.9134094393e-01	1.4029568030e-01	-2.3665890029e+00	-2.1746354454e+00	-1.9195355751e-01
0.2654            	-9.9244170250e-01	1.4065121324e-01	-2.3686453674e+00	-2.1767643862e+00	-1.9188098121e-01
0.2656            	-9.9221821376e-01	1.4062749962e-01	-2.3681306875e+00	-2.1762835575e+00	-1.9184713000e-01
0.2658            	-9.9174354749e-01	1.4058900446e-01	-2.3677180604e+00	-2.1756025777e+00	-1.9211548273e-01
0.266             	-9.9295111782e-01	1.4121532211e-01	-2.3703434955e+00	-2.1781228656e+00	-1.9222062996e-01
0.2662            	-9.9456103083e-01	1.4199062205e-01	-2.3739531826e+00	-2.1815376221e+00	-1.9241556048e-01
0.2664            	-9.9395617344e-01	1.4199514383e-01	-2.3738101735e+00	-2.1808612602e+00	-1.9294891332e-01
0.2666            	-9.9261585910e-01	1.4194235348e-01	-2.3723836934e+00	-2.1788077058e+00	-1.9357598762e-01
0.2668            	-9.9114949358e-01	1.4183554979e-01	-2.3706714820e+00	-2.1764852346e+00	-1.9418624742e-01
0.267             	-9.8929894977e-01	1.4167976341e-01	-2.3679170121e+00	-2.1732574558e+00	-1.9465955626e-01
0.2672            	-9.8758478308e-01	1.4148760850e-01	-2.3651342435e+00	-2.1701519049e+00	-1.9498233869e-01
0.2674            	-9.8505288486e-01	1.4095521069e-01	-2.3606362647e+00	-2.1653710172e+00	-1.9526524751e-01
0.2676            	-9.8154633023e-01	1.4010775277e-01	-2.3540612228e+00	-2.1585769416e+00	-1.9548428116e-01
0.2678            	-9.7929938978e-01	1.3965262399e-01	-2.3493406525e+00	-2.1539697160e+00	-1.9537093647e-01
0.268             	-9.7857688274e-01	1.3963837498e-01	-2.3471208336e+00	-2.1521372995e+00	-1.9498353406e-01
0.2682            	-9.7767365765e-01	1.3949977503e-01	-2.3446273864e+00	-2.1499873508e+00	-1.9464003554e-01
0.2684            	-9.7717114857e-01	1.3952327047e-01	-2.3429138921e+00	-2.1486280946e+00	-1.9428579747e-01
0.2686            	-9.7644194423e-01	1.3942381820e-01	-2.3407723692e+00	-2.1468281288e+00	-1.9394424035e-01
0.2688            	-9.7590080721e-01	1.3933336610e-01	-2.3392570344e+00	-2.1455293244e+00	-1.9372771001e-01
0.269             	-9.7477965338e-01	1.3897821799e-01	-2.3368344737e+00	-2.1431968902e+00	-1.9363758347e-01
0.2692            	-9.7304733594e-01	1.3840283810e-01	-2.3334101301e+00	-2.1397524010e+00	-1.9365772912e-01
0.2694            	-9.7193979573e-01	1.3803117021e-01	-2.3310969772e+00	-2.1374882843e+00	-1.9360869288e-01
0.2696            	-9.7124245558e-01	1.3775380583e-01	-2.3295281150e+00	-2.1360065131e+00	-1.9352160189e-01
0.2698            	-9.7361325283e-01	1.3848859807e-01	-2.3335955878e+00	-2.1404110467e+00	-1.9318454109e-01
0.27              	-9.7479060036e-01	1.3877513260e-01	-2.3357188841e+00	-2.1426500424e+00	-1.9306884171e-01
0.2702            	-9.7508857198e-01	1.3897180660e-01	-2.3364306043e+00	-2.1433038741e+00	-1.9312673015e-01
0.2704            	-9.7526419875e-01	1.3919985919e-01	-2.3371163631e+00	-2.1438223803e+00	-1.9329398280e-01
0.2706            	-9.7514144517e-01	1.3946681362e-01	-2.3373142450e+00	-2.1437985677e+00	-1.9351567734e-01
0.2708            	-9.7403704711e-01	1.3946917785e-01	-2.3358671976e+00	-2.1419706459e+00	-1.9389655171e-01
0.271             	-9.7153981979e-01	1.3908878889e-01	-2.3317990758e+00	-2.1374393577e+00	-1.9435971810e-01
0.2712            	-9.6734159452e-01	1.3811011932e-01	-2.3243234407e+00	-2.1295033149e+00	-1.9482012583e-01
0.2714            	-9.6416868972e-01	1.3746410192e-01	-2.3181558014e+00	-2.1232465904e+00	-1.9490921098e-01
0.2716            	-9.6371523510e-01	1.3752109287e-01	-2.3162146510e+00	-2.1218225606e+00	-1.9439209038e-01
0.2718            	-9.6409843250e-01	1.3778351287e-01	-2.3158082871e+00	-2.1220025760e+00	-1.9380571103e-01
0.272             	-9.6440012702e-01	1.3793696678e-01	-2.3153573381e+00	-2.1220787960e+00	-1.9327854201e-01
0.2722            	-9.6427456877e-01	1.3795313873e-01	-2.3143945293e+00	-2.1214718334e+00	-1.9292269587e-01
0.2724            	-9.6422331154e-01	1.3801120600e-01	-2.3136636177e+00	-2.1210551204e+00	-1.9260849730e-01
0.2726            	-9.6384172961e-01	1.3802915948e-01	-2.3126932853e+00	-2.1201883723e+00	-1.9250491304e-01
0.2728            	-9.6303880097e-01	1.3782070668e-01	-2.3112527956e+00	-2.1186651988e+00	-1.9258759686e-01
0.273             	-9.6185045156e-01	1.3752645451e-01	-2.3092816685e+00	-2.1164912858e+00	-1.9279038271e-01
0.2732            	-9.6294086094e-01	1.3797137815e-01	-2.3115497884e+00	-2.1187157551e+00	-1.9283403324e-01
0.2734            	-9.6653518355e-01	1.3924094177e-01	-2.3185034437e+00	-2.1257869054e+00	-1.9271653830e-01
0.2736            	-9.6686077963e-01	1.3927717132e-01	-2.3196466195e+00	-2.1266840894e+00	-1.9296253011e-01
0.2738            	-9.6444638903e-01	1.3873843448e-01	-2.3160768748e+00	-2.1224848264e+00	-1.9359204838e-01
0.274             	-9.6198445666e-01	1.3822857852e-01	-2.3124532451e+00	-2.1182110792e+00	-1.9424216591e-01
0.2742            	-9.6074934946e-01	1.3818048218e-01	-2.3107310828e+00	-2.1161148909e+00	-1.9461619195e-01
0.2744            	-9.6015483533e-01	1.3831118856e-01	-2.3099261167e+00	-2.1151178937e+00	-1.9480822301e-01
0.2746            	-9.5948094619e-01	1.3839808545e-01	-2.3087447832e+00	-2.1138533378e+00	-1.9489144543e-01
0.2748            	-9.5779494615e-01	1.3814546524e-01	-2.3055682993e+00	-2.1105790958e+00	-1.9498920352e-01
0.275             	-9.5645923998e-01	1.3809143602e-01	-2.3028605392e+00	-2.1078895096e+00	-1.9497102961e-01
0.2752            	-9.5570670279e-01	1.3830796107e-01	-2.3009337275e+00	-2.1061735665e+00	-1.9476016094e-01
0.2754            	-9.5427119869e-01	1.3821432833e-01	-2.2978783870e+00	-2.1032103922e+00	-1.9466799481e-01
0.2756            	-9.5244104565e-01	1.3785916071e-01	-2.2943168698e+00	-2.0995994805e+00	-1.9471738923e-01
0.2758            	-9.5037100132e-01	1.3724997917e-01	-2.2903750127e+00	-2.0955585077e+00	-1.9481650503e-01
0.276             	-9.4835674498e-01	1.3656581093e-01	-2.2864968661e+00	-2.0916051780e+00	-1.9489168806e-01
0.2762            	-9.4775665083e-01	1.3636967360e-01	-2.2850624899e+00	-2.0902878958e+00	-1.9477459412e-01
0.2764            	-9.4675399384e-01	1.3588379826e-01	-2.2829572415e+00	-2.0882326146e+00	-1.9472462693e-01
0.2766            	-9.4402848235e-01	1.3492453499e-01	-2.2774989822e+00	-2.0827779735e+00	-1.9472100875e-01
0.2768            	-9.4368126904e-01	1.3481427668e-01	-2.2763370164e+00	-2.0818497772e+00	-1.9448723917e-01
0.277             	-9.4413877719e-01	1.3497039989e-01	-2.2768315255e+00	-2.0825545400e+00	-1.9427698558e-01
0.2772            	-9.4477847324e-01	1.3516909437e-01	-2.2777389443e+00	-2.0836479454e+00	-1.9409099892e-01
0.2774            	-9.4552636968e-01	1.3544017665e-01	-2.2789512715e+00	-2.0850020054e+00	-1.9394926605e-01
0.2776            	-9.4531238542e-01	1.3542235986e-01	-2.2787818279e+00	-2.0847032994e+00	-1.9407852853e-01
0.2778            	-9.4426720924e-01	1.3531477141e-01	-2.2770907402e+00	-2.0828125794e+00	-1.9427816087e-01
0.278             	-9.4411267076e-01	1.3556038023e-01	-2.2769156727e+00	-2.0825705071e+00	-1.9434516559e-01
0.2782            	-9.4361922546e-01	1.3564588190e-01	-2.2758919218e+00	-2.0815651863e+00	-1.9432673543e-01
0.2784            	-9.4336022905e-01	1.3586733776e-01	-2.2753835198e+00	-2.0810519889e+00	-1.9433153084e-01
0.2786            	-9.4267480147e-01	1.3597332227e-01	-2.2741489679e+00	-2.0797492854e+00	-1.9439968248e-01
0.2788            	-9.4221955675e-01	1.3614560157e-01	-2.2732418635e+00	-2.0788404885e+00	-1.9440137500e-01
0.279             	-9.4225695544e-01	1.3650262266e-01	-2.2732269597e+00	-2.0788704353e+00	-1.9435652443e-01
0.2792            	-9.4164724788e-01	1.3659885934e-01	-2.2720785331e+00	-2.0776865144e+00	-1.9439201867e-01
0.2794            	-9.4048462661e-01	1.3649140024e-01	-2.2699140077e+00	-2.0754416305e+00	-1.9447237723e-01
0.2796            	-9.3849704018e-01	1.3610611330e-01	-2.2662819699e+00	-2.0716380251e+00	-1.9464394478e-01
0.2798            	-9.3683967156e-01	1.3575974614e-01	-2.2633231379e+00	-2.0685012405e+00	-1.9482189741e-01
0.28              	-9.3668205533e-01	1.3582062560e-01	-2.2630760415e+00	-2.0682200761e+00	-1.9485596544e-01
0.2802            	-9.3603627421e-01	1.3556499093e-01	-2.2619481032e+00	-2.0670103258e+00	-1.9493777741e-01
0.2804            	-9.3484481164e-01	1.3516527658e-01	-2.2598452372e+00	-2.0647674303e+00	-1.9507780698e-01
0.2806            	-9.3469613060e-01	1.3524048241e-01	-2.2597532185e+00	-2.0645727398e+00	-1.9518047862e-01
0.2808            	-9.3546459674e-01	1.3573157176e-01	-2.2615931431e+00	-2.0662611683e+00	-1.9533197480e-01
0.281             	-9.3494844416e-01	1.3575062261e-01	-2.2610820794e+00	-2.0654894839e+00	-1.9559259553e-01
0.2812            	-9.3300497260e-01	1.3539203553e-01	-2.2579317478e+00	-2.0619708465e+00	-1.9596090128e-01
0.2814            	-9.2855753192e-01	1.3425702797e-01	-2.2501799044e+00	-2.0536474841e+00	-1.9653242026e-01
0.2816            	-9.2377887553e-01	1.3303915433e-01	-2.2414527262e+00	-2.0445052386e+00	-1.9694748755e-01
0.2818            	-9.2575888558e-01	1.3401821599e-01	-2.2446034488e+00	-2.0480606100e+00	-1.9654283881e-01
0.282             	-9.2653546015e-01	1.3420494692e-01	-2.2457176381e+00	-2.0493942792e+00	-1.9632335888e-01
0.2822            	-9.2701479234e-01	1.3437658544e-01	-2.2463782726e+00	-2.0502039287e+00	-1.9617434398e-01
0.2824            	-9.2779483608e-01	1.3476882418e-01	-2.2477473568e+00	-2.0516685145e+00	-1.9607884233e-01
0.2826            	-9.2824876328e-01	1.3514858425e-01	-2.2489060800e+00	-2.0527018033e+00	-1.9620427670e-01
0.2828            	-9.2850531806e-01	1.3555363762e-01	-2.2500292986e+00	-2.0535199674e+00	-1.9650933123e-01
0.283             	-9.2878865870e-01	1.3600799523e-01	-2.2513969384e+00	-2.0544871279e+00	-1.9690981049e-01
0.2832            	-9.2829166454e-01	1.3616469507e-01	-2.2515310519e+00	-2.0540571905e+00	-1.9747386141e-01
0.2834            	-9.2552286949e-01	1.3548887030e-01	-2.2474653217e+00	-2.0492555304e+00	-1.9820979138e-01
0.2836            	-9.2333031588e-01	1.3519123041e-01	-2.2440466130e+00	-2.0453536224e+00	-1.9869299060e-01
0.2838            	-9.2007350953e-01	1.3455854960e-01	-2.2382521386e+00	-2.0391995789e+00	-1.9905255979e-01
0.284             	-9.1701846923e-01	1.3393233997e-01	-2.2324826529e+00	-2.0332597957e+00	-1.9922285722e-01
0.2842            	-9.1673996470e-01	1.3415324167e-01	-2.2314852875e+00	-2.0324826084e+00	-1.9900267905e-01
0.2844            	-9.1615613023e-01	1.3409844335e-01	-2.2298150124e+00	-2.0310636364e+00	-1.9875137597e-01
0.2846            	-9.1669381522e-01	1.3445020415e-01	-2.2303821678e+00	-2.0318848991e+00	-1.9849726867e-01
0.2848            	-9.1676542066e-01	1.3457977966e-01	-2.2304367708e+00	-2.0319838061e+00	-1.9845296473e-01
0.285             	-9.1607078266e-01	1.3446228235e-01	-2.2292834505e+00	-2.0307125079e+00	-1.9857094259e-01
0.2852            	-9.1578450578e-01	1.3458973376e-01	-2.2291107756e+00	-2.0303398936e+00	-1.9877088201e-01
0.2854            	-9.1529518419e-01	1.3459655406e-01	-2.2286661734e+00	-2.0296282709e+00	-1.9903790254e-01
0.2856            	-9.1352518316e-01	1.3418278966e-01	-2.2260768536e+00	-2.0265636099e+00	-1.9951324361e-01
0.2858            	-9.1136996963e-01	1.3373119448e-01	-2.2225832415e+00	-2.0226615904e+00	-1.9992165113e-01
0.286             	-9.0940204662e-01	1.3337222533e-01	-2.2191218780e+00	-2.0189629856e+00	-2.0015889240e-01
0.2862            	-9.0764974582e-01	1.3303065476e-01	-2.2157835399e+00	-2.0155415158e+00	-2.0024202412e-01
0.2864            	-9.0709979480e-01	1.3307051082e-01	-2.2146345622e+00	-2.0144170759e+00	-2.0021748632e-01
0.2866            	-9.0673733118e-01	1.3313690339e-01	-2.2139535868e+00	-2.0137141246e+00	-2.0023946224e-01
0.2868            	-9.0664642156e-01	1.3321279902e-01	-2.2137646299e+00	-2.0135287365e+00	-2.0023589338e-01
0.287             	-9.0586325011e-01	1.3304302723e-01	-2.2125457689e+00	-2.0121361345e+00	-2.0040963432e-01
0.2872            	-9.0509488725e-01	1.3298113524e-01	-2.2112654846e+00	-2.0107276295e+00	-2.0053785504e-01
0.2874            	-9.0436254777e-01	1.3298510598e-01	-2.2100148509e+00	-2.0093699732e+00	-2.0064487768e-01
0.2876            	-9.0346661743e-01	1.3294518034e-01	-2.2086042756e+00	-2.0077687552e+00	-2.0083552037e-01
0.2878            	-9.0049819204e-01	1.3215353313e-01	-2.2032172918e+00	-2.0021068380e+00	-2.0111045388e-01
0.288             	-8.9806412028e-01	1.3169779288e-01	-2.1986061167e+00	-1.9973671786e+00	-2.0123893810e-01
0.2882            	-8.9674125210e-01	1.3161837209e-01	-2.1958373471e+00	-1.9946599257e+00	-2.0117742146e-01
0.2884            	-8.9697379684e-01	1.3192989577e-01	-2.1957689000e+00	-1.9948582468e+00	-2.0091065316e-01
0.2886            	-8.9686018145e-01	1.3201706791e-01	-2.1950732789e+00	-1.9943968209e+00	-2.0067645800e-01
0.2888            	-8.9679700515e-01	1.3215868470e-01	-2.1947418445e+00	-1.9941679274e+00	-2.0057391712e-01
0.289             	-8.9582524395e-01	1.3196133249e-01	-2.1928797355e+00	-1.9922651117e+00	-2.0061462380e-01
0.2892            	-8.9391084372e-01	1.3145192176e-01	-2.1892721246e+00	-1.9885469060e+00	-2.0072521859e-01
0.2894            	-8.9013528121e-01	1.3031756456e-01	-2.1821243005e+00	-1.9811974314e+00	-2.0092686902e-01
0.2896            	-8.8850109411e-01	1.2995722050e-01	-2.1786786486e+00	-1.9778404184e+00	-2.0083823019e-01
0.2898            	-8.9137983161e-01	1.3101623432e-01	-2.1835787732e+00	-1.9831692182e+00	-2.0040955501e-01
0.29              	-8.9251052834e-01	1.3127490334e-01	-2.1854416238e+00	-1.9852313402e+00	-2.0021028356e-01
0.2902            	-8.9212136904e-01	1.3110269824e-01	-2.1848303539e+00	-1.9845365460e+00	-2.0029380791e-01
0.2904            	-8.9102892972e-01	1.3085441007e-01	-2.1829232030e+00	-1.9824905312e+00	-2.0043267178e-01
0.2906            	-8.9005412147e-01	1.3080496895e-01	-2.1811799146e+00	-1.9806440788e+00	-2.0053583581e-01
0.2908            	-8.8857257503e-01	1.3063526755e-01	-2.1786046915e+00	-1.9778749208e+00	-2.0072977072e-01
0.291             	-8.8725733897e-01	1.3054614653e-01	-2.1761281567e+00	-1.9753214173e+00	-2.0080673941e-01
0.2912            	-8.8455694354e-01	1.3002512121e-01	-2.1709506721e+00	-1.9700322796e+00	-2.0091839250e-01
0.2914            	-8.8319273510e-01	1.2998923254e-01	-2.1675592635e+00	-1.9669723668e+00	-2.0058689664e-01
0.2916            	-8.8264126502e-01	1.3015035013e-01	-2.1658187500e+00	-1.9655506400e+00	-2.0026810995e-01
0.2918            	-8.8204532663e-01	1.3015870326e-01	-2.1640858450e+00	-1.9640882491e+00	-1.9999759586e-01
0.292             	-8.8208445517e-01	1.3026935215e-01	-2.1636951803e+00	-1.9639320453e+00	-1.9976313499e-01
0.2922            	-8.8236139211e-01	1.3044147351e-01	-2.1639222567e+00	-1.9643225205e+00	-1.9959973623e-01
0.2924            	-8.8335123076e-01	1.3080936712e-01	-2.1656664052e+00	-1.9661844334e+00	-1.9948197183e-01
0.2926            	-8.8306662245e-01	1.3069972112e-01	-2.1652527289e+00	-1.9656929869e+00	-1.9955974201e-01
0.2928            	-8.8001967958e-01	1.2978095373e-01	-2.1598078066e+00	-1.9599235829e+00	-1.9988422372e-01
0.293             	-8.7691277588e-01	1.2912780963e-01	-2.1539624507e+00	-1.9538940012e+00	-2.0006844947e-01
0.2932            	-8.7567328734e-01	1.2901450653e-01	-2.1512129751e+00	-1.9512797749e+00	-1.9993320022e-01
0.2934            	-8.7504775280e-01	1.2905736000e-01	-2.1496613222e+00	-1.9498784139e+00	-1.9978290830e-01
0.2936            	-8.7461870603e-01	1.2911245442e-01	-2.1486304012e+00	-1.9489339066e+00	-1.9969649455e-01
0.2938            	-8.7579901394e-01	1.2968253968e-01	-2.1505282418e+00	-1.9510631348e+00	-1.9946510695e-01
0.294             	-8.7910726941e-01	1.3083173426e-01	-2.1568113320e+00	-1.9575129354e+00	-1.9929839657e-01
0.2942            	-8.7798062472e-01	1.3052036920e-01	-2.1552634320e+00	-1.9556123407e+00	-1.9965109129e-01
0.2944            	-8.7716542554e-01	1.3049753101e-01	-2.1546700673e+00	-1.9545004592e+00	-2.0016960812e-01
0.2946            	-8.7638608975e-01	1.3058378202e-01	-2.1542437029e+00	-1.9535079412e+00	-2.0073576168e-01
0.2948            	-8.7505929437e-01	1.3045879110e-01	-2.1526109225e+00	-1.9513647556e+00	-2.0124616689e-01
0.295             	-8.7304129933e-01	1.3015728733e-01	-2.1495399283e+00	-1.9478112635e+00	-2.0172866479e-01
0.2952            	-8.7099841220e-01	1.2998295914e-01	-2.1461981566e+00	-1.9440974905e+00	-2.0210066610e-01
0.2954            	-8.6935556305e-01	1.3002023731e-01	-2.1436460268e+00	-1.9411785765e+00	-2.0246745036e-01
0.2956            	-8.6738022637e-01	1.2974708829e-01	-2.1400226781e+00	-1.9373915654e+00	-2.0263111266e-01
0.2958            	-8.6491881651e-01	1.2931568461e-01	-2.1355357703e+00	-1.9326867017e+00	-2.0284906866e-01
0.296             	-8.6193126274e-01	1.2866373436e-01	-2.1296847710e+00	-1.9267736483e+00	-2.0291112277e-01
0.2962            	-8.6009032515e-01	1.2837487314e-01	-2.1258135138e+00	-1.9229970820e+00	-2.0281643173e-01
0.2964            	-8.5943226129e-01	1.2846755587e-01	-2.1240116641e+00	-1.9214380933e+00	-2.0257357076e-01
0.2966            	-8.5917992960e-01	1.2862660778e-01	-2.1230268617e+00	-1.9206933605e+00	-2.0233350128e-01
0.2968            	-8.5873181197e-01	1.2872509869e-01	-2.1219021389e+00	-1.9196828814e+00	-2.0221925748e-01
0.297             	-8.5830878671e-01	1.2868906539e-01	-2.1208625171e+00	-1.9187400453e+00	-2.0212247186e-01
0.2972            	-8.5762442832e-01	1.2865237356e-01	-2.1194657235e+00	-1.9173572901e+00	-2.0210843342e-01
0.2974            	-8.5732234047e-01	1.2873156599e-01	-2.1188314566e+00	-1.9167380688e+00	-2.0209338782e-01
0.2976            	-8.5701771458e-01	1.2880758467e-01	-2.1182029081e+00	-1.9161191687e+00	-2.0208373949e-01
0.2978            	-8.5609226497e-01	1.2868373921e-01	-2.1164774395e+00	-1.9143309847e+00	-2.0214645477e-01
0.298             	-8.5491687608e-01	1.2851187933e-01	-2.1142479389e+00	-1.9120408455e+00	-2.0220709339e-01
0.2982            	-8.5343198970e-01	1.2828581474e-01	-2.1114706778e+00	-1.9091673286e+00	-2.0230334919e-01
0.2984            	-8.5233068476e-01	1.2825060436e-01	-2.1094453208e+00	-1.9070533451e+00	-2.0239197562e-01
0.2986            	-8.5168593629e-01	1.2829137484e-01	-2.1082299136e+00	-1.9058008931e+00	-2.0242902049e-01
0.2988            	-8.5083657111e-01	1.2825582634e-01	-2.1066781359e+00	-1.9041756391e+00	-2.0250249686e-01
0.299             	-8.4968048024e-01	1.2811904915e-01	-2.1045695610e+00	-1.9019652608e+00	-2.0260430027e-01
0.2992            	-8.4917565708e-01	1.2823240684e-01	-2.1038904642e+00	-1.9011208892e+00	-2.0276957500e-01
0.2994            	-8.4862864406e-01	1.2830591804e-01	-2.1031718552e+00	-1.9002145716e+00	-2.0295728353e-01
0.2996            	-8.4962246456e-01	1.2896430818e-01	-2.1057295799e+00	-1.9024872545e+00	-2.0324232541e-01
0.2998            	-8.4844337254e-01	1.2882094378e-01	-2.1044501223e+00	-1.9006684337e+00	-2.0378168860e-01
0.3               	-8.4757116142e-01	1.2883083382e-01	-2.1037348164e+00	-1.8994385696e+00	-2.0429624680e-01
0.3002            	-8.4647886168e-01	1.2890419528e-01	-2.1024109586e+00	-1.8976843410e+00	-2.0472661763e-01
0.3004            	-8.4510548693e-01	1.2883930657e-01	-2.1005949591e+00	-1.8954029665e+00	-2.0519199260e-01
0.3006            	-8.4251935707e-01	1.2847971566e-01	-2.0964721284e+00	-1.8907554213e+00	-2.0571670711e-01
0.3008            	-8.3866308725e-01	1.2763628675e-01	-2.0898746401e+00	-1.8836004073e+00	-2.0627423279e-01
0.301             	-8.3626587088e-01	1.2735874039e-01	-2.0855937572e+00	-1.8790627495e+00	-2.0653100773e-01
0.3012            	-8.3555333534e-01	1.2755705512e-01	-2.0841304768e+00	-1.8776185737e+00	-2.0651190304e-01
0.3014            	-8.3570227017e-01	1.2794149636e-01	-2.0843601187e+00	-1.8778823295e+00	-2.0647778919e-01
0.3016            	-8.3740858415e-01	1.2874682106e-01	-2.0877426609e+00	-1.8812799146e+00	-2.0646274632e-01
0.3018            	-8.3723771954e-01	1.2887554252e-01	-2.0878093242e+00	-1.8811423816e+00	-2.0666694255e-01
0.302             	-8.3531433617e-01	1.2851841979e-01	-2.0847134447e+00	-1.8776710585e+00	-2.0704238616e-01
0.3022            	-8.3251790967e-01	1.2799384141e-01	-2.0802044961e+00	-1.8726201577e+00	-2.0758433836e-01
0.3024            	-8.2905793358e-01	1.2722880133e-01	-2.0741842683e+00	-1.8661500677e+00	-2.0803420058e-01
0.3026            	-8.2689701657e-01	1.2691732735e-01	-2.0704839300e+00	-1.8621389816e+00	-2.0834494842e-01
0.3028            	-8.2518376859e-01	1.2664822163e-01	-2.0674535278e+00	-1.8589105325e+00	-2.0854299528e-01
0.303             	-8.2500517636e-01	1.2683039466e-01	-2.0673247757e+00	-1.8586675642e+00	-2.0865721148e-01
0.3032            	-8.2596290449e-01	1.2720894929e-01	-2.0692298817e+00	-1.8605778453e+00	-2.0865203636e-01
0.3034            	-8.2579548154e-01	1.2723350516e-01	-2.0692552419e+00	-1.8604231025e+00	-2.0883213942e-01
0.3036            	-8.2494269674e-01	1.2717445877e-01	-2.0682550019e+00	-1.8590701977e+00	-2.0918480422e-01
0.3038            	-8.2449454320e-01	1.2744629383e-01	-2.0682425301e+00	-1.8586158083e+00	-2.0962672185e-01
0.304             	-8.2339090227e-01	1.2750083733e-01	-2.0672059986e+00	-1.8569939016e+00	-2.1021209702e-01
0.3042            	-8.2091397551e-01	1.2714079500e-01	-2.0634401526e+00	-1.8526340518e+00	-2.1080610079e-01
0.3044            	-8.1529547522e-01	1.2577124151e-01	-2.0533737409e+00	-1.8419823457e+00	-2.1139139522e-01
0.3046            	-8.1309964027e-01	1.2566164142e-01	-2.0492576841e+00	-1.8377284823e+00	-2.1152920180e-01
0.3048            	-8.1228469757e-01	1.2573664438e-01	-2.0473051158e+00	-1.8359372555e+00	-2.1136786031e-01
0.305             	-8.1257725435e-01	1.2606143512e-01	-2.0473992109e+00	-1.8362768598e+00	-2.1112235112e-01
0.3052            	-8.1355856347e-01	1.2648527838e-01	-2.0485662618e+00	-1.8378416944e+00	-2.1072456744e-01
0.3054            	-8.1375803660e-01	1.2671256827e-01	-2.0488625236e+00	-1.8381892984e+00	-2.1067322521e-01
0.3056            	-8.1393997184e-01	1.2700293175e-01	-2.0493308643e+00	-1.8386054040e+00	-2.1072546029e-01
0.3058            	-8.1335995653e-01	1.2712614280e-01	-2.0489520551e+00	-1.8378359841e+00	-2.1111607103e-01
0.306             	-8.1223845298e-01	1.2716753695e-01	-2.0478713544e+00	-1.8361741302e+00	-2.1169722422e-01
0.3062            	-8.1075413405e-01	1.2706797829e-01	-2.0458040579e+00	-1.8336561630e+00	-2.1214789490e-01
0.3064            	-8.0837893026e-01	1.2665871510e-01	-2.0419591742e+00	-1.8293585174e+00	-2.1260065683e-01
0.3066            	-8.0513741097e-01	1.2601980196e-01	-2.0357954967e+00	-1.8230351593e+00	-2.1276033737e-01
0.3068            	-8.0349671501e-01	1.2601340716e-01	-2.0324421155e+00	-1.8197177728e+00	-2.1272434275e-01
0.307             	-8.0326608487e-01	1.2638252487e-01	-2.0310350331e+00	-1.8187836014e+00	-2.1225143168e-01
0.3072            	-8.0301450355e-01	1.2658398304e-01	-2.0292334997e+00	-1.8176312534e+00	-2.1160224631e-01
0.3074            	-8.0229615864e-01	1.2665009023e-01	-2.0271650921e+00	-1.8158787047e+00	-2.1128638739e-01
0.3076            	-8.0199566842e-01	1.2672675336e-01	-2.0258462886e+00	-1.8149188127e+00	-2.1092747587e-01
0.3078            	-8.0133982294e-01	1.2666161297e-01	-2.0242923639e+00	-1.8134860049e+00	-2.1080635899e-01
0.308             	-8.0096812680e-01	1.2652709315e-01	-2.0230122246e+00	-1.8124742391e+00	-2.1053798550e-01
0.3082            	-8.0001767217e-01	1.2635087614e-01	-2.0212764805e+00	-1.8106559124e+00	-2.1062056810e-01
0.3084            	-7.9905926720e-01	1.2607164667e-01	-2.0195475639e+00	-1.8088330492e+00	-2.1071451478e-01
0.3086            	-7.9815609436e-01	1.2581857729e-01	-2.0178894171e+00	-1.8071008029e+00	-2.1078861418e-01
0.3088            	-7.9694640941e-01	1.2557778782e-01	-2.0160026376e+00	-1.8049477282e+00	-2.1105490940e-01
0.309             	-7.9600575000e-01	1.2536431443e-01	-2.0142772191e+00	-1.8031443596e+00	-2.1113285957e-01
0.3092            	-7.9483584450e-01	1.2511564632e-01	-2.0122906123e+00	-1.8009811507e+00	-2.1130946166e-01
0.3094            	-7.9347448217e-01	1.2491337983e-01	-2.0102690219e+00	-1.7986089931e+00	-2.1166002875e-01
0.3096            	-7.9226464145e-01	1.2461311943e-01	-2.0080901019e+00	-1.7963096924e+00	-2.1178040952e-01
0.3098            	-7.9089095549e-01	1.2442481339e-01	-2.0059749291e+00	-1.7938784200e+00	-2.1209650905e-01
0.31              	-7.8982652388e-01	1.2432505459e-01	-2.0040288689e+00	-1.7918409583e+00	-2.1218791055e-01
0.3102            	-7.8950384905e-01	1.2443190032e-01	-2.0028833825e+00	-1.7909455403e+00	-2.1193784218e-01
0.3104            	-7.8968825271e-01	1.2463145227e-01	-2.0021657144e+00	-1.7907711099e+00	-2.1139460451e-01
0.3106            	-7.9019816248e-01	1.2483841431e-01	-2.0015186979e+00	-1.7909575114e+00	-2.1056118645e-01
0.3108            	-7.9030079615e-01	1.2520039754e-01	-2.0005962121e+00	-1.7905989022e+00	-2.0999730992e-01
0.311             	-7.9038596737e-01	1.2557771817e-01	-2.0000714408e+00	-1.7904216878e+00	-2.0964975303e-01
0.3112            	-7.9011778404e-01	1.2584342863e-01	-1.9988697674e+00	-1.7895526677e+00	-2.0931709967e-01
0.3114            	-7.8946569426e-01	1.2603913371e-01	-1.9973047485e+00	-1.7881180685e+00	-2.0918667999e-01
0.3116            	-7.8880443483e-01	1.2615023579e-01	-1.9958359033e+00	-1.7867223865e+00	-2.0911351682e-01
0.3118            	-7.8845103274e-01	1.2631114353e-01	-1.9944722515e+00	-1.7856871585e+00	-2.0878509299e-01
0.312             	-7.8845626522e-01	1.2660028596e-01	-1.9935684503e+00	-1.7852404904e+00	-2.0832795993e-01
0.3122            	-7.8887195921e-01	1.2696283695e-01	-1.9931782583e+00	-1.7854610884e+00	-2.0771716995e-01
0.3124            	-7.8919224802e-01	1.2722394514e-01	-1.9923877497e+00	-1.7853861229e+00	-2.0700162684e-01
0.3126            	-7.8914507159e-01	1.2742748632e-01	-1.9916917893e+00	-1.7849909662e+00	-2.0670082305e-01
0.3128            	-7.8860226207e-01	1.2744160093e-01	-1.9902492238e+00	-1.7837268740e+00	-2.0652234982e-01
0.313             	-7.8749878327e-01	1.2733461600e-01	-1.9885081422e+00	-1.7817528544e+00	-2.0675528784e-01
0.3132            	-7.8648696691e-01	1.2728266990e-01	-1.9870933706e+00	-1.7800336522e+00	-2.0705971838e-01
0.3134            	-7.8524970712e-01	1.2712625272e-01	-1.9853053727e+00	-1.7779023935e+00	-2.0740297921e-01
0.3136            	-7.8390920502e-01	1.2704776489e-01	-1.9833853693e+00	-1.7756018897e+00	-2.0778347965e-01
0.3138            	-7.8286141695e-01	1.2716837294e-01	-1.9822142716e+00	-1.7739685527e+00	-2.0824571883e-01
0.314             	-7.8191425455e-01	1.2724530328e-01	-1.9806394129e+00	-1.7722339610e+00	-2.0840545192e-01
0.3142            	-7.8075841953e-01	1.2738310347e-01	-1.9788271816e+00	-1.7701720103e+00	-2.0865517125e-01
0.3144            	-7.7927678448e-01	1.2733775784e-01	-1.9763019179e+00	-1.7674277434e+00	-2.0887417447e-01
0.3146            	-7.7779406441e-01	1.2737573725e-01	-1.9741443083e+00	-1.7648662185e+00	-2.0927808972e-01
0.3148            	-7.7666961906e-01	1.2742590589e-01	-1.9720235916e+00	-1.7626814149e+00	-2.0934217674e-01
0.315             	-7.7543233560e-01	1.2743092485e-01	-1.9699970733e+00	-1.7604308722e+00	-2.0956620104e-01
0.3152            	-7.7432410780e-01	1.2743254236e-01	-1.9681891951e+00	-1.7584187053e+00	-2.0977048975e-01
0.3154            	-7.7311547658e-01	1.2736684201e-01	-1.9663447306e+00	-1.7562878419e+00	-2.1005688870e-01
0.3156            	-7.7167383853e-01	1.2728093768e-01	-1.9644220058e+00	-1.7538848414e+00	-2.1053716435e-01
0.3158            	-7.7047130007e-01	1.2712282437e-01	-1.9628851654e+00	-1.7519138828e+00	-2.1097128264e-01
0.316             	-7.6919844026e-01	1.2693912145e-01	-1.9613000455e+00	-1.7498484630e+00	-2.1145158247e-01
0.3162            	-7.6805706466e-01	1.2671678797e-01	-1.9597790593e+00	-1.7479465943e+00	-2.1183246498e-01
0.3164            	-7.6661838483e-01	1.2648345066e-01	-1.9577376852e+00	-1.7454872274e+00	-2.1225045775e-01
0.3166            	-7.6503999082e-01	1.2628771576e-01	-1.9554987675e+00	-1.7427893746e+00	-2.1270939294e-01
0.3168            	-7.6305873585e-01	1.2607704877e-01	-1.9525776788e+00	-1.7393475752e+00	-2.1323010354e-01
0.317             	-7.6135428780e-01	1.2606338886e-01	-1.9503175332e+00	-1.7365130544e+00	-2.1380447878e-01
0.3172            	-7.5970016822e-01	1.2614105441e-01	-1.9479777314e+00	-1.7336890339e+00	-2.1428869746e-01
0.3174            	-7.5842590716e-01	1.2626855332e-01	-1.9461560081e+00	-1.7315039112e+00	-2.1465209687e-01
0.3176            	-7.5709350252e-01	1.2628138679e-01	-1.9443227971e+00	-1.7292549011e+00	-2.1506789605e-01
0.3178            	-7.5596532653e-01	1.2626656188e-01	-1.9428342126e+00	-1.7273824328e+00	-2.1545177975e-01
0.318             	-7.5484989982e-01	1.2621510865e-01	-1.9413609097e+00	-1.7255303547e+00	-2.1583055504e-01
0.3182            	-7.5359967839e-01	1.2614401742e-01	-1.9394741875e+00	-1.7233367722e+00	-2.1613741538e-01
0.3184            	-7.5217983636e-01	1.2600742431e-01	-1.9371770828e+00	-1.7207683778e+00	-2.1640870505e-01
0.3186            	-7.5089162306e-01	1.2590870445e-01	-1.9350382367e+00	-1.7184107414e+00	-2.1662749530e-01
0.3188            	-7.5004907486e-01	1.2596213584e-01	-1.9335162094e+00	-1.7168071796e+00	-2.1670902985e-01
0.319             	-7.4891211947e-01	1.2598795723e-01	-1.9315084659e+00	-1.7146663524e+00	-2.1684211350e-01
0.3192            	-7.4763910363e-01	1.2594034081e-01	-1.9293359779e+00	-1.7123070926e+00	-2.1702888532e-01
0.3194            	-7.4604060232e-01	1.2591081754e-01	-1.9268121618e+00	-1.7094466832e+00	-2.1736547859e-01
0.3196            	-7.4424569584e-01	1.2583346737e-01	-1.9242628857e+00	-1.7063771387e+00	-2.1788574700e-01
0.3198            	-7.4245475844e-01	1.2580134032e-01	-1.9217798903e+00	-1.7033447036e+00	-2.1843518671e-01
0.32              	-7.4080428251e-01	1.2582935940e-01	-1.9195006941e+00	-1.7005546295e+00	-2.1894606452e-01
0.3202            	-7.3932335351e-01	1.2583095826e-01	-1.9173451824e+00	-1.6979959447e+00	-2.1934923768e-01
0.3204            	-7.3812349028e-01	1.2586323071e-01	-1.9153146966e+00	-1.6957808386e+00	-2.1953385803e-01
0.3206            	-7.3728238481e-01	1.2592704316e-01	-1.9137607622e+00	-1.6941627659e+00	-2.1959799629e-01
0.3208            	-7.3656289595e-01	1.2601521845e-01	-1.9124494787e+00	-1.6927876353e+00	-2.1966184340e-01
0.321             	-7.3568901949e-01	1.2602779688e-01	-1.9109293322e+00	-1.6911536856e+00	-2.1977564662e-01
0.3212            	-7.3488949685e-01	1.2608112553e-01	-1.9093361176e+00	-1.6895575556e+00	-2.1977856194e-01
0.3214            	-7.3393478819e-01	1.2615963579e-01	-1.9075051038e+00	-1.6876873401e+00	-2.1981776371e-01
0.3216            	-7.3313172680e-01	1.2619293965e-01	-1.9059132004e+00	-1.6860883270e+00	-2.1982487342e-01
0.3218            	-7.3226096485e-01	1.2620030939e-01	-1.9044507141e+00	-1.6844863219e+00	-2.1996439221e-01
0.322             	-7.3112467380e-01	1.2604766558e-01	-1.9028294787e+00	-1.6825394131e+00	-2.2029006552e-01
0.3222            	-7.2952437173e-01	1.2576474337e-01	-1.9005105682e+00	-1.6797796558e+00	-2.2073091237e-01
0.3224            	-7.2770062792e-01	1.2543855469e-01	-1.8978413048e+00	-1.6766212803e+00	-2.2122002448e-01
0.3226            	-7.2608336134e-01	1.2526449061e-01	-1.8955072629e+00	-1.6738369928e+00	-2.2167027010e-01
0.3228            	-7.2465871203e-01	1.2530513612e-01	-1.8937611362e+00	-1.6715392801e+00	-2.2222185605e-01
0.323             	-7.2310513516e-01	1.2533545172e-01	-1.8917565191e+00	-1.6689833947e+00	-2.2277312437e-01
0.3232            	-7.2154316717e-01	1.2531696038e-01	-1.8895062075e+00	-1.6662962709e+00	-2.2320993659e-01
0.3234            	-7.2017625445e-01	1.2536180276e-01	-1.8873703219e+00	-1.6638614154e+00	-2.2350890651e-01
0.3236            	-7.1904091795e-01	1.2545163622e-01	-1.8854795040e+00	-1.6617806700e+00	-2.2369883405e-01
0.3238            	-7.1803732588e-01	1.2555579104e-01	-1.8835805507e+00	-1.6598276012e+00	-2.2375294948e-01
0.324             	-7.1714771976e-01	1.2566074057e-01	-1.8817485431e+00	-1.6580219913e+00	-2.2372655181e-01
0.3242            	-7.1636378976e-01	1.2572618730e-01	-1.8799740497e+00	-1.6563508146e+00	-2.2362323511e-01
0.3244            	-7.1567793629e-01	1.2587136179e-01	-1.8784094994e+00	-1.6548826860e+00	-2.2352681343e-01
0.3246            	-7.1502397370e-01	1.2590276003e-01	-1.8770891047e+00	-1.6535685261e+00	-2.2352057866e-01
0.3248            	-7.1423457514e-01	1.2581332634e-01	-1.8755473356e+00	-1.6520082430e+00	-2.2353909268e-01
0.325             	-7.1314332781e-01	1.2564535830e-01	-1.8736751907e+00	-1.6499809232e+00	-2.2369426754e-01
0.3252            	-7.1211571706e-01	1.2548268361e-01	-1.8720343513e+00	-1.6481328927e+00	-2.2390145858e-01
0.3254            	-7.1088383604e-01	1.2528381717e-01	-1.8703801454e+00	-1.6460739088e+00	-2.2430623668e-01
0.3256            	-7.0908933188e-01	1.2503137001e-01	-1.8680801089e+00	-1.6431293863e+00	-2.2495072259e-01
0.3258            	-7.0718837502e-01	1.2478000842e-01	-1.8655413556e+00	-1.6399590528e+00	-2.2558230280e-01
0.326             	-7.0555194271e-01	1.2462224020e-01	-1.8633455016e+00	-1.6372246935e+00	-2.2612080807e-01
0.3262            	-7.0390296178e-01	1.2453556492e-01	-1.8610646538e+00	-1.6344352887e+00	-2.2662936511e-01
0.3264            	-7.0241389187e-01	1.2443979604e-01	-1.8590585515e+00	-1.6319431676e+00	-2.2711538390e-01
0.3266            	-7.0080637719e-01	1.2444544514e-01	-1.8565969575e+00	-1.6291048559e+00	-2.2749210156e-01
0.3268            	-6.9937852774e-01	1.2449072227e-01	-1.8542912710e+00	-1.6265241632e+00	-2.2776710773e-01
0.327             	-6.9869417330e-01	1.2457951731e-01	-1.8527707404e+00	-1.6250795435e+00	-2.2769119693e-01
0.3272            	-6.9839938729e-01	1.2474080336e-01	-1.8515815632e+00	-1.6241901689e+00	-2.2739139433e-01
0.3274            	-6.9789939952e-01	1.2495486422e-01	-1.8502233391e+00	-1.6230110691e+00	-2.2721227005e-01
0.3276            	-6.9768522812e-01	1.2516848930e-01	-1.8492252093e+00	-1.6222978328e+00	-2.2692737653e-01
0.3278            	-6.9756459743e-01	1.2529993952e-01	-1.8482322783e+00	-1.6216807366e+00	-2.2655154172e-01
0.328             	-6.9753289176e-01	1.2546944523e-01	-1.8475789803e+00	-1.6213223819e+00	-2.2625659838e-01
0.3282            	-6.9730240248e-01	1.2561534787e-01	-1.8470655968e+00	-1.6208352009e+00	-2.2623039590e-01
0.3284            	-6.9664984374e-01	1.2555554951e-01	-1.8459573222e+00	-1.6196285048e+00	-2.2632881735e-01
0.3286            	-6.9528639387e-01	1.2537822034e-01	-1.8441259804e+00	-1.6173493841e+00	-2.2677659634e-01
0.3288            	-6.9395467798e-01	1.2526776497e-01	-1.8422014509e+00	-1.6150554034e+00	-2.2714604744e-01
0.329             	-6.9244896873e-01	1.2512990140e-01	-1.8399254692e+00	-1.6124117033e+00	-2.2751376586e-01
0.3292            	-6.9072071112e-01	1.2497303275e-01	-1.8374836601e+00	-1.6094625412e+00	-2.2802111892e-01
0.3294            	-6.8914908435e-01	1.2482673800e-01	-1.8352419568e+00	-1.6067700628e+00	-2.2847189407e-01
0.3296            	-6.8770971456e-01	1.2465018261e-01	-1.8329567638e+00	-1.6041880965e+00	-2.2876866733e-01
0.3298            	-6.8630839049e-01	1.2455369485e-01	-1.8309133911e+00	-1.6017650860e+00	-2.2914830504e-01
0.33              	-6.8508166871e-01	1.2453234241e-01	-1.8290542799e+00	-1.5996088086e+00	-2.2944547122e-01
0.3302            	-6.8379364363e-01	1.2451068004e-01	-1.8271274822e+00	-1.5973573847e+00	-2.2977009748e-01
0.3304            	-6.8262764928e-01	1.2466680552e-01	-1.8253527390e+00	-1.5953040188e+00	-2.3004872023e-01
0.3306            	-6.8167033230e-01	1.2487182175e-01	-1.8237439065e+00	-1.5935422856e+00	-2.3020162094e-01
0.3308            	-6.8085019142e-01	1.2506458271e-01	-1.8223369851e+00	-1.5920186840e+00	-2.3031830113e-01
0.331             	-6.8026306586e-01	1.2521656605e-01	-1.8209646636e+00	-1.5907453977e+00	-2.3021926595e-01
0.3312            	-6.7956674666e-01	1.2527583979e-01	-1.8195328347e+00	-1.5893331640e+00	-2.3019967070e-01
0.3314            	-6.7900963856e-01	1.2536973950e-01	-1.8181558964e+00	-1.5880875868e+00	-2.3006830965e-01
0.3316            	-6.7859283395e-01	1.2550060180e-01	-1.8171350101e+00	-1.5871603390e+00	-2.2997467110e-01
0.3318            	-6.7819639935e-01	1.2558156883e-01	-1.8160650540e+00	-1.5862289263e+00	-2.2983612764e-01
0.332             	-6.7753628744e-01	1.2568596769e-01	-1.8146034287e+00	-1.5848380018e+00	-2.2976542690e-01
0.3322            	-6.7690828733e-01	1.2575955019e-01	-1.8133708347e+00	-1.5835937047e+00	-2.2977713000e-01
0.3324            	-6.7577618803e-01	1.2584550940e-01	-1.8115648583e+00	-1.5815586172e+00	-2.3000624112e-01
0.3326            	-6.7450065243e-01	1.2588800762e-01	-1.8096032247e+00	-1.5793022648e+00	-2.3030095992e-01
0.3328            	-6.7282967842e-01	1.2594238413e-01	-1.8072847900e+00	-1.5764720734e+00	-2.3081271658e-01
0.333             	-6.7128096026e-01	1.2611807744e-01	-1.8053046099e+00	-1.5739332652e+00	-2.3137134468e-01
0.3332            	-6.6954313497e-01	1.2618605017e-01	-1.8032093238e+00	-1.5711477968e+00	-2.3206152691e-01
0.3334            	-6.6815726353e-01	1.2620354483e-01	-1.8012691236e+00	-1.5687918253e+00	-2.3247729830e-01
0.3336            	-6.6663830259e-01	1.2615509120e-01	-1.7991719944e+00	-1.5662242998e+00	-2.3294769460e-01
0.3338            	-6.6557637686e-01	1.2604972572e-01	-1.7975164909e+00	-1.5643346223e+00	-2.3318186859e-01
0.334             	-6.6462867123e-01	1.2604297252e-01	-1.7957713263e+00	-1.5625143344e+00	-2.3325699194e-01
0.3342            	-6.6385458441e-01	1.2600232368e-01	-1.7943054894e+00	-1.5610073291e+00	-2.3329816027e-01
0.3344            	-6.6310109656e-01	1.2605504930e-01	-1.7928583919e+00	-1.5595302925e+00	-2.3332809939e-01
0.3346            	-6.6233647617e-01	1.2611585851e-01	-1.7913680679e+00	-1.5580205101e+00	-2.3334755779e-01
0.3348            	-6.6108604416e-01	1.2623259669e-01	-1.7894574082e+00	-1.5558147483e+00	-2.3364265993e-01
0.335             	-6.5971834377e-01	1.2640668329e-01	-1.7875495040e+00	-1.5534930958e+00	-2.3405640821e-01
0.3352            	-6.5828768333e-01	1.2658770705e-01	-1.7856443590e+00	-1.5511098628e+00	-2.3453449615e-01
0.3354            	-6.5674739447e-01	1.2668404267e-01	-1.7836537636e+00	-1.5485742763e+00	-2.3507948735e-01
0.3356            	-6.5495024657e-01	1.2668496887e-01	-1.7812959178e+00	-1.5455982055e+00	-2.3569771232e-01
0.3358            	-6.5273555089e-01	1.2659714581e-01	-1.7785304747e+00	-1.5420007882e+00	-2.3652968647e-01
0.336             	-6.5106230463e-01	1.2640264829e-01	-1.7763616965e+00	-1.5392431529e+00	-2.3711854362e-01
0.3362            	-6.4954613365e-01	1.2626916767e-01	-1.7741963514e+00	-1.5366443093e+00	-2.3755204203e-01
0.3364            	-6.4833907800e-01	1.2621887074e-01	-1.7723940533e+00	-1.5345361047e+00	-2.3785794868e-01
0.3366            	-6.4705357299e-01	1.2620155238e-01	-1.7704303720e+00	-1.5322687590e+00	-2.3816161302e-01
0.3368            	-6.4600851151e-01	1.2620028841e-01	-1.7686960100e+00	-1.5303565165e+00	-2.3833949351e-01
0.337             	-6.4531101669e-01	1.2615951774e-01	-1.7675512347e+00	-1.5290866340e+00	-2.3846460066e-01
0.3372            	-6.4447377964e-01	1.2612466770e-01	-1.7662800793e+00	-1.5276138193e+00	-2.3866626002e-01
0.3374            	-6.4321368597e-01	1.2605674356e-01	-1.7645313553e+00	-1.5254793636e+00	-2.3905199170e-01
0.3376            	-6.4190593078e-01	1.2590564691e-01	-1.7626668910e+00	-1.5232393763e+00	-2.3942751472e-01
0.3378            	-6.4090941873e-01	1.2584519337e-01	-1.7611241146e+00	-1.5214714760e+00	-2.3965263855e-01
0.338             	-6.3973605344e-01	1.2573559444e-01	-1.7595031413e+00	-1.5194876241e+00	-2.4001551720e-01
0.3382            	-6.3882930843e-01	1.2562302573e-01	-1.7579547973e+00	-1.5178067071e+00	-2.4014809023e-01
0.3384            	-6.3752154300e-01	1.2559380611e-01	-1.7559088595e+00	-1.5154759727e+00	-2.4043288676e-01
0.3386            	-6.3615100032e-01	1.2543173783e-01	-1.7538578845e+00	-1.5130799426e+00	-2.4077794195e-01
0.3388            	-6.3450180829e-01	1.2532173411e-01	-1.7516301913e+00	-1.5103169039e+00	-2.4131328736e-01
0.339             	-6.3283579264e-01	1.2510140340e-01	-1.7495342810e+00	-1.5076029332e+00	-2.4193134787e-01
0.3392            	-6.3075071835e-01	1.2491879065e-01	-1.7469284429e+00	-1.5042149398e+00	-2.4271350312e-01
0.3394            	-6.2894326263e-01	1.2459267133e-01	-1.7445827347e+00	-1.5012346300e+00	-2.4334810470e-01
0.3396            	-6.2710286469e-01	1.2439159229e-01	-1.7423416055e+00	-1.4982736674e+00	-2.4406793807e-01
0.3398            	-6.2554213733e-01	1.2414702818e-01	-1.7402906148e+00	-1.4956874447e+00	-2.4460317007e-01
0.34              	-6.2431382320e-01	1.2396405807e-01	-1.7383939334e+00	-1.4935107899e+00	-2.4488314348e-01
0.3402            	-6.2307158363e-01	1.2377970200e-01	-1.7364337561e+00	-1.4912884617e+00	-2.4514529443e-01
0.3404            	-6.2169625668e-01	1.2354884669e-01	-1.7343816814e+00	-1.4888870974e+00	-2.4549458401e-01
0.3406            	-6.2066644364e-01	1.2331173497e-01	-1.7326340443e+00	-1.4869834658e+00	-2.4565057851e-01
0.3408            	-6.1980290427e-01	1.2311249481e-01	-1.7311018767e+00	-1.4853538426e+00	-2.4574803406e-01
0.341             	-6.1878306033e-01	1.2302198974e-01	-1.7294933687e+00	-1.4835297447e+00	-2.4596362401e-01
0.3412            	-6.1746151285e-01	1.2303471562e-01	-1.7276188376e+00	-1.4812709316e+00	-2.4634790592e-01
0.3414            	-6.1607293159e-01	1.2303599139e-01	-1.7256051940e+00	-1.4788755286e+00	-2.4672966539e-01
0.3416            	-6.1453565244e-01	1.2295260363e-01	-1.7232229364e+00	-1.4761471207e+00	-2.4707581578e-01
0.3418            	-6.1271866027e-01	1.2292926201e-01	-1.7205200019e+00	-1.4729786612e+00	-2.4754134067e-01
0.342             	-6.1179426917e-01	1.2298138979e-01	-1.7186807472e+00	-1.4711346428e+00	-2.4754610445e-01
0.3422            	-6.1119293167e-01	1.2313911834e-01	-1.7172505568e+00	-1.4698182101e+00	-2.4743234672e-01
0.3424            	-6.1086050127e-01	1.2338203120e-01	-1.7160909112e+00	-1.4689059569e+00	-2.4718495434e-01
0.3426            	-6.1112671731e-01	1.2369782756e-01	-1.7154959938e+00	-1.4688747142e+00	-2.4662127961e-01
0.3428            	-6.1194372297e-01	1.2390855318e-01	-1.7154793683e+00	-1.4696834071e+00	-2.4579596117e-01
0.343             	-6.1235385420e-01	1.2429702614e-01	-1.7149917380e+00	-1.4698497232e+00	-2.4514201482e-01
0.3432            	-6.1279231206e-01	1.2458585470e-01	-1.7146582542e+00	-1.4701214392e+00	-2.4453681503e-01
0.3434            	-6.1331705074e-01	1.2469408390e-01	-1.7144510101e+00	-1.4705425558e+00	-2.4390845429e-01
0.3436            	-6.1295024329e-01	1.2482926201e-01	-1.7134996241e+00	-1.4697000553e+00	-2.4379956875e-01
0.3438            	-6.1246339131e-01	1.2484621609e-01	-1.7123346069e+00	-1.4686306948e+00	-2.4370391215e-01
0.344             	-6.1176986499e-01	1.2471491624e-01	-1.7111235222e+00	-1.4673316261e+00	-2.4379189613e-01
0.3442            	-6.1022557976e-01	1.2458628878e-01	-1.7090980363e+00	-1.4647745979e+00	-2.4432343837e-01
0.3444            	-6.0834574373e-01	1.2430157319e-01	-1.7067290026e+00	-1.4617102450e+00	-2.4501875756e-01
0.3446            	-6.0651810886e-01	1.2408526264e-01	-1.7044282938e+00	-1.4587322558e+00	-2.4569603804e-01
0.3448            	-6.0477113118e-01	1.2390336521e-01	-1.7021694333e+00	-1.4558558478e+00	-2.4631358550e-01
0.345             	-6.0344118265e-01	1.2366090672e-01	-1.7002657033e+00	-1.4535740343e+00	-2.4669166901e-01
0.3452            	-6.0198890395e-01	1.2365898089e-01	-1.6982248893e+00	-1.4511013486e+00	-2.4712354070e-01
0.3454            	-6.0076269385e-01	1.2364738816e-01	-1.6962684404e+00	-1.4488969140e+00	-2.4737152635e-01
0.3456            	-5.9997591032e-01	1.2367243023e-01	-1.6948255449e+00	-1.4473886828e+00	-2.4743686214e-01
0.3458            	-5.9948112240e-01	1.2394977644e-01	-1.6936478267e+00	-1.4463050357e+00	-2.4734279095e-01
0.346             	-5.9902419947e-01	1.2417882263e-01	-1.6924169997e+00	-1.4452326993e+00	-2.4718430038e-01
0.3462            	-5.9897128855e-01	1.2435581642e-01	-1.6916491432e+00	-1.4447958601e+00	-2.4685328306e-01
0.3464            	-5.9884068130e-01	1.2472984763e-01	-1.6908079809e+00	-1.4442446717e+00	-2.4656330914e-01
0.3466            	-5.9819545964e-01	1.2496207049e-01	-1.6895124574e+00	-1.4429516883e+00	-2.4656076904e-01
0.3468            	-5.9806626986e-01	1.2503206476e-01	-1.6888009410e+00	-1.4424667403e+00	-2.4633420062e-01
0.347             	-5.9772487506e-01	1.2505470751e-01	-1.6880001488e+00	-1.4417249495e+00	-2.4627519934e-01
0.3472            	-5.9684152906e-01	1.2508740032e-01	-1.6868304174e+00	-1.4402567378e+00	-2.4657367966e-01
0.3474            	-5.9535866539e-01	1.2491077571e-01	-1.6849537367e+00	-1.4378355337e+00	-2.4711820295e-01
0.3476            	-5.9385923248e-01	1.2467401038e-01	-1.6831137043e+00	-1.4354160846e+00	-2.4769761968e-01
0.3478            	-5.9204507888e-01	1.2444313423e-01	-1.6809051897e+00	-1.4324976737e+00	-2.4840751596e-01
0.348             	-5.9027429670e-01	1.2421254719e-01	-1.6787592028e+00	-1.4296538981e+00	-2.4910530471e-01
0.3482            	-5.8870242290e-01	1.2401323526e-01	-1.6767815137e+00	-1.4270931798e+00	-2.4968833395e-01
0.3484            	-5.8754434629e-01	1.2383949729e-01	-1.6751388125e+00	-1.4251137525e+00	-2.5002505996e-01
0.3486            	-5.8659293986e-01	1.2370027891e-01	-1.6735890148e+00	-1.4233874473e+00	-2.5020156755e-01
0.3488            	-5.8576604312e-01	1.2360109556e-01	-1.6721676863e+00	-1.4218498863e+00	-2.5031780004e-01
0.349             	-5.8503584117e-01	1.2355920399e-01	-1.6708158358e+00	-1.4204437591e+00	-2.5037207673e-01
0.3492            	-5.8453905762e-01	1.2354324949e-01	-1.6696658930e+00	-1.4193720041e+00	-2.5029388887e-01
0.3494            	-5.8391048360e-01	1.2352116801e-01	-1.6683796194e+00	-1.4181002933e+00	-2.5027932611e-01
0.3496            	-5.8316298903e-01	1.2360002725e-01	-1.6669538423e+00	-1.4166399102e+00	-2.5031393214e-01
0.3498            	-5.8247251811e-01	1.2369139448e-01	-1.6656266108e+00	-1.4152858235e+00	-2.5034078729e-01
0.35              	-5.8143286079e-01	1.2378185667e-01	-1.6639632422e+00	-1.4134144819e+00	-2.5054876032e-01
0.3502            	-5.8043089383e-01	1.2387866745e-01	-1.6623485251e+00	-1.4116051564e+00	-2.5074336874e-01
0.3504            	-5.7951619365e-01	1.2399939121e-01	-1.6607896974e+00	-1.4099110424e+00	-2.5087865505e-01
0.3506            	-5.7888891172e-01	1.2412100032e-01	-1.6595623535e+00	-1.4086700885e+00	-2.5089226501e-01
0.3508            	-5.7857187008e-01	1.2421801868e-01	-1.6586504354e+00	-1.4078970878e+00	-2.5075334764e-01
0.351             	-5.7817414340e-01	1.2430531148e-01	-1.6575811530e+00	-1.4069647199e+00	-2.5061643311e-01
0.3512            	-5.7782358996e-01	1.2433026925e-01	-1.6567377573e+00	-1.4061924686e+00	-2.5054528868e-01
0.3514            	-5.7736458599e-01	1.2436138968e-01	-1.6556128138e+00	-1.4051709929e+00	-2.5044182092e-01
0.3516            	-5.7614796191e-01	1.2430679507e-01	-1.6539832662e+00	-1.4031395950e+00	-2.5084367121e-01
0.3518            	-5.7469096787e-01	1.2425351401e-01	-1.6520653822e+00	-1.4007236590e+00	-2.5134172324e-01
0.352             	-5.7307659759e-01	1.2429624702e-01	-1.6498349364e+00	-1.3979940658e+00	-2.5184087061e-01
0.3522            	-5.7154220430e-01	1.2428023335e-01	-1.6479314625e+00	-1.3955079356e+00	-2.5242352695e-01
0.3524            	-5.6971470758e-01	1.2441883708e-01	-1.6454900888e+00	-1.3924597520e+00	-2.5303033684e-01
0.3526            	-5.6851577974e-01	1.2453743031e-01	-1.6437809013e+00	-1.3904062304e+00	-2.5337467089e-01
0.3528            	-5.6748305996e-01	1.2478006210e-01	-1.6419846626e+00	-1.3884753913e+00	-2.5350927134e-01
0.353             	-5.6702122717e-01	1.2497490254e-01	-1.6408960542e+00	-1.3874692543e+00	-2.5342679994e-01
0.3532            	-5.6643335772e-01	1.2520363674e-01	-1.6399619157e+00	-1.3864143156e+00	-2.5354760012e-01
0.3534            	-5.6622213368e-01	1.2534483019e-01	-1.6393945490e+00	-1.3859194082e+00	-2.5347514082e-01
0.3536            	-5.6597711058e-01	1.2544303593e-01	-1.6385766463e+00	-1.3852654337e+00	-2.5331121259e-01
0.3538            	-5.6579070305e-01	1.2549472482e-01	-1.6378019976e+00	-1.3846917019e+00	-2.5311029577e-01
0.354             	-5.6532076737e-01	1.2544422023e-01	-1.6369028296e+00	-1.3837721822e+00	-2.5313064742e-01
0.3542            	-5.6460003684e-01	1.2549786218e-01	-1.6356148455e+00	-1.3824074596e+00	-2.5320738589e-01
0.3544            	-5.6345573033e-01	1.2547607372e-01	-1.6339611458e+00	-1.3804363032e+00	-2.5352484256e-01
0.3546            	-5.6188443570e-01	1.2548364503e-01	-1.6319903700e+00	-1.3778796207e+00	-2.5411074930e-01
0.3548            	-5.6030180329e-01	1.2539177212e-01	-1.6300563394e+00	-1.3753299730e+00	-2.5472636641e-01
0.355             	-5.5849456347e-01	1.2541648376e-01	-1.6277447126e+00	-1.3723669198e+00	-2.5537779283e-01
0.3552            	-5.5696626529e-01	1.2535089190e-01	-1.6259920541e+00	-1.3699622923e+00	-2.5602976173e-01
0.3554            	-5.5535900983e-01	1.2542325097e-01	-1.6238491275e+00	-1.3672835736e+00	-2.5656555391e-01
0.3556            	-5.5413275353e-01	1.2539605863e-01	-1.6221815070e+00	-1.3652235071e+00	-2.5695799999e-01
0.3558            	-5.5312236999e-01	1.2549902351e-01	-1.6205662681e+00	-1.3634055041e+00	-2.5716076407e-01
0.356             	-5.5236991936e-01	1.2557393693e-01	-1.6192538873e+00	-1.3619968630e+00	-2.5725702430e-01
0.3562            	-5.5178361386e-01	1.2560781883e-01	-1.6181356634e+00	-1.3608514456e+00	-2.5728421786e-01
0.3564            	-5.5099316854e-01	1.2568840344e-01	-1.6167995389e+00	-1.3593929380e+00	-2.5740660089e-01
0.3566            	-5.4995873431e-01	1.2570630275e-01	-1.6153373791e+00	-1.3576274239e+00	-2.5770995526e-01
0.3568            	-5.4857343565e-01	1.2558396706e-01	-1.6135709189e+00	-1.3553588951e+00	-2.5821202379e-01
0.357             	-5.4698442198e-01	1.2547011408e-01	-1.6116067957e+00	-1.3527878198e+00	-2.5881897587e-01
0.3572            	-5.4541493967e-01	1.2534847429e-01	-1.6096317537e+00	-1.3502308165e+00	-2.5940093719e-01
0.3574            	-5.4377932616e-01	1.2526382455e-01	-1.6075466311e+00	-1.3475526417e+00	-2.5999398938e-01
0.3576            	-5.4218360682e-01	1.2510038677e-01	-1.6055576902e+00	-1.3449624519e+00	-2.6059523830e-01
0.3578            	-5.4088902849e-01	1.2486653548e-01	-1.6038887428e+00	-1.3428333999e+00	-2.6105534292e-01
0.358             	-5.3971621179e-01	1.2471407129e-01	-1.6022269059e+00	-1.3408296647e+00	-2.6139724116e-01
0.3582            	-5.3846462874e-01	1.2463255899e-01	-1.6003254306e+00	-1.3386273440e+00	-2.6169808655e-01
0.3584            	-5.3772317614e-01	1.2434567157e-01	-1.5991929776e+00	-1.3373196650e+00	-2.6187331268e-01
0.3586            	-5.3689105357e-01	1.2417991042e-01	-1.5978179594e+00	-1.3358000333e+00	-2.6201792613e-01
0.3588            	-5.3587168548e-01	1.2409985895e-01	-1.5961707435e+00	-1.3339570572e+00	-2.6221368624e-01
0.359             	-5.3450965431e-01	1.2398222116e-01	-1.5943493359e+00	-1.3316843222e+00	-2.6266501362e-01
0.3592            	-5.3297369030e-01	1.2383998481e-01	-1.5923924835e+00	-1.3291699321e+00	-2.6322255148e-01
0.3594            	-5.3141188395e-01	1.2378482927e-01	-1.5903362791e+00	-1.3265800235e+00	-2.6375625558e-01
0.3596            	-5.2982651312e-01	1.2376022880e-01	-1.5883301522e+00	-1.3239915892e+00	-2.6433856299e-01
0.3598            	-5.2853932121e-01	1.2379976301e-01	-1.5865434246e+00	-1.3218110335e+00	-2.6473239111e-01
0.36              	-5.2769766740e-01	1.2377203619e-01	-1.5852770371e+00	-1.3203361859e+00	-2.6494085114e-01
0.3602            	-5.2683496254e-01	1.2390553380e-01	-1.5837227352e+00	-1.3186963301e+00	-2.6502640506e-01
0.3604            	-5.2613679026e-01	1.2399658176e-01	-1.5825002608e+00	-1.3173869207e+00	-2.6511334016e-01
0.3606            	-5.2629901876e-01	1.2405899149e-01	-1.5821022176e+00	-1.3173501276e+00	-2.6475209006e-01
0.3608            	-5.2623125241e-01	1.2421433985e-01	-1.5812864979e+00	-1.3168745013e+00	-2.6441199652e-01
0.361             	-5.2636410912e-01	1.2419663856e-01	-1.5809875697e+00	-1.3168578940e+00	-2.6412967574e-01
0.3612            	-5.2583061633e-01	1.2431081291e-01	-1.5797212388e+00	-1.3156912357e+00	-2.6403000307e-01
0.3614            	-5.2519717248e-01	1.2433766456e-01	-1.5784589480e+00	-1.3144266465e+00	-2.6403230154e-01
0.3616            	-5.2432872733e-01	1.2428285884e-01	-1.5771415309e+00	-1.3128994928e+00	-2.6424203811e-01
0.3618            	-5.2331104392e-01	1.2422785766e-01	-1.5757371290e+00	-1.3111796084e+00	-2.6455752059e-01
0.362             	-5.2211684498e-01	1.2422604593e-01	-1.5739679096e+00	-1.3091007998e+00	-2.6486710981e-01
0.3622            	-5.2107137859e-01	1.2416607228e-01	-1.5724878319e+00	-1.3073152945e+00	-2.6517253735e-01
0.3624            	-5.1965298936e-01	1.2413155437e-01	-1.5707852190e+00	-1.3050455989e+00	-2.6573962012e-01
0.3626            	-5.1850582472e-01	1.2417333142e-01	-1.5691619338e+00	-1.3030867916e+00	-2.6607514219e-01
0.3628            	-5.1753875528e-01	1.2447893918e-01	-1.5676269026e+00	-1.3013522066e+00	-2.6627469603e-01
0.363             	-5.1764371322e-01	1.2477676376e-01	-1.5671289293e+00	-1.3012081779e+00	-2.6592075143e-01
0.3632            	-5.1718099030e-01	1.2499462423e-01	-1.5660281565e+00	-1.3001950685e+00	-2.6583308795e-01
0.3634            	-5.1714479011e-01	1.2524740233e-01	-1.5654693657e+00	-1.2998794730e+00	-2.6558989273e-01
0.3636            	-5.1689659895e-01	1.2546894979e-01	-1.5646435829e+00	-1.2992183904e+00	-2.6542519252e-01
0.3638            	-5.1690799141e-01	1.2554330590e-01	-1.5641874531e+00	-1.2990017179e+00	-2.6518573511e-01
0.364             	-5.1665897754e-01	1.2564012390e-01	-1.5634070444e+00	-1.2983624997e+00	-2.6504454466e-01
0.3642            	-5.1616076774e-01	1.2561884452e-01	-1.5624535695e+00	-1.2973875525e+00	-2.6506601700e-01
0.3644            	-5.1575489677e-01	1.2562840561e-01	-1.5615400230e+00	-1.2965249083e+00	-2.6501511474e-01
0.3646            	-5.1528582095e-01	1.2567592881e-01	-1.5605834943e+00	-1.2955775681e+00	-2.6500592619e-01
0.3648            	-5.1450975531e-01	1.2579769972e-01	-1.5594658835e+00	-1.2942426971e+00	-2.6522318645e-01
0.365             	-5.1414716913e-01	1.2602818342e-01	-1.5588347429e+00	-1.2935645406e+00	-2.6527020232e-01
0.3652            	-5.1293063119e-01	1.2608122631e-01	-1.5573819369e+00	-1.2916215997e+00	-2.6576033728e-01
0.3654            	-5.1119038586e-01	1.2610976775e-01	-1.5554512242e+00	-1.2889159979e+00	-2.6653522621e-01
0.3656            	-5.0901441035e-01	1.2610741283e-01	-1.5530237284e+00	-1.2855262746e+00	-2.6749745385e-01
0.3658            	-5.0720349014e-01	1.2598449060e-01	-1.5510373290e+00	-1.2827221547e+00	-2.6831517438e-01
0.366             	-5.0555347199e-01	1.2581344365e-01	-1.5489927396e+00	-1.2800498418e+00	-2.6894289780e-01
0.3662            	-5.0438824289e-01	1.2564309903e-01	-1.5474819336e+00	-1.2781292097e+00	-2.6935272390e-01
0.3664            	-5.0349771007e-01	1.2555638113e-01	-1.5460238285e+00	-1.2765096243e+00	-2.6951420419e-01
0.3666            	-5.0291520410e-01	1.2559255730e-01	-1.5449688766e+00	-1.2753996424e+00	-2.6956923422e-01
0.3668            	-5.0226355332e-01	1.2569856320e-01	-1.5440408061e+00	-1.2742839564e+00	-2.6975684972e-01
0.367             	-5.0167995751e-01	1.2580092723e-01	-1.5429905076e+00	-1.2731752113e+00	-2.6981529628e-01
0.3672            	-5.0099618323e-01	1.2583907773e-01	-1.5418547832e+00	-1.2719235748e+00	-2.6993120836e-01
0.3674            	-5.0001870192e-01	1.2580637293e-01	-1.5404323410e+00	-1.2702348724e+00	-2.7019746857e-01
0.3676            	-4.9859352051e-01	1.2579923697e-01	-1.5386141513e+00	-1.2679005962e+00	-2.7071355515e-01
0.3678            	-4.9719885051e-01	1.2577024167e-01	-1.5367837891e+00	-1.2655907450e+00	-2.7119304403e-01
0.368             	-4.9593234492e-01	1.2580120803e-01	-1.5350796875e+00	-1.2634721887e+00	-2.7160749882e-01
0.3682            	-4.9486751781e-01	1.2584447367e-01	-1.5336092253e+00	-1.2616721305e+00	-2.7193709483e-01
0.3684            	-4.9385628528e-01	1.2589374602e-01	-1.5321901888e+00	-1.2599513797e+00	-2.7223880912e-01
0.3686            	-4.9290644919e-01	1.2593159186e-01	-1.5308641431e+00	-1.2583385207e+00	-2.7252562237e-01
0.3688            	-4.9197667387e-01	1.2591440196e-01	-1.5294896606e+00	-1.2567215042e+00	-2.7276815644e-01
0.369             	-4.9093330951e-01	1.2591464303e-01	-1.5280432067e+00	-1.2549549128e+00	-2.7308829383e-01
0.3692            	-4.8995948284e-01	1.2591680432e-01	-1.5266564998e+00	-1.2532877327e+00	-2.7336876706e-01
0.3694            	-4.8919078829e-01	1.2589935987e-01	-1.5254196728e+00	-1.2519006247e+00	-2.7351904812e-01
0.3696            	-4.8841231195e-01	1.2586876730e-01	-1.5242620619e+00	-1.2505433429e+00	-2.7371871899e-01
0.3698            	-4.8708658797e-01	1.2580805742e-01	-1.5225790076e+00	-1.2483760918e+00	-2.7420291583e-01
0.37              	-4.8559147572e-01	1.2571867032e-01	-1.5207446433e+00	-1.2459637974e+00	-2.7478084595e-01
0.3702            	-4.8405901283e-01	1.2562439673e-01	-1.5188458994e+00	-1.2434819625e+00	-2.7536393687e-01
0.3704            	-4.8225293243e-01	1.2552310124e-01	-1.5167523172e+00	-1.2406290911e+00	-2.7612322619e-01
0.3706            	-4.8085617532e-01	1.2541578703e-01	-1.5150422357e+00	-1.2383772932e+00	-2.7666494255e-01
0.3708            	-4.7942971815e-01	1.2530677844e-01	-1.5132715548e+00	-1.2360654956e+00	-2.7720605927e-01
0.371             	-4.7811017981e-01	1.2521925896e-01	-1.5116184137e+00	-1.2339193866e+00	-2.7769902702e-01
0.3712            	-4.7662315615e-01	1.2516470317e-01	-1.5097556877e+00	-1.2315010000e+00	-2.7825468769e-01
0.3714            	-4.7552735502e-01	1.2511100627e-01	-1.5083019457e+00	-1.2296783279e+00	-2.7862361785e-01
0.3716            	-4.7447525469e-01	1.2505451825e-01	-1.5067818691e+00	-1.2278661892e+00	-2.7891567985e-01
0.3718            	-4.7345920277e-01	1.2502184256e-01	-1.5053080760e+00	-1.2261132408e+00	-2.7919483521e-01
0.372             	-4.7250523372e-01	1.2497542360e-01	-1.5037710522e+00	-1.2243907598e+00	-2.7938029239e-01
0.3722            	-4.7181423885e-01	1.2494740427e-01	-1.5025518963e+00	-1.2230901870e+00	-2.7946170931e-01
0.3724            	-4.7108735963e-01	1.2495263136e-01	-1.5012751189e+00	-1.2217249191e+00	-2.7955019981e-01
0.3726            	-4.7042235993e-01	1.2493007642e-01	-1.5001003856e+00	-1.2204725527e+00	-2.7962783286e-01
0.3728            	-4.6967361627e-01	1.2495813445e-01	-1.4989139578e+00	-1.2191305952e+00	-2.7978336265e-01
0.373             	-4.6859515955e-01	1.2501476404e-01	-1.4973914609e+00	-1.2172908900e+00	-2.8010057090e-01
0.3732            	-4.6740589000e-01	1.2506855146e-01	-1.4957970836e+00	-1.2153044318e+00	-2.8049265179e-01
0.3734            	-4.6626705815e-01	1.2509064446e-01	-1.4942050791e+00	-1.2133695977e+00	-2.8083548140e-01
0.3736            	-4.6509549637e-01	1.2508298202e-01	-1.4925868429e+00	-1.2113889178e+00	-2.8119792506e-01
0.3738            	-4.6397159827e-01	1.2506838012e-01	-1.4910244312e+00	-1.2094838139e+00	-2.8154061731e-01
0.374             	-4.6294485257e-01	1.2504351458e-01	-1.4895494211e+00	-1.2077195631e+00	-2.8182985796e-01
0.3742            	-4.6201346196e-01	1.2499631950e-01	-1.4881531424e+00	-1.2060900332e+00	-2.8206310926e-01
0.3744            	-4.6118979254e-01	1.2496179681e-01	-1.4868782441e+00	-1.2046289146e+00	-2.8224932952e-01
0.3746            	-4.6030379406e-01	1.2493306457e-01	-1.4855463811e+00	-1.2030769846e+00	-2.8246939651e-01
0.3748            	-4.5938990022e-01	1.2492120209e-01	-1.4841892826e+00	-1.2014845415e+00	-2.8270474107e-01
0.375             	-4.5833414407e-01	1.2491575937e-01	-1.4827381776e+00	-1.1997032328e+00	-2.8303494471e-01
0.3752            	-4.5721722154e-01	1.2491549035e-01	-1.4811986410e+00	-1.1978165420e+00	-2.8338209895e-01
0.3754            	-4.5619650083e-01	1.2490809528e-01	-1.4797807362e+00	-1.1960868689e+00	-2.8369386728e-01
0.3756            	-4.5513189937e-01	1.2488967148e-01	-1.4783193038e+00	-1.1942915513e+00	-2.8402775255e-01
0.3758            	-4.5404899602e-01	1.2489818466e-01	-1.4768307381e+00	-1.1924643651e+00	-2.8436637301e-01
0.376             	-4.5305194464e-01	1.2489234661e-01	-1.4753837440e+00	-1.1907438167e+00	-2.8463992738e-01
0.3762            	-4.5210488114e-01	1.2491348103e-01	-1.4739975594e+00	-1.1891036608e+00	-2.8489389856e-01
0.3764            	-4.5120469227e-01	1.2495869021e-01	-1.4726332516e+00	-1.1875213181e+00	-2.8511193353e-01
0.3766            	-4.5018744217e-01	1.2507401071e-01	-1.4711652019e+00	-1.1857700431e+00	-2.8539515880e-01
0.3768            	-4.4937355458e-01	1.2511184660e-01	-1.4698613129e+00	-1.1843042110e+00	-2.8555710188e-01
0.377             	-4.4845130523e-01	1.2517136637e-01	-1.4685163976e+00	-1.1827095040e+00	-2.8580689359e-01
0.3772            	-4.4755836407e-01	1.2520775622e-01	-1.4671885090e+00	-1.1811526186e+00	-2.8603589043e-01
0.3774            	-4.4673802514e-01	1.2526740191e-01	-1.4659667663e+00	-1.1797214083e+00	-2.8624535800e-01
0.3776            	-4.4590849777e-01	1.2533404525e-01	-1.4646859670e+00	-1.1782514813e+00	-2.8643448573e-01
0.3778            	-4.4517144578e-01	1.2539874732e-01	-1.4635275127e+00	-1.1769352021e+00	-2.8659231057e-01
0.378             	-4.4451089134e-01	1.2542996203e-01	-1.4623998844e+00	-1.1757108336e+00	-2.8668905088e-01
0.3782            	-4.4380332078e-01	1.2545535688e-01	-1.4612324749e+00	-1.1744195582e+00	-2.8681291666e-01
0.3784            	-4.4305364797e-01	1.2548880499e-01	-1.4600114170e+00	-1.1730593565e+00	-2.8695206053e-01
0.3786            	-4.4232953487e-01	1.2550890187e-01	-1.4588437161e+00	-1.1717513929e+00	-2.8709232318e-01
0.3788            	-4.4137488692e-01	1.2549709946e-01	-1.4575248529e+00	-1.1701373134e+00	-2.8738753952e-01
0.379             	-4.4046774851e-01	1.2548403915e-01	-1.4561618747e+00	-1.1685486859e+00	-2.8761318885e-01
0.3792            	-4.3957056135e-01	1.2546889675e-01	-1.4548576452e+00	-1.1669993840e+00	-2.8785826126e-01
0.3794            	-4.3857770697e-01	1.2546141561e-01	-1.4534920081e+00	-1.1653237110e+00	-2.8816829706e-01
0.3796            	-4.3775814175e-01	1.2544990901e-01	-1.4523185579e+00	-1.1639174207e+00	-2.8840113722e-01
0.3798            	-4.3694043807e-01	1.2543859141e-01	-1.4511189642e+00	-1.1624999202e+00	-2.8861904401e-01
0.38              	-4.3598513070e-01	1.2544111113e-01	-1.4497260394e+00	-1.1608481504e+00	-2.8887788899e-01
0.3802            	-4.3511505954e-01	1.2541255578e-01	-1.4484112265e+00	-1.1593206728e+00	-2.8909055370e-01
0.3804            	-4.3423458041e-01	1.2535818224e-01	-1.4471823219e+00	-1.1578257414e+00	-2.8935658055e-01
0.3806            	-4.3339298602e-01	1.2538020282e-01	-1.4458706870e+00	-1.1563283295e+00	-2.8954235750e-01
0.3808            	-4.3246029480e-01	1.2539813646e-01	-1.4445238840e+00	-1.1547222368e+00	-2.8980164722e-01
0.381             	-4.3172300926e-01	1.2539034062e-01	-1.4433669511e+00	-1.1534064848e+00	-2.8996046630e-01
0.3812            	-4.3081245359e-01	1.2537807334e-01	-1.4420744032e+00	-1.1518496552e+00	-2.9022474800e-01
0.3814            	-4.3003042566e-01	1.2537037857e-01	-1.4408281441e+00	-1.1504444977e+00	-2.9038364640e-01
0.3816            	-4.2924863145e-01	1.2534643146e-01	-1.4395826443e+00	-1.1490399536e+00	-2.9054269072e-01
0.3818            	-4.2849418546e-01	1.2537521777e-01	-1.4384087572e+00	-1.1476985641e+00	-2.9071019315e-01
0.382             	-4.2766376894e-01	1.2538736977e-01	-1.4371094326e+00	-1.1462184852e+00	-2.9089094736e-01
0.3822            	-4.2686522419e-01	1.2543303546e-01	-1.4358667276e+00	-1.1447985880e+00	-2.9106813962e-01
0.3824            	-4.2614127157e-01	1.2541963793e-01	-1.4348043645e+00	-1.1435434538e+00	-2.9126091070e-01
0.3826            	-4.2535827314e-01	1.2541125403e-01	-1.4335128245e+00	-1.1421146854e+00	-2.9139813909e-01
0.3828            	-4.2461915861e-01	1.2539022335e-01	-1.4323713446e+00	-1.1408048309e+00	-2.9156651369e-01
0.383             	-4.2387609334e-01	1.2546702362e-01	-1.4311726220e+00	-1.1394624043e+00	-2.9171021767e-01
0.3832            	-4.2317144102e-01	1.2543856335e-01	-1.4301265105e+00	-1.1382346963e+00	-2.9189181422e-01
0.3834            	-4.2249995799e-01	1.2545913273e-01	-1.4290441873e+00	-1.1370220516e+00	-2.9202213566e-01
0.3836            	-4.2181834952e-01	1.2541981987e-01	-1.4279813505e+00	-1.1358090248e+00	-2.9217232575e-01
0.3838            	-4.2099848025e-01	1.2538970121e-01	-1.4266521250e+00	-1.1343245428e+00	-2.9232758226e-01
0.384             	-4.2023299038e-01	1.2533610286e-01	-1.4253829391e+00	-1.1329244599e+00	-2.9245847915e-01
0.3842            	-4.1962597934e-01	1.2535496355e-01	-1.4243658407e+00	-1.1318088997e+00	-2.9255694100e-01
0.3844            	-4.1899747598e-01	1.2537524234e-01	-1.4233242065e+00	-1.1306595792e+00	-2.9266462725e-01
0.3846            	-4.1838612600e-01	1.2535807892e-01	-1.4224158899e+00	-1.1295940710e+00	-2.9282181897e-01
0.3848            	-4.1781742297e-01	1.2537356906e-01	-1.4214182549e+00	-1.1285265504e+00	-2.9289170447e-01
0.385             	-4.1714160269e-01	1.2541245675e-01	-1.4203367962e+00	-1.1273100008e+00	-2.9302679541e-01
0.3852            	-4.1667481315e-01	1.2538919319e-01	-1.4195057531e+00	-1.1264276897e+00	-2.9307806339e-01
0.3854            	-4.1611863531e-01	1.2537428429e-01	-1.4185703993e+00	-1.1254038350e+00	-2.9316656435e-01
0.3856            	-4.1546823697e-01	1.2536056377e-01	-1.4174598574e+00	-1.1241981657e+00	-2.9326169174e-01
0.3858            	-4.1488662200e-01	1.2540223875e-01	-1.4164818012e+00	-1.1231275226e+00	-2.9335427862e-01
0.386             	-4.1440104540e-01	1.2541213835e-01	-1.4156040472e+00	-1.1222030690e+00	-2.9340097819e-01
0.3862            	-4.1383594565e-01	1.2540973307e-01	-1.4147340655e+00	-1.1212029784e+00	-2.9353108710e-01
0.3864            	-4.1327821517e-01	1.2542948425e-01	-1.4138424100e+00	-1.1201994202e+00	-2.9364298981e-01
0.3866            	-4.1265481094e-01	1.2541236404e-01	-1.4127628919e+00	-1.1190362569e+00	-2.9372663503e-01
0.3868            	-4.1205396629e-01	1.2540071159e-01	-1.4117411611e+00	-1.1179245469e+00	-2.9381661428e-01
0.387             	-4.1147205165e-01	1.2536331900e-01	-1.4108368835e+00	-1.1168904934e+00	-2.9394639010e-01
0.3872            	-4.1081561518e-01	1.2536429806e-01	-1.4097733841e+00	-1.1157023072e+00	-2.9407107687e-01
0.3874            	-4.1012086974e-01	1.2537141810e-01	-1.4087065282e+00	-1.1144741338e+00	-2.9423239434e-01
0.3876            	-4.0941370146e-01	1.2540076337e-01	-1.4075235414e+00	-1.1131754722e+00	-2.9434806923e-01
0.3878            	-4.0871167052e-01	1.2538103185e-01	-1.4064920557e+00	-1.1119576983e+00	-2.9453435731e-01
0.388             	-4.0816372213e-01	1.2540805771e-01	-1.4054806824e+00	-1.1109040634e+00	-2.9457661909e-01
0.3882            	-4.0761359665e-01	1.2542736965e-01	-1.4046785533e+00	-1.1099528733e+00	-2.9472567999e-01
0.3884            	-4.0707422555e-01	1.2548384751e-01	-1.4037853378e+00	-1.1089668944e+00	-2.9481844335e-01
0.3886            	-4.0640667670e-01	1.2552372981e-01	-1.4027537119e+00	-1.1077835327e+00	-2.9497017927e-01
0.3888            	-4.0586516908e-01	1.2558583350e-01	-1.4018018466e+00	-1.1067660924e+00	-2.9503575422e-01
0.389             	-4.0533885042e-01	1.2561071898e-01	-1.4007785888e+00	-1.1057281448e+00	-2.9505044399e-01
0.3892            	-4.0472284618e-01	1.2570115770e-01	-1.3997762224e+00	-1.1046109574e+00	-2.9516526503e-01
0.3894            	-4.0409767794e-01	1.2583520900e-01	-1.3986671121e+00	-1.1034312340e+00	-2.9523587813e-01
0.3896            	-4.0365370330e-01	1.2593007889e-01	-1.3978715872e+00	-1.1025894969e+00	-2.9528209031e-01
0.3898            	-4.0337068520e-01	1.2604412748e-01	-1.3971389923e+00	-1.1019401813e+00	-2.9519881093e-01
0.39              	-4.0292409076e-01	1.2612730671e-01	-1.3963182061e+00	-1.1010831938e+00	-2.9523501227e-01
0.3902            	-4.0239424932e-01	1.2621215098e-01	-1.3952251098e+00	-1.1000068042e+00	-2.9521830560e-01
0.3904            	-4.0202794929e-01	1.2628699494e-01	-1.3944635797e+00	-1.0992597392e+00	-2.9520384058e-01
0.3906            	-4.0168609978e-01	1.2636171353e-01	-1.3937125136e+00	-1.0985423566e+00	-2.9517015703e-01
0.3908            	-4.0137194551e-01	1.2634720373e-01	-1.3930792882e+00	-1.0979115896e+00	-2.9516769857e-01
0.391             	-4.0089459833e-01	1.2633873648e-01	-1.3922487169e+00	-1.0970189568e+00	-2.9522976010e-01
0.3912            	-4.0045074330e-01	1.2635816992e-01	-1.3913917988e+00	-1.0961466427e+00	-2.9524515611e-01
0.3914            	-4.0001656163e-01	1.2635738582e-01	-1.3906403090e+00	-1.0953367162e+00	-2.9530359289e-01
0.3916            	-3.9947308707e-01	1.2638452737e-01	-1.3897691797e+00	-1.0943576769e+00	-2.9541150279e-01
0.3918            	-3.9888464350e-01	1.2639426572e-01	-1.3888809480e+00	-1.0933251175e+00	-2.9555583051e-01
0.392             	-3.9823295062e-01	1.2639460926e-01	-1.3878700703e+00	-1.0921679858e+00	-2.9570208454e-01
0.3922            	-3.9750709416e-01	1.2638475011e-01	-1.3869287019e+00	-1.0909714451e+00	-2.9595725678e-01
0.3924            	-3.9675415230e-01	1.2636267501e-01	-1.3858419252e+00	-1.0896751149e+00	-2.9616681030e-01
0.3926            	-3.9619685436e-01	1.2636645190e-01	-1.3849746261e+00	-1.0886841674e+00	-2.9629045870e-01
0.3928            	-3.9555243815e-01	1.2636337739e-01	-1.3840545618e+00	-1.0875797191e+00	-2.9647484276e-01
0.393             	-3.9498862225e-01	1.2642275775e-01	-1.3831990292e+00	-1.0865881369e+00	-2.9661089236e-01
0.3932            	-3.9437062806e-01	1.2645580140e-01	-1.3822802847e+00	-1.0855107704e+00	-2.9676951429e-01
0.3934            	-3.9381818836e-01	1.2648298345e-01	-1.3815908415e+00	-1.0846136091e+00	-2.9697723237e-01
0.3936            	-3.9320685465e-01	1.2649508236e-01	-1.3807533751e+00	-1.0835835422e+00	-2.9716983290e-01
0.3938            	-3.9268696505e-01	1.2647306032e-01	-1.3800976756e+00	-1.0827358029e+00	-2.9736187278e-01
0.394             	-3.9184059662e-01	1.2648036547e-01	-1.3790368998e+00	-1.0813590465e+00	-2.9767785326e-01
0.3942            	-3.9116592983e-01	1.2649057908e-01	-1.3781306933e+00	-1.0802312765e+00	-2.9789941681e-01
0.3944            	-3.9032833566e-01	1.2646518188e-01	-1.3770036032e+00	-1.0788301373e+00	-2.9817346593e-01
0.3946            	-3.8954920596e-01	1.2642578786e-01	-1.3759578547e+00	-1.0775281333e+00	-2.9842972139e-01
0.3948            	-3.8882016758e-01	1.2641218866e-01	-1.3749932680e+00	-1.0763168016e+00	-2.9867646643e-01
0.395             	-3.8792906873e-01	1.2643689950e-01	-1.3739148734e+00	-1.0748865054e+00	-2.9902836795e-01
0.3952            	-3.8712502077e-01	1.2635961441e-01	-1.3728608591e+00	-1.0735554503e+00	-2.9930540878e-01
0.3954            	-3.8625760100e-01	1.2638273107e-01	-1.3717581333e+00	-1.0721366677e+00	-2.9962146566e-01
0.3956            	-3.8555365650e-01	1.2637341467e-01	-1.3708974785e+00	-1.0710023957e+00	-2.9989508273e-01
0.3958            	-3.8487572232e-01	1.2635520962e-01	-1.3699584570e+00	-1.0698549508e+00	-3.0010350619e-01
0.396             	-3.8420449657e-01	1.2635130650e-01	-1.3690983008e+00	-1.0687536470e+00	-3.0034465385e-01
0.3962            	-3.8353043972e-01	1.2635706755e-01	-1.3681947204e+00	-1.0676277999e+00	-3.0056692047e-01
0.3964            	-3.8279670198e-01	1.2632709959e-01	-1.3671681633e+00	-1.0663807836e+00	-3.0078737965e-01
0.3966            	-3.8206547798e-01	1.2626403376e-01	-1.3659664420e+00	-1.0650486990e+00	-3.0091774301e-01
0.3968            	-3.8147637457e-01	1.2622852633e-01	-1.3651798777e+00	-1.0640663134e+00	-3.0111356430e-01
0.397             	-3.8101905502e-01	1.2622657837e-01	-1.3643810159e+00	-1.0632095630e+00	-3.0117145292e-01
0.3972            	-3.8063329821e-01	1.2621814930e-01	-1.3637802491e+00	-1.0625234228e+00	-3.0125682633e-01
0.3974            	-3.8015287755e-01	1.2621387933e-01	-1.3629656846e+00	-1.0616357199e+00	-3.0132996477e-01
0.3976            	-3.7969106885e-01	1.2621094505e-01	-1.3621847278e+00	-1.0607834327e+00	-3.0140129504e-01
0.3978            	-3.7937410456e-01	1.2620113316e-01	-1.3615108668e+00	-1.0601295380e+00	-3.0138132885e-01
0.398             	-3.7912266223e-01	1.2619553813e-01	-1.3610849064e+00	-1.0596651154e+00	-3.0141979097e-01
0.3982            	-3.7901456320e-01	1.2623014771e-01	-1.3607473489e+00	-1.0593882377e+00	-3.0135911126e-01
0.3984            	-3.7884377247e-01	1.2629627083e-01	-1.3603262588e+00	-1.0590069019e+00	-3.0131935692e-01
0.3986            	-3.7876015505e-01	1.2635288651e-01	-1.3600652795e+00	-1.0587927948e+00	-3.0127248470e-01
0.3988            	-3.7880939940e-01	1.2642311756e-01	-1.3598648686e+00	-1.0587418337e+00	-3.0112303487e-01
0.399             	-3.7889801543e-01	1.2647176569e-01	-1.3597576844e+00	-1.0587768576e+00	-3.0098082676e-01
0.3992            	-3.7881961823e-01	1.2646251830e-01	-1.3593759409e+00	-1.0585075887e+00	-3.0086835224e-01
0.3994            	-3.7879182537e-01	1.2649253892e-01	-1.3591251958e+00	-1.0583544233e+00	-3.0077077251e-01
0.3996            	-3.7891237762e-01	1.2655615799e-01	-1.3590306333e+00	-1.0584276943e+00	-3.0060293904e-01
0.3998            	-3.7877415353e-01	1.2661183704e-01	-1.3586611426e+00	-1.0581047248e+00	-3.0055641779e-01
0.4               	-3.7878155476e-01	1.2666538752e-01	-1.3584109859e+00	-1.0579870477e+00	-3.0042393819e-01
0.4002            	-3.7865785741e-01	1.2676031711e-01	-1.3580913946e+00	-1.0577035547e+00	-3.0038783991e-01
0.4004            	-3.7834601616e-01	1.2688930433e-01	-1.3575925897e+00	-1.0571423110e+00	-3.0045027871e-01
0.4006            	-3.7829575657e-01	1.2702473223e-01	-1.3572927905e+00	-1.0569421518e+00	-3.0035063867e-01
0.4008            	-3.7818495762e-01	1.2717548124e-01	-1.3569694450e+00	-1.0566696801e+00	-3.0029976488e-01
0.401             	-3.7800749478e-01	1.2731213437e-01	-1.3565615989e+00	-1.0562882942e+00	-3.0027330465e-01
0.4012            	-3.7790430957e-01	1.2742013675e-01	-1.3562403625e+00	-1.0560244908e+00	-3.0021587165e-01
0.4014            	-3.7791458092e-01	1.2749770487e-01	-1.3560008484e+00	-1.0559150051e+00	-3.0008584326e-01
0.4016            	-3.7779167678e-01	1.2759010942e-01	-1.3556559400e+00	-1.0556196468e+00	-3.0003629319e-01
0.4018            	-3.7767909990e-01	1.2767120330e-01	-1.3553455089e+00	-1.0553518544e+00	-2.9999365457e-01
0.402             	-3.7725824857e-01	1.2773456875e-01	-1.3547866995e+00	-1.0546515983e+00	-3.0013510116e-01
0.4022            	-3.7684171818e-01	1.2772403613e-01	-1.3540274255e+00	-1.0538554309e+00	-3.0017199456e-01
0.4024            	-3.7647243813e-01	1.2773530335e-01	-1.3534805716e+00	-1.0532127239e+00	-3.0026784765e-01
0.4026            	-3.7581973346e-01	1.2771940235e-01	-1.3526217115e+00	-1.0521305892e+00	-3.0049112228e-01
0.4028            	-3.7513419249e-01	1.2771435171e-01	-1.3517435137e+00	-1.0510059493e+00	-3.0073756437e-01
0.403             	-3.7431764196e-01	1.2772816075e-01	-1.3506736311e+00	-1.0496544575e+00	-3.0101917357e-01
0.4032            	-3.7366393033e-01	1.2770553636e-01	-1.3498168573e+00	-1.0485723590e+00	-3.0124449834e-01
0.4034            	-3.7338572741e-01	1.2765032389e-01	-1.3492878912e+00	-1.0480296730e+00	-3.0125821820e-01
0.4036            	-3.7293807989e-01	1.2766343552e-01	-1.3486111599e+00	-1.0472436599e+00	-3.0136750008e-01
0.4038            	-3.7257445335e-01	1.2769468833e-01	-1.3479882910e+00	-1.0465685989e+00	-3.0141969215e-01
0.404             	-3.7222573649e-01	1.2771739227e-01	-1.3474770328e+00	-1.0459642529e+00	-3.0151277989e-01
0.4042            	-3.7182688994e-01	1.2771885225e-01	-1.3468733055e+00	-1.0452635427e+00	-3.0160976282e-01
0.4044            	-3.7143074947e-01	1.2771427321e-01	-1.3463644486e+00	-1.0446129738e+00	-3.0175147482e-01
0.4046            	-3.7086845450e-01	1.2765891191e-01	-1.3457056641e+00	-1.0437212866e+00	-3.0198437755e-01
0.4048            	-3.7017879967e-01	1.2755825996e-01	-1.3449731809e+00	-1.0426653901e+00	-3.0230779077e-01
0.405             	-3.6934611279e-01	1.2748005695e-01	-1.3441009039e+00	-1.0413965647e+00	-3.0270433914e-01
0.4052            	-3.6856504523e-01	1.2747759281e-01	-1.3432419897e+00	-1.0401860401e+00	-3.0305594963e-01
0.4054            	-3.6769775695e-01	1.2745054217e-01	-1.3423027630e+00	-1.0388491384e+00	-3.0345362454e-01
0.4056            	-3.6676304694e-01	1.2745115548e-01	-1.3411879763e+00	-1.0373570351e+00	-3.0383094121e-01
0.4058            	-3.6620386506e-01	1.2736735082e-01	-1.3404992186e+00	-1.0364534744e+00	-3.0404574426e-01
0.406             	-3.6557320005e-01	1.2730130238e-01	-1.3397462747e+00	-1.0354463374e+00	-3.0429993733e-01
0.4062            	-3.6509411145e-01	1.2724139925e-01	-1.3391478370e+00	-1.0346680300e+00	-3.0447980707e-01
0.4064            	-3.6466842151e-01	1.2719929247e-01	-1.3385434731e+00	-1.0339401581e+00	-3.0460331503e-01
0.4066            	-3.6439866507e-01	1.2718489721e-01	-1.3380922450e+00	-1.0334447876e+00	-3.0464745742e-01
0.4068            	-3.6390843342e-01	1.2724899462e-01	-1.3366045468e+00	-1.0322107068e+00	-3.0439384000e-01
0.407             	-3.6344849137e-01	1.2714789163e-01	-1.3366952965e+00	-1.0317961396e+00	-3.0489915688e-01
0.4072            	-3.6300934164e-01	1.2720937024e-01	-1.3352814383e+00	-1.0306500608e+00	-3.0463137751e-01
0.4074            	-3.6276224060e-01	1.2709911895e-01	-1.3355633713e+00	-1.0305439262e+00	-3.0501944504e-01
0.4076            	-3.6241118155e-01	1.2717175175e-01	-1.3343551688e+00	-1.0295887659e+00	-3.0476640284e-01
0.4078            	-3.6211324655e-01	1.2716757698e-01	-1.3343677421e+00	-1.0292971176e+00	-3.0507062448e-01
0.408             	-3.6195088684e-01	1.2731709940e-01	-1.3334808485e+00	-1.0286913111e+00	-3.0478953740e-01
0.4082            	-3.6184933141e-01	1.2747837684e-01	-1.3334742400e+00	-1.0285864514e+00	-3.0488778857e-01
0.4084            	-3.6184799578e-01	1.2759606986e-01	-1.3329323948e+00	-1.0283141932e+00	-3.0461820161e-01
0.4086            	-3.6208751788e-01	1.2776245661e-01	-1.3331522817e+00	-1.0286636588e+00	-3.0448862299e-01
0.4088            	-3.6231240871e-01	1.2778229730e-01	-1.3331563611e+00	-1.0288905893e+00	-3.0426577184e-01
0.409             	-3.6254687334e-01	1.2789605769e-01	-1.3331608825e+00	-1.0291273146e+00	-3.0403356790e-01
0.4092            	-3.6274907865e-01	1.2786577547e-01	-1.3331150474e+00	-1.0293066023e+00	-3.0380844503e-01
0.4094            	-3.6266811686e-01	1.2797369472e-01	-1.3328589780e+00	-1.0290976059e+00	-3.0376137213e-01
0.4096            	-3.6264182832e-01	1.2792207119e-01	-1.3327280839e+00	-1.0290058703e+00	-3.0372221364e-01
0.4098            	-3.6299569039e-01	1.2804558013e-01	-1.3329336385e+00	-1.0294625097e+00	-3.0347112887e-01
0.41              	-3.6295418651e-01	1.2802538870e-01	-1.3326996358e+00	-1.0293040044e+00	-3.0339563137e-01
0.4102            	-3.6270978382e-01	1.2814661923e-01	-1.3322645210e+00	-1.0288420443e+00	-3.0342247670e-01
0.4104            	-3.6246540413e-01	1.2808330307e-01	-1.3318237710e+00	-1.0283772896e+00	-3.0344648135e-01
0.4106            	-3.6204531514e-01	1.2817750361e-01	-1.3312869257e+00	-1.0276887780e+00	-3.0359814771e-01
0.4108            	-3.6191286077e-01	1.2812439476e-01	-1.3310407077e+00	-1.0274332146e+00	-3.0360749308e-01
0.411             	-3.6168728470e-01	1.2824302757e-01	-1.3306836111e+00	-1.0270290903e+00	-3.0365452086e-01
0.4112            	-3.6119856945e-01	1.2821125651e-01	-1.3300253658e+00	-1.0262112524e+00	-3.0381411346e-01
0.4114            	-3.6096459735e-01	1.2832920937e-01	-1.3296365965e+00	-1.0257828956e+00	-3.0385370089e-01
0.4116            	-3.6060594796e-01	1.2826697542e-01	-1.3291308196e+00	-1.0251713578e+00	-3.0395946186e-01
0.4118            	-3.6020099590e-01	1.2840066309e-01	-1.3283821263e+00	-1.0243920590e+00	-3.0399006723e-01
0.412             	-3.5998574209e-01	1.2827827732e-01	-1.3280627440e+00	-1.0240171141e+00	-3.0404562992e-01
0.4122            	-3.5965569677e-01	1.2839153474e-01	-1.3274048116e+00	-1.0233581026e+00	-3.0404670902e-01
0.4124            	-3.5955961973e-01	1.2826773001e-01	-1.3272204837e+00	-1.0231698616e+00	-3.0405062212e-01
0.4126            	-3.5925444692e-01	1.2839202192e-01	-1.3266547807e+00	-1.0225818373e+00	-3.0407294341e-01
0.4128            	-3.5902109999e-01	1.2830059731e-01	-1.3262563821e+00	-1.0221492910e+00	-3.0410709105e-01
0.413             	-3.5877589059e-01	1.2844857488e-01	-1.3257393587e+00	-1.0216455699e+00	-3.0409378878e-01
0.4132            	-3.5878999670e-01	1.2838826615e-01	-1.3255600946e+00	-1.0215700440e+00	-3.0399005062e-01
0.4134            	-3.5867605248e-01	1.2858137473e-01	-1.3252479537e+00	-1.0213000293e+00	-3.0394792438e-01
0.4136            	-3.5871151886e-01	1.2850717733e-01	-1.3251245043e+00	-1.0212737710e+00	-3.0385073328e-01
0.4138            	-3.5866268095e-01	1.2862471961e-01	-1.3249570706e+00	-1.0211412162e+00	-3.0381585434e-01
0.414             	-3.5858964060e-01	1.2844462634e-01	-1.3249132930e+00	-1.0210462871e+00	-3.0386700592e-01
0.4142            	-3.5810852842e-01	1.2858061681e-01	-1.3241149825e+00	-1.0201660197e+00	-3.0394896283e-01
0.4144            	-3.5772443163e-01	1.2842944296e-01	-1.3237803088e+00	-1.0196145860e+00	-3.0416572276e-01
0.4146            	-3.5697588010e-01	1.2857220162e-01	-1.3227917995e+00	-1.0183717799e+00	-3.0442001967e-01
0.4148            	-3.5646407772e-01	1.2835658501e-01	-1.3222912987e+00	-1.0176097271e+00	-3.0468157163e-01
0.415             	-3.5576172209e-01	1.2842967687e-01	-1.3213681581e+00	-1.0164458012e+00	-3.0492235697e-01
0.4152            	-3.5505613140e-01	1.2823799121e-01	-1.3206954770e+00	-1.0154038699e+00	-3.0529160711e-01
0.4154            	-3.5407992610e-01	1.2843039717e-01	-1.3194883493e+00	-1.0138241008e+00	-3.0566424857e-01
0.4156            	-3.5330739758e-01	1.2830658017e-01	-1.3187059530e+00	-1.0126603741e+00	-3.0604557893e-01
0.4158            	-3.5258996963e-01	1.2842289742e-01	-1.3176795952e+00	-1.0114297672e+00	-3.0624982796e-01
0.416             	-3.5222725216e-01	1.2823019051e-01	-1.3172908474e+00	-1.0108726759e+00	-3.0641817155e-01
0.4162            	-3.5167940160e-01	1.2837653823e-01	-1.3164715835e+00	-1.0099151933e+00	-3.0655639015e-01
0.4164            	-3.5127422052e-01	1.2821529670e-01	-1.3159990921e+00	-1.0092737665e+00	-3.0672532552e-01
0.4166            	-3.5100474062e-01	1.2838850185e-01	-1.3154063683e+00	-1.0087079248e+00	-3.0669844354e-01
0.4168            	-3.5091690647e-01	1.2826913044e-01	-1.3152465857e+00	-1.0085401993e+00	-3.0670638636e-01
0.417             	-3.5077123191e-01	1.2848813989e-01	-1.3147791117e+00	-1.0081607877e+00	-3.0661832391e-01
0.4172            	-3.5067113670e-01	1.2836968476e-01	-1.3146859358e+00	-1.0080141046e+00	-3.0667183118e-01
0.4174            	-3.5039115325e-01	1.2858020888e-01	-1.3141011156e+00	-1.0074417111e+00	-3.0665940456e-01
0.4176            	-3.5007801438e-01	1.2843181006e-01	-1.3138264781e+00	-1.0069912534e+00	-3.0683522466e-01
0.4178            	-3.4973890423e-01	1.2862986024e-01	-1.3131958846e+00	-1.0063368465e+00	-3.0685903808e-01
0.418             	-3.4929744576e-01	1.2850308232e-01	-1.3128234478e+00	-1.0057091697e+00	-3.0711427816e-01
0.4182            	-3.4924365728e-01	1.2876843093e-01	-1.3124203814e+00	-1.0054538480e+00	-3.0696653342e-01
0.4184            	-3.4931931527e-01	1.2872347737e-01	-1.3123925605e+00	-1.0055155955e+00	-3.0687696498e-01
0.4186            	-3.4918194962e-01	1.2900147281e-01	-1.3119640849e+00	-1.0051639921e+00	-3.0680009284e-01
0.4188            	-3.4957877364e-01	1.2888326476e-01	-1.3123585982e+00	-1.0057580727e+00	-3.0660052543e-01
0.419             	-3.4964858149e-01	1.2910063557e-01	-1.3120458371e+00	-1.0056715000e+00	-3.0637433706e-01
0.4192            	-3.4959448397e-01	1.2895945907e-01	-1.3120302229e+00	-1.0056095954e+00	-3.0642062747e-01
0.4194            	-3.4934801799e-01	1.2914845021e-01	-1.3115024240e+00	-1.0050992300e+00	-3.0640319399e-01
0.4196            	-3.4943044749e-01	1.2897906138e-01	-1.3116237251e+00	-1.0052423101e+00	-3.0638141508e-01
0.4198            	-3.4920046097e-01	1.2914025417e-01	-1.3110329544e+00	-1.0047169382e+00	-3.0631601626e-01
0.42              	-3.4904769780e-01	1.2895411386e-01	-1.3109866477e+00	-1.0045410217e+00	-3.0644562604e-01
0.4202            	-3.4870676498e-01	1.2914429997e-01	-1.3103194001e+00	-1.0038664650e+00	-3.0645293507e-01
0.4204            	-3.4851362265e-01	1.2897664358e-01	-1.3102755161e+00	-1.0036513807e+00	-3.0662413539e-01
0.4206            	-3.4825074952e-01	1.2916289743e-01	-1.3097425480e+00	-1.0031220235e+00	-3.0662052449e-01
0.4208            	-3.4800967306e-01	1.2900820496e-01	-1.3095956091e+00	-1.0028074776e+00	-3.0678813148e-01
0.421             	-3.4823112232e-01	1.2921753747e-01	-1.3095331866e+00	-1.0029977156e+00	-3.0653547100e-01
0.4212            	-3.4815887067e-01	1.2908815203e-01	-1.3094765156e+00	-1.0028971285e+00	-3.0657938714e-01
0.4214            	-3.4786924134e-01	1.2928175804e-01	-1.3088896491e+00	-1.0023140659e+00	-3.0657558319e-01
0.4216            	-3.4781308815e-01	1.2913106637e-01	-1.3088588593e+00	-1.0022425178e+00	-3.0661634149e-01
0.4218            	-3.4763100227e-01	1.2929892918e-01	-1.3084192262e+00	-1.0018406154e+00	-3.0657861084e-01
0.422             	-3.4735202895e-01	1.2914096076e-01	-1.3082557582e+00	-1.0014799081e+00	-3.0677585015e-01
0.4222            	-3.4674094601e-01	1.2934711056e-01	-1.3074706725e+00	-1.0004762823e+00	-3.0699439024e-01
0.4224            	-3.4668692952e-01	1.2927464048e-01	-1.3074381130e+00	-1.0004059860e+00	-3.0703212696e-01
0.4226            	-3.4628389707e-01	1.2956066327e-01	-1.3067838888e+00	-9.9967584147e-01	-3.0710804733e-01
0.4228            	-3.4619730996e-01	1.2947266547e-01	-1.3067982707e+00	-9.9959644532e-01	-3.0720182540e-01
0.423             	-3.4605272683e-01	1.2963575298e-01	-1.3065065464e+00	-9.9930600001e-01	-3.0720054635e-01
0.4232            	-3.4629880773e-01	1.2943306159e-01	-1.3068205837e+00	-9.9970909960e-01	-3.0711148414e-01
0.4234            	-3.4606339682e-01	1.2964424578e-01	-1.3063471041e+00	-9.9923694886e-01	-3.0711015522e-01
0.4236            	-3.4583245991e-01	1.2951631490e-01	-1.3061221308e+00	-9.9889352533e-01	-3.0722860550e-01
0.4238            	-3.4539301658e-01	1.2969474837e-01	-1.3054322464e+00	-9.9810913978e-01	-3.0732310662e-01
0.424             	-3.4490059290e-01	1.2948483913e-01	-1.3050047323e+00	-9.9740295906e-01	-3.0760177325e-01
0.4242            	-3.4432660227e-01	1.2958867124e-01	-1.3042256819e+00	-9.9643944319e-01	-3.0778623866e-01
0.4244            	-3.4398302195e-01	1.2936328928e-01	-1.3039743402e+00	-9.9597019205e-01	-3.0800414815e-01
0.4246            	-3.4348632191e-01	1.2951118961e-01	-1.3032442994e+00	-9.9510847161e-01	-3.0813582780e-01
0.4248            	-3.4330869158e-01	1.2929092466e-01	-1.3031979541e+00	-9.9490766863e-01	-3.0829028546e-01
0.425             	-3.4310037951e-01	1.2943572243e-01	-1.3027551621e+00	-9.9447796058e-01	-3.0827720156e-01
0.4252            	-3.4296262867e-01	1.2926121156e-01	-1.3026903869e+00	-9.9430782212e-01	-3.0838256479e-01
0.4254            	-3.4258546547e-01	1.2943936914e-01	-1.3020840014e+00	-9.9362746618e-01	-3.0845653524e-01
0.4256            	-3.4241397590e-01	1.2927903696e-01	-1.3019351571e+00	-9.9338155447e-01	-3.0855360267e-01
0.4258            	-3.4207778639e-01	1.2943622684e-01	-1.3013888958e+00	-9.9277223429e-01	-3.0861666151e-01
0.426             	-3.4201503697e-01	1.2925859185e-01	-1.3013833578e+00	-9.9270671588e-01	-3.0867664193e-01
0.4262            	-3.4178874413e-01	1.2936444549e-01	-1.3009657324e+00	-9.9227161032e-01	-3.0869412206e-01
0.4264            	-3.4153495446e-01	1.2916334886e-01	-1.3007722178e+00	-9.9192106336e-01	-3.0885115444e-01
0.4266            	-3.4091238265e-01	1.2927453375e-01	-1.3000989430e+00	-9.9096185416e-01	-3.0913708887e-01
0.4268            	-3.4052952788e-01	1.2920831763e-01	-1.2996240013e+00	-9.9034152854e-01	-3.0928247277e-01
0.427             	-3.4040859498e-01	1.2902738924e-01	-1.2995478832e+00	-9.9018253659e-01	-3.0936534663e-01
0.4272            	-3.3995776211e-01	1.2903016465e-01	-1.2990153570e+00	-9.8946544060e-01	-3.0954991639e-01
0.4274            	-3.3987468578e-01	1.2905151876e-01	-1.2989221684e+00	-9.8933576997e-01	-3.0958639842e-01
0.4276            	-3.3954860161e-01	1.2911208657e-01	-1.2984953669e+00	-9.8879628508e-01	-3.0969908186e-01
0.4278            	-3.3940942305e-01	1.2911858955e-01	-1.2982323572e+00	-9.8852560162e-01	-3.0970675553e-01
0.428             	-3.3899748097e-01	1.2912689446e-01	-1.2977177398e+00	-9.8785635086e-01	-3.0986138892e-01
0.4282            	-3.3902895178e-01	1.2915197366e-01	-1.2976737232e+00	-9.8786581338e-01	-3.0980790982e-01
0.4284            	-3.3908875038e-01	1.2919891433e-01	-1.2975928640e+00	-9.8788518236e-01	-3.0970768160e-01
0.4286            	-3.3928694852e-01	1.2923780218e-01	-1.2976921748e+00	-9.8813303593e-01	-3.0955913888e-01
0.4288            	-3.3957516745e-01	1.2923454705e-01	-1.2979214879e+00	-9.8853591143e-01	-3.0938557652e-01
0.429             	-3.4002867274e-01	1.2921835847e-01	-1.2982494789e+00	-9.8915341216e-01	-3.0909606669e-01
0.4292            	-3.4006034727e-01	1.2926015847e-01	-1.2981434345e+00	-9.8913206451e-01	-3.0901136998e-01
0.4294            	-3.4003251929e-01	1.2930286146e-01	-1.2979545870e+00	-9.8900981279e-01	-3.0894477420e-01
0.4296            	-3.4005345824e-01	1.2934366224e-01	-1.2978763167e+00	-9.8899161660e-01	-3.0888470012e-01
0.4298            	-3.4010595801e-01	1.2939787484e-01	-1.2978609724e+00	-9.8903644421e-01	-3.0882452819e-01
0.43              	-3.4038336173e-01	1.2946098227e-01	-1.2980293570e+00	-9.8939804024e-01	-3.0863131678e-01
0.4302            	-3.4055382218e-01	1.2949407311e-01	-1.2981810256e+00	-9.8964433496e-01	-3.0853669060e-01
0.4304            	-3.4097536191e-01	1.2958189553e-01	-1.2984057195e+00	-9.9017822167e-01	-3.0822749784e-01
0.4306            	-3.4120581275e-01	1.2969991656e-01	-1.2984641325e+00	-9.9043787901e-01	-3.0802625351e-01
0.4308            	-3.4160222932e-01	1.2979532785e-01	-1.2987612282e+00	-9.9098284341e-01	-3.0777838478e-01
0.431             	-3.4202990541e-01	1.2986268227e-01	-1.2990783344e+00	-9.9156907263e-01	-3.0750926182e-01
0.4312            	-3.4247283958e-01	1.2990918798e-01	-1.2994322328e+00	-9.9218895597e-01	-3.0724327681e-01
0.4314            	-3.4243053604e-01	1.2998866211e-01	-1.2993099697e+00	-9.9208552089e-01	-3.0722444880e-01
0.4316            	-3.4235543472e-01	1.3004106576e-01	-1.2991160514e+00	-9.9191346041e-01	-3.0720259098e-01
0.4318            	-3.4229949604e-01	1.3007574790e-01	-1.2989564416e+00	-9.9177771685e-01	-3.0717872478e-01
0.432             	-3.4222751665e-01	1.3010621939e-01	-1.2988791608e+00	-9.9166709703e-01	-3.0721206374e-01
0.4322            	-3.4222857763e-01	1.3014955899e-01	-1.2988275989e+00	-9.9164237710e-01	-3.0718522184e-01
0.4324            	-3.4215488019e-01	1.3016258711e-01	-1.2986491373e+00	-9.9147944884e-01	-3.0716968846e-01
0.4326            	-3.4207657021e-01	1.3010710944e-01	-1.2985008641e+00	-9.9132700225e-01	-3.0717386184e-01
0.4328            	-3.4174024978e-01	1.3000409922e-01	-1.2981981435e+00	-9.9083932154e-01	-3.0735882198e-01
0.433             	-3.4117919063e-01	1.2996716350e-01	-1.2975759694e+00	-9.8996717532e-01	-3.0760879406e-01
0.4332            	-3.4042415807e-01	1.2998982184e-01	-1.2967530181e+00	-9.8880066711e-01	-3.0795235098e-01
0.4334            	-3.3989007309e-01	1.2996139306e-01	-1.2960904207e+00	-9.8793528346e-01	-3.0815513728e-01
0.4336            	-3.3971220890e-01	1.2989324851e-01	-1.2958053460e+00	-9.8761488188e-01	-3.0819046409e-01
0.4338            	-3.3972420907e-01	1.2981637592e-01	-1.2956854249e+00	-9.8756692154e-01	-3.0811850340e-01
0.434             	-3.3975234927e-01	1.2982463261e-01	-1.2956201769e+00	-9.8756243774e-01	-3.0805773920e-01
0.4342            	-3.3952117481e-01	1.2992458483e-01	-1.2952841301e+00	-9.8716323988e-01	-3.0812089026e-01
0.4344            	-3.3921664598e-01	1.2997813589e-01	-1.2949481453e+00	-9.8669071863e-01	-3.0825742667e-01
0.4346            	-3.3903034886e-01	1.2993176897e-01	-1.2947237954e+00	-9.8639224657e-01	-3.0833154885e-01
0.4348            	-3.3882811930e-01	1.2981595524e-01	-1.2945243954e+00	-9.8609031701e-01	-3.0843407841e-01
0.435             	-3.3839211957e-01	1.2972807433e-01	-1.2940518749e+00	-9.8541805704e-01	-3.0863381790e-01
0.4352            	-3.3774590649e-01	1.2969918370e-01	-1.2933815312e+00	-9.8443667207e-01	-3.0894485910e-01
0.4354            	-3.3720223735e-01	1.2971990321e-01	-1.2928511950e+00	-9.8362783485e-01	-3.0922336015e-01
0.4356            	-3.3666985110e-01	1.2972323096e-01	-1.2924658632e+00	-9.8290278269e-01	-3.0956308050e-01
0.4358            	-3.3626785149e-01	1.2975210228e-01	-1.2921181101e+00	-9.8232690654e-01	-3.0979120356e-01
0.436             	-3.3594183950e-01	1.2979933545e-01	-1.2917052661e+00	-9.8179447254e-01	-3.0991079354e-01
0.4362            	-3.3561916569e-01	1.2987692956e-01	-1.2913625879e+00	-9.8130045963e-01	-3.1006212824e-01
0.4364            	-3.3524489358e-01	1.2991979110e-01	-1.2909926629e+00	-9.8074122503e-01	-3.1025143786e-01
0.4366            	-3.3469664483e-01	1.2992744309e-01	-1.2904420029e+00	-9.7991764631e-01	-3.1052435664e-01
0.4368            	-3.3452102466e-01	1.2988293058e-01	-1.2902046388e+00	-9.7962334407e-01	-3.1058129475e-01
0.437             	-3.3406933879e-01	1.2981452197e-01	-1.2898276509e+00	-9.7898316425e-01	-3.1084448666e-01
0.4372            	-3.3373380355e-01	1.2970356952e-01	-1.2896094697e+00	-9.7853853843e-01	-3.1107093132e-01
0.4374            	-3.3337669990e-01	1.2964302214e-01	-1.2891152234e+00	-9.7793431160e-01	-3.1118091180e-01
0.4376            	-3.3254449534e-01	1.2956019751e-01	-1.2882143554e+00	-9.7665167303e-01	-3.1156268234e-01
0.4378            	-3.3208149861e-01	1.2948266864e-01	-1.2876084991e+00	-9.7588574818e-01	-3.1172275095e-01
0.438             	-3.3165589093e-01	1.2939854957e-01	-1.2869616649e+00	-9.7513672337e-01	-3.1182494152e-01
0.4382            	-3.3157964216e-01	1.2927020679e-01	-1.2867420239e+00	-9.7495065410e-01	-3.1179136978e-01
0.4384            	-3.3150675565e-01	1.2920183004e-01	-1.2865961327e+00	-9.7480482202e-01	-3.1179131072e-01
0.4386            	-3.3147876678e-01	1.2922461152e-01	-1.2864406451e+00	-9.7469908934e-01	-3.1174155578e-01
0.4388            	-3.3201871892e-01	1.2924992962e-01	-1.2867869293e+00	-9.7541218357e-01	-3.1137474574e-01
0.439             	-3.3253813298e-01	1.2935220580e-01	-1.2871197213e+00	-9.7609799364e-01	-3.1102172768e-01
0.4392            	-3.3355142641e-01	1.2942071798e-01	-1.2880483186e+00	-9.7757558570e-01	-3.1047273287e-01
0.4394            	-3.3460608982e-01	1.2949165716e-01	-1.2892138149e+00	-9.7921299728e-01	-3.1000081764e-01
0.4396            	-3.3514464520e-01	1.2964398428e-01	-1.2894952732e+00	-9.7989228178e-01	-3.0960299138e-01
0.4398            	-3.3537819599e-01	1.2971534561e-01	-1.2896886569e+00	-9.8022252441e-01	-3.0946613244e-01
0.44              	-3.3588751516e-01	1.2973977561e-01	-1.2900627894e+00	-9.8091890985e-01	-3.0914387953e-01
0.4402            	-3.3649806969e-01	1.2978247560e-01	-1.2905852118e+00	-9.8179067556e-01	-3.0879453619e-01
0.4404            	-3.3700512666e-01	1.2981076047e-01	-1.2910613597e+00	-9.8253580649e-01	-3.0852555318e-01
0.4406            	-3.3748128728e-01	1.2990527529e-01	-1.2913690444e+00	-9.8316580946e-01	-3.0820323491e-01
0.4408            	-3.3809060812e-01	1.2999256471e-01	-1.2918828674e+00	-9.8403204184e-01	-3.0785082559e-01
0.441             	-3.3821706125e-01	1.3001291687e-01	-1.2919105893e+00	-9.8417235591e-01	-3.0773823341e-01
0.4412            	-3.3859497838e-01	1.3005217915e-01	-1.2920427250e+00	-9.8461634089e-01	-3.0742638414e-01
0.4414            	-3.3930126029e-01	1.3006834171e-01	-1.2926494804e+00	-9.8562600050e-01	-3.0702347992e-01
0.4416            	-3.3953489857e-01	1.3013038676e-01	-1.2927589797e+00	-9.8591438842e-01	-3.0684459128e-01
0.4418            	-3.3967112235e-01	1.3018344517e-01	-1.2928801715e+00	-9.8611120808e-01	-3.0676896339e-01
0.442             	-3.3965007077e-01	1.3016268330e-01	-1.2928397236e+00	-9.8606993259e-01	-3.0676979104e-01
0.4422            	-3.3932217680e-01	1.3008472391e-01	-1.2925569538e+00	-9.8560065367e-01	-3.0695630008e-01
0.4424            	-3.3888438872e-01	1.3001958910e-01	-1.2919775192e+00	-9.8487314831e-01	-3.0710437086e-01
0.4426            	-3.3832371796e-01	1.3001695675e-01	-1.2912474653e+00	-9.8394745059e-01	-3.0730001466e-01
0.4428            	-3.3807447299e-01	1.3008248589e-01	-1.2909351607e+00	-9.8354205336e-01	-3.0739310738e-01
0.443             	-3.3814613810e-01	1.3014718190e-01	-1.2909570993e+00	-9.8362468776e-01	-3.0733241157e-01
0.4432            	-3.3810159828e-01	1.3022702453e-01	-1.2908173998e+00	-9.8351029819e-01	-3.0730710162e-01
0.4434            	-3.3800864772e-01	1.3026514935e-01	-1.2907293826e+00	-9.8337333902e-01	-3.0735604359e-01
0.4436            	-3.3816924003e-01	1.3035371312e-01	-1.2907772351e+00	-9.8355785759e-01	-3.0721937752e-01
0.4438            	-3.3823548756e-01	1.3050889646e-01	-1.2906774827e+00	-9.8357422892e-01	-3.0710325379e-01
0.444             	-3.3873392987e-01	1.3064799487e-01	-1.2910832292e+00	-9.8427554446e-01	-3.0680768471e-01
0.4442            	-3.3891255331e-01	1.3076053540e-01	-1.2910839279e+00	-9.8445451726e-01	-3.0662941065e-01
0.4444            	-3.3885183993e-01	1.3082097593e-01	-1.2908599516e+00	-9.8428181574e-01	-3.0657813589e-01
0.4446            	-3.3861217904e-01	1.3080464662e-01	-1.2905084390e+00	-9.8386639853e-01	-3.0664204046e-01
0.4448            	-3.3811828612e-01	1.3076081336e-01	-1.2899184759e+00	-9.8307752407e-01	-3.0684095184e-01
0.445             	-3.3765251612e-01	1.3063953415e-01	-1.2895103177e+00	-9.8240767496e-01	-3.0710264272e-01
0.4452            	-3.3724920262e-01	1.3051620328e-01	-1.2890509688e+00	-9.8177468704e-01	-3.0727628180e-01
0.4454            	-3.3681344196e-01	1.3045590543e-01	-1.2885550235e+00	-9.8109095370e-01	-3.0746406978e-01
0.4456            	-3.3661985757e-01	1.3035179686e-01	-1.2883067410e+00	-9.8077322807e-01	-3.0753351294e-01
0.4458            	-3.3613124607e-01	1.3033396340e-01	-1.2877282273e+00	-9.7999535974e-01	-3.0773286761e-01
0.446             	-3.3572451739e-01	1.3031876748e-01	-1.2872954270e+00	-9.7937223089e-01	-3.0792319610e-01
0.4462            	-3.3531112635e-01	1.3033968016e-01	-1.2867565926e+00	-9.7868942265e-01	-3.0806716995e-01
0.4464            	-3.3464907676e-01	1.3035600368e-01	-1.2861526110e+00	-9.7772538225e-01	-3.0842722872e-01
0.4466            	-3.3405989671e-01	1.3036684309e-01	-1.2855423120e+00	-9.7683105273e-01	-3.0871125931e-01
0.4468            	-3.3361852541e-01	1.3039851822e-01	-1.2850717939e+00	-9.7615442238e-01	-3.0891737157e-01
0.447             	-3.3323153907e-01	1.3039267699e-01	-1.2846958821e+00	-9.7557948012e-01	-3.0911640197e-01
0.4472            	-3.3295488904e-01	1.3037661351e-01	-1.2844955837e+00	-9.7520268088e-01	-3.0929290280e-01
0.4474            	-3.3242995843e-01	1.3039603679e-01	-1.2839425224e+00	-9.7440121963e-01	-3.0954130276e-01
0.4476            	-3.3259177751e-01	1.3036984283e-01	-1.2840241083e+00	-9.7460383164e-01	-3.0942027662e-01
0.4478            	-3.3243475720e-01	1.3034771394e-01	-1.2839356695e+00	-9.7440259196e-01	-3.0953307755e-01
0.448             	-3.3185121013e-01	1.3035759181e-01	-1.2833085456e+00	-9.7350548293e-01	-3.0980306266e-01
0.4482            	-3.3159500535e-01	1.3025035150e-01	-1.2830696676e+00	-9.7312983916e-01	-3.0993982845e-01
0.4484            	-3.3139645511e-01	1.3007544087e-01	-1.2829233145e+00	-9.7285811236e-01	-3.1006520214e-01
0.4486            	-3.3139088036e-01	1.2996934893e-01	-1.2827709127e+00	-9.7277633672e-01	-3.0999457599e-01
0.4488            	-3.3126961413e-01	1.2986567067e-01	-1.2827091506e+00	-9.7262418943e-01	-3.1008496116e-01
0.449             	-3.3128623935e-01	1.2984018060e-01	-1.2826807743e+00	-9.7262662649e-01	-3.1005414779e-01
0.4492            	-3.3125140444e-01	1.2982740066e-01	-1.2826465521e+00	-9.7257468051e-01	-3.1007187164e-01
0.4494            	-3.3184246213e-01	1.2978454744e-01	-1.2833082826e+00	-9.7349660342e-01	-3.0981167915e-01
0.4496            	-3.3238188395e-01	1.2982310820e-01	-1.2838027529e+00	-9.7428326038e-01	-3.0951949249e-01
0.4498            	-3.3269511962e-01	1.2993868493e-01	-1.2839799967e+00	-9.7468511799e-01	-3.0929487875e-01
0.45              	-3.3295122378e-01	1.3006056026e-01	-1.2843073511e+00	-9.7510489932e-01	-3.0920245177e-01
0.4502            	-3.3350564963e-01	1.3025982373e-01	-1.2846224607e+00	-9.7581687995e-01	-3.0880558070e-01
0.4504            	-3.3430836097e-01	1.3030034272e-01	-1.2855163700e+00	-9.7706654598e-01	-3.0844982403e-01
0.4506            	-3.3457425001e-01	1.3038710290e-01	-1.2855778527e+00	-9.7736317634e-01	-3.0821467633e-01
0.4508            	-3.3514062423e-01	1.3048115820e-01	-1.2860420674e+00	-9.7816165795e-01	-3.0788040949e-01
0.451             	-3.3557227746e-01	1.3054341499e-01	-1.2864858058e+00	-9.7881518034e-01	-3.0767062542e-01
0.4512            	-3.3640870394e-01	1.3054944553e-01	-1.2872818483e+00	-9.8004962811e-01	-3.0723222023e-01
0.4514            	-3.3683301981e-01	1.3060900350e-01	-1.2876410489e+00	-9.8065354427e-01	-3.0698750465e-01
0.4516            	-3.3712990806e-01	1.3059800223e-01	-1.2879035029e+00	-9.8108165951e-01	-3.0682184340e-01
0.4518            	-3.3736764645e-01	1.3061543156e-01	-1.2881436652e+00	-9.8143947906e-01	-3.0670418615e-01
0.452             	-3.3746192137e-01	1.3063909396e-01	-1.2882107765e+00	-9.8156730964e-01	-3.0664346690e-01
0.4522            	-3.3750777835e-01	1.3067039579e-01	-1.2882711824e+00	-9.8164336953e-01	-3.0662781283e-01
0.4524            	-3.3748159155e-01	1.3071086849e-01	-1.2881746611e+00	-9.8156892211e-01	-3.0660573901e-01
0.4526            	-3.3735919981e-01	1.3074116313e-01	-1.2880185896e+00	-9.8136849461e-01	-3.0665009500e-01
0.4528            	-3.3717044199e-01	1.3069529681e-01	-1.2878872312e+00	-9.8111405761e-01	-3.0677317362e-01
0.453             	-3.3690341502e-01	1.3063397693e-01	-1.2875338155e+00	-9.8067032275e-01	-3.0686349272e-01
0.4532            	-3.3699300560e-01	1.3060850980e-01	-1.2875109959e+00	-9.8074850356e-01	-3.0676249235e-01
0.4534            	-3.3667988280e-01	1.3068530209e-01	-1.2871455035e+00	-9.8025263455e-01	-3.0689286895e-01
0.4536            	-3.3639775190e-01	1.3077404208e-01	-1.2868281167e+00	-9.7981181026e-01	-3.0701630646e-01
0.4538            	-3.3639161147e-01	1.3083871738e-01	-1.2868352114e+00	-9.7980921715e-01	-3.0702599421e-01
0.454             	-3.3659991218e-01	1.3093587744e-01	-1.2869382572e+00	-9.8006904076e-01	-3.0686921641e-01
0.4542            	-3.3668667203e-01	1.3103989182e-01	-1.2869422393e+00	-9.8015779166e-01	-3.0678444760e-01
0.4544            	-3.3689291806e-01	1.3114130184e-01	-1.2870585639e+00	-9.8042219999e-01	-3.0663636387e-01
0.4546            	-3.3709056904e-01	1.3119823154e-01	-1.2871882696e+00	-9.8068470383e-01	-3.0650356576e-01
0.4548            	-3.3734173768e-01	1.3121797136e-01	-1.2874176127e+00	-9.8105054402e-01	-3.0636706865e-01
0.455             	-3.3753363547e-01	1.3120017755e-01	-1.2875558419e+00	-9.8131155641e-01	-3.0624428547e-01
0.4552            	-3.3753870419e-01	1.3114735233e-01	-1.2874928158e+00	-9.8128511209e-01	-3.0620770370e-01
0.4554            	-3.3732527446e-01	1.3106637845e-01	-1.2871870674e+00	-9.8091880814e-01	-3.0626825922e-01
0.4556            	-3.3702779661e-01	1.3096087055e-01	-1.2868850023e+00	-9.8047029776e-01	-3.0641470454e-01
0.4558            	-3.3683394478e-01	1.3087802776e-01	-1.2867753123e+00	-9.8022160093e-01	-3.0655371136e-01
0.456             	-3.3609517797e-01	1.3077435815e-01	-1.2859486674e+00	-9.7906951166e-01	-3.0687915572e-01
0.4562            	-3.3534373637e-01	1.3075888993e-01	-1.2851447092e+00	-9.7791609099e-01	-3.0722861825e-01
0.4564            	-3.3475185400e-01	1.3080452257e-01	-1.2845328696e+00	-9.7701828881e-01	-3.0751458081e-01
0.4566            	-3.3450702208e-01	1.3081595603e-01	-1.2843342095e+00	-9.7667412681e-01	-3.0766008266e-01
0.4568            	-3.3430218946e-01	1.3076895082e-01	-1.2842030371e+00	-9.7640370802e-01	-3.0779932910e-01
0.457             	-3.3423439458e-01	1.3064208040e-01	-1.2842222147e+00	-9.7634550193e-01	-3.0787671277e-01
0.4572            	-3.3419288224e-01	1.3054625415e-01	-1.2842448813e+00	-9.7631532291e-01	-3.0792955843e-01
0.4574            	-3.3374304798e-01	1.3051613664e-01	-1.2838580101e+00	-9.7567205301e-01	-3.0818595706e-01
0.4576            	-3.3315801966e-01	1.3052517605e-01	-1.2833338912e+00	-9.7482496528e-01	-3.0850892596e-01
0.4578            	-3.3346120974e-01	1.3059619803e-01	-1.2836740007e+00	-9.7529821011e-01	-3.0837579063e-01
0.458             	-3.3311594214e-01	1.3047274088e-01	-1.2833971654e+00	-9.7481452483e-01	-3.0858264054e-01
0.4582            	-3.3279993715e-01	1.3036408535e-01	-1.2830943276e+00	-9.7434710094e-01	-3.0874722664e-01
0.4584            	-3.3198000589e-01	1.3028629124e-01	-1.2823529977e+00	-9.7315650476e-01	-3.0919649299e-01
0.4586            	-3.3099715865e-01	1.3026339669e-01	-1.2814811502e+00	-9.7173773376e-01	-3.0974341647e-01
0.4588            	-3.3064309633e-01	1.3018991771e-01	-1.2812427799e+00	-9.7126448628e-01	-3.0997829362e-01
0.459             	-3.3032632823e-01	1.3009597138e-01	-1.2809013539e+00	-9.7077700517e-01	-3.1012434870e-01
0.4592            	-3.3045912266e-01	1.3001840245e-01	-1.2810755597e+00	-9.7099690254e-01	-3.1007865721e-01
0.4594            	-3.3071455759e-01	1.3000055493e-01	-1.2812890868e+00	-9.7135910097e-01	-3.0992998580e-01
0.4596            	-3.3095543065e-01	1.3004642146e-01	-1.2814582582e+00	-9.7168455977e-01	-3.0977369847e-01
0.4598            	-3.3143021769e-01	1.3006318036e-01	-1.2819060599e+00	-9.7238324765e-01	-3.0952281227e-01
0.46              	-3.3193090944e-01	1.3008048053e-01	-1.2823814405e+00	-9.7312162969e-01	-3.0925981082e-01
0.4602            	-3.3245824391e-01	1.3007402496e-01	-1.2828629021e+00	-9.7388969497e-01	-3.0897320716e-01
0.4604            	-3.3273303497e-01	1.3006196505e-01	-1.2831239230e+00	-9.7429499647e-01	-3.0882892652e-01
0.4606            	-3.3298197696e-01	1.3006433101e-01	-1.2833446309e+00	-9.7465429243e-01	-3.0869033851e-01
0.4608            	-3.3328972548e-01	1.3006923386e-01	-1.2836028308e+00	-9.7509114088e-01	-3.0851168993e-01
0.461             	-3.3391967523e-01	1.3007547956e-01	-1.2842012081e+00	-9.7602027926e-01	-3.0818092880e-01
0.4612            	-3.3436684875e-01	1.3011259289e-01	-1.2846486788e+00	-9.7669118817e-01	-3.0795749066e-01
0.4614            	-3.3482050070e-01	1.3020452350e-01	-1.2850922373e+00	-9.7736661937e-01	-3.0772561798e-01
0.4616            	-3.3544204771e-01	1.3030622802e-01	-1.2856929614e+00	-9.7828852842e-01	-3.0740443301e-01
0.4618            	-3.3610922461e-01	1.3042860056e-01	-1.2862965538e+00	-9.7925750150e-01	-3.0703905229e-01
0.462             	-3.3722005748e-01	1.3053988141e-01	-1.2873075922e+00	-9.8087385357e-01	-3.0643373861e-01
0.4622            	-3.3833895321e-01	1.3064348803e-01	-1.2884122256e+00	-9.8254506603e-01	-3.0586715961e-01
0.4624            	-3.3907964239e-01	1.3073940733e-01	-1.2891378661e+00	-9.8364857546e-01	-3.0548929067e-01
0.4626            	-3.3936594193e-01	1.3080018848e-01	-1.2893601407e+00	-9.8404601226e-01	-3.0531412840e-01
0.4628            	-3.4015355643e-01	1.3075547052e-01	-1.2902058174e+00	-9.8525646511e-01	-3.0494935226e-01
0.463             	-3.3947044754e-01	1.3064906456e-01	-1.2894428897e+00	-9.8419189239e-01	-3.0525099730e-01
0.4632            	-3.3894701417e-01	1.3056163579e-01	-1.2890226500e+00	-9.8345833915e-01	-3.0556431081e-01
0.4634            	-3.3929426540e-01	1.3058734061e-01	-1.2893561493e+00	-9.8397234006e-01	-3.0538380925e-01
0.4636            	-3.3836468505e-01	1.3055651941e-01	-1.2885183349e+00	-9.8262385249e-01	-3.0589448239e-01
0.4638            	-3.3759560720e-01	1.3063185772e-01	-1.2878351556e+00	-9.8151318501e-01	-3.0632197060e-01
0.464             	-3.3707993598e-01	1.3073905914e-01	-1.2872636277e+00	-9.8071174985e-01	-3.0655187789e-01
0.4642            	-3.3655077116e-01	1.3087429847e-01	-1.2867435498e+00	-9.7992254605e-01	-3.0682100374e-01
0.4644            	-3.3635580764e-01	1.3100649997e-01	-1.2865521075e+00	-9.7963186140e-01	-3.0692024612e-01
0.4646            	-3.3640974676e-01	1.3114865323e-01	-1.2865558792e+00	-9.7968768638e-01	-3.0686819287e-01
0.4648            	-3.3652575367e-01	1.3119385682e-01	-1.2865428885e+00	-9.7979719793e-01	-3.0674569060e-01
0.465             	-3.3679470317e-01	1.3114059098e-01	-1.2867248900e+00	-9.8015714816e-01	-3.0656774182e-01
0.4652            	-3.3686416192e-01	1.3107018689e-01	-1.2867233694e+00	-9.8022584661e-01	-3.0649752277e-01
0.4654            	-3.3673670347e-01	1.3098739025e-01	-1.2865264141e+00	-9.7999991050e-01	-3.0652650356e-01
0.4656            	-3.3636128851e-01	1.3087861616e-01	-1.2860491101e+00	-9.7938584357e-01	-3.0666326654e-01
0.4658            	-3.3567322740e-01	1.3078966515e-01	-1.2853525221e+00	-9.7834948844e-01	-3.0700303365e-01
0.466             	-3.3492532066e-01	1.3069911076e-01	-1.2845916714e+00	-9.7722115635e-01	-3.0737051503e-01
0.4662            	-3.3417016426e-01	1.3060190017e-01	-1.2838955160e+00	-9.7611792225e-01	-3.0777759374e-01
0.4664            	-3.3347849267e-01	1.3049881238e-01	-1.2832656304e+00	-9.7511130787e-01	-3.0815432252e-01
0.4666            	-3.3274850353e-01	1.3046392861e-01	-1.2826086127e+00	-9.7405280987e-01	-3.0855580282e-01
0.4668            	-3.3229728300e-01	1.3051195485e-01	-1.2822133790e+00	-9.7340397249e-01	-3.0880940650e-01
0.467             	-3.3206674292e-01	1.3062717818e-01	-1.2819419890e+00	-9.7303773740e-01	-3.0890425157e-01
0.4672            	-3.3210487339e-01	1.3080306132e-01	-1.2818948693e+00	-9.7305230802e-01	-3.0884256125e-01
0.4674            	-3.3236512057e-01	1.3093944970e-01	-1.2820477375e+00	-9.7338898932e-01	-3.0865874818e-01
0.4676            	-3.3250892931e-01	1.3103670582e-01	-1.2820321615e+00	-9.7352501006e-01	-3.0850715144e-01
0.4678            	-3.3269715432e-01	1.3108738379e-01	-1.2821267626e+00	-9.7376053562e-01	-3.0836622697e-01
0.468             	-3.3273922406e-01	1.3108509432e-01	-1.2821094546e+00	-9.7379395134e-01	-3.0831550321e-01
0.4682            	-3.3259957781e-01	1.3102821731e-01	-1.2819463526e+00	-9.7357275412e-01	-3.0837359849e-01
0.4684            	-3.3217357552e-01	1.3098086965e-01	-1.2815200797e+00	-9.7293361538e-01	-3.0858646435e-01
0.4686            	-3.3186756407e-01	1.3091737140e-01	-1.2812426221e+00	-9.7248887511e-01	-3.0875374697e-01
0.4688            	-3.3141583774e-01	1.3087000688e-01	-1.2808085351e+00	-9.7182010530e-01	-3.0898842981e-01
0.469             	-3.3099416145e-01	1.3081441185e-01	-1.2803898508e+00	-9.7118908688e-01	-3.0920076397e-01
0.4692            	-3.3064292691e-01	1.3075775359e-01	-1.2799964934e+00	-9.7064117361e-01	-3.0935531979e-01
0.4694            	-3.3034134844e-01	1.3071656012e-01	-1.2797134706e+00	-9.7019808373e-01	-3.0951538684e-01
0.4696            	-3.3002719348e-01	1.3073210449e-01	-1.2794171455e+00	-9.6973576621e-01	-3.0968137925e-01
0.4698            	-3.2991980464e-01	1.3075718800e-01	-1.2792706785e+00	-9.6955514391e-01	-3.0971553463e-01
0.47              	-3.3013637819e-01	1.3078571007e-01	-1.2793724638e+00	-9.6982261011e-01	-3.0954985374e-01
0.4702            	-3.3051584777e-01	1.3082773061e-01	-1.2797453207e+00	-9.7038850810e-01	-3.0935681257e-01
0.4704            	-3.3082285782e-01	1.3088653773e-01	-1.2800006568e+00	-9.7082318620e-01	-3.0917747057e-01
0.4706            	-3.3124659171e-01	1.3092216101e-01	-1.2803886623e+00	-9.7144092287e-01	-3.0894773944e-01
0.4708            	-3.3169510426e-01	1.3093272100e-01	-1.2807840027e+00	-9.7208710563e-01	-3.0869689710e-01
0.471             	-3.3193860542e-01	1.3093038244e-01	-1.2811655630e+00	-9.7252138692e-01	-3.0864417608e-01
0.4712            	-3.3198058289e-01	1.3091383890e-01	-1.2812300294e+00	-9.7259559757e-01	-3.0863443179e-01
0.4714            	-3.3235302509e-01	1.3091312444e-01	-1.2815487938e+00	-9.7312742199e-01	-3.0842137182e-01
0.4716            	-3.3258879382e-01	1.3089640081e-01	-1.2818487042e+00	-9.7351314591e-01	-3.0833555827e-01
0.4718            	-3.3275112023e-01	1.3088224222e-01	-1.2820690899e+00	-9.7378566516e-01	-3.0828342469e-01
0.472             	-3.3305084802e-01	1.3088417140e-01	-1.2823620042e+00	-9.7423185013e-01	-3.0813015410e-01
0.4722            	-3.3348685653e-01	1.3087994679e-01	-1.2827799606e+00	-9.7487683683e-01	-3.0790312376e-01
0.4724            	-3.3380440261e-01	1.3089476164e-01	-1.2832126378e+00	-9.7541072149e-01	-3.0780191628e-01
0.4726            	-3.3396078482e-01	1.3092196998e-01	-1.2834777814e+00	-9.7569967552e-01	-3.0777810589e-01
0.4728            	-3.3437606956e-01	1.3093760945e-01	-1.2838650419e+00	-9.7630859049e-01	-3.0755645137e-01
0.473             	-3.3452856268e-01	1.3095788095e-01	-1.2840717718e+00	-9.7656444857e-01	-3.0750732321e-01
0.4732            	-3.3447629202e-01	1.3097905199e-01	-1.2841185263e+00	-9.7653555516e-01	-3.0758297113e-01
0.4734            	-3.3443509335e-01	1.3103155656e-01	-1.2841480398e+00	-9.7650911328e-01	-3.0763892657e-01
0.4736            	-3.3460855268e-01	1.3109994183e-01	-1.2842635965e+00	-9.7674035092e-01	-3.0752324555e-01
0.4738            	-3.3458802405e-01	1.3111948154e-01	-1.2842907077e+00	-9.7673337790e-01	-3.0755732980e-01
0.474             	-3.3450751006e-01	1.3105843050e-01	-1.2842377901e+00	-9.7662640513e-01	-3.0761138501e-01
0.4742            	-3.3424753731e-01	1.3099418952e-01	-1.2839053649e+00	-9.7620021974e-01	-3.0770514512e-01
0.4744            	-3.3389675992e-01	1.3095383244e-01	-1.2834415680e+00	-9.7561754389e-01	-3.0782402406e-01
0.4746            	-3.3334854880e-01	1.3092140324e-01	-1.2829621419e+00	-9.7482961973e-01	-3.0813252213e-01
0.4748            	-3.3344730573e-01	1.3091795063e-01	-1.2830562412e+00	-9.7497542635e-01	-3.0808081489e-01
0.475             	-3.3359978142e-01	1.3090896720e-01	-1.2830841622e+00	-9.7514186254e-01	-3.0794229969e-01
0.4752            	-3.3380638926e-01	1.3088458517e-01	-1.2832785774e+00	-9.7544567799e-01	-3.0783289946e-01
0.4754            	-3.3393766852e-01	1.3090038401e-01	-1.2834703349e+00	-9.7567283597e-01	-3.0779749892e-01
0.4756            	-3.3398566187e-01	1.3090254104e-01	-1.2834134739e+00	-9.7569239881e-01	-3.0772107507e-01
0.4758            	-3.3411544129e-01	1.3089375910e-01	-1.2835584693e+00	-9.7589467596e-01	-3.0766379338e-01
0.476             	-3.3414732247e-01	1.3088241069e-01	-1.2836576374e+00	-9.7597614120e-01	-3.0768149625e-01
0.4762            	-3.3389070379e-01	1.3096477109e-01	-1.2833562027e+00	-9.7556880512e-01	-3.0778739754e-01
0.4764            	-3.3394764596e-01	1.3100739265e-01	-1.2833183213e+00	-9.7560680661e-01	-3.0771151469e-01
0.4766            	-3.3381797589e-01	1.3109939213e-01	-1.2831822027e+00	-9.7540907725e-01	-3.0777312547e-01
0.4768            	-3.3385213163e-01	1.3113811655e-01	-1.2832296857e+00	-9.7546697450e-01	-3.0776271124e-01
0.477             	-3.3412021635e-01	1.3116938720e-01	-1.2834346893e+00	-9.7583756100e-01	-3.0759712831e-01
0.4772            	-3.3431170994e-01	1.3121929224e-01	-1.2835663373e+00	-9.7609487858e-01	-3.0747145870e-01
0.4774            	-3.3449186410e-01	1.3126129009e-01	-1.2837391261e+00	-9.7636142715e-01	-3.0737769895e-01
0.4776            	-3.3472728914e-01	1.3129366183e-01	-1.2839285572e+00	-9.7669156772e-01	-3.0723698945e-01
0.4778            	-3.3483670851e-01	1.3129295384e-01	-1.2841075001e+00	-9.7689045856e-01	-3.0721704154e-01
0.478             	-3.3465776186e-01	1.3128470666e-01	-1.2839995043e+00	-9.7665751403e-01	-3.0734199030e-01
0.4782            	-3.3433971987e-01	1.3127808399e-01	-1.2837458157e+00	-9.7621262770e-01	-3.0753318795e-01
0.4784            	-3.3379060348e-01	1.3121398505e-01	-1.2832161764e+00	-9.7539869169e-01	-3.0781748473e-01
0.4786            	-3.3307698580e-01	1.3113733211e-01	-1.2825643817e+00	-9.7435917665e-01	-3.0820520504e-01
0.4788            	-3.3263493797e-01	1.3106160475e-01	-1.2820787188e+00	-9.7367429739e-01	-3.0840442145e-01
0.479             	-3.3199121101e-01	1.3094877556e-01	-1.2814473519e+00	-9.7271488695e-01	-3.0873246493e-01
0.4792            	-3.3138604557e-01	1.3087816469e-01	-1.2808005042e+00	-9.7178629765e-01	-3.0901420651e-01
0.4794            	-3.3079861432e-01	1.3080768389e-01	-1.2803006523e+00	-9.7094894045e-01	-3.0935171181e-01
0.4796            	-3.3036278555e-01	1.3074298838e-01	-1.2799777674e+00	-9.7035166924e-01	-3.0962609815e-01
0.4798            	-3.2985536708e-01	1.3070320824e-01	-1.2795007464e+00	-9.6960574026e-01	-3.0989500611e-01
0.48              	-3.2941666615e-01	1.3069422803e-01	-1.2791835114e+00	-9.6900842183e-01	-3.1017508953e-01
0.4802            	-3.2879112014e-01	1.3067555461e-01	-1.2787015154e+00	-9.6814187784e-01	-3.1055963756e-01
0.4804            	-3.2845061773e-01	1.3067555827e-01	-1.2784466678e+00	-9.6767395165e-01	-3.1077271619e-01
0.4806            	-3.2844945301e-01	1.3060823754e-01	-1.2784489946e+00	-9.6767395031e-01	-3.1077504430e-01
0.4808            	-3.2841610959e-01	1.3054952032e-01	-1.2783425178e+00	-9.6758736850e-01	-3.1075514931e-01
0.481             	-3.2861918658e-01	1.3048800887e-01	-1.2785112857e+00	-9.6787482943e-01	-3.1063645627e-01
0.4812            	-3.2896270445e-01	1.3046735439e-01	-1.2787030354e+00	-9.6831422213e-01	-3.1038881324e-01
0.4814            	-3.2918967040e-01	1.3046838557e-01	-1.2788510408e+00	-9.6861519082e-01	-3.1023585002e-01
0.4816            	-3.2936402663e-01	1.3048994953e-01	-1.2790117709e+00	-9.6886991209e-01	-3.1014185883e-01
0.4818            	-3.2962485677e-01	1.3055266407e-01	-1.2792894458e+00	-9.6926957967e-01	-3.1001986614e-01
0.482             	-3.3002959744e-01	1.3054871986e-01	-1.2796980194e+00	-9.6987860717e-01	-3.0981941228e-01
0.4822            	-3.3039818509e-01	1.3053205686e-01	-1.2801274717e+00	-9.7046192095e-01	-3.0966555077e-01
0.4824            	-3.3074340740e-01	1.3053299222e-01	-1.2805358009e+00	-9.7101130784e-01	-3.0952449303e-01
0.4826            	-3.3111688284e-01	1.3061386455e-01	-1.2808106155e+00	-9.7152219059e-01	-3.0928842492e-01
0.4828            	-3.3178509911e-01	1.3067610067e-01	-1.2814072586e+00	-9.7248872842e-01	-3.0891853020e-01
0.483             	-3.3258812751e-01	1.3071152679e-01	-1.2821603518e+00	-9.7366830342e-01	-3.0849204841e-01
0.4832            	-3.3328227756e-01	1.3072490209e-01	-1.2828801038e+00	-9.7472232948e-01	-3.0815777436e-01
0.4834            	-3.3411749896e-01	1.3074669097e-01	-1.2835600427e+00	-9.7589752032e-01	-3.0766252240e-01
0.4836            	-3.3429514985e-01	1.3082760548e-01	-1.2836814828e+00	-9.7613589128e-01	-3.0754559157e-01
0.4838            	-3.3468433738e-01	1.3088684218e-01	-1.2840791817e+00	-9.7672392825e-01	-3.0735525348e-01
0.484             	-3.3476316613e-01	1.3090435673e-01	-1.2841594975e+00	-9.7684291488e-01	-3.0731658262e-01
0.4842            	-3.3489859389e-01	1.3087086938e-01	-1.2843785323e+00	-9.7708786005e-01	-3.0729067227e-01
0.4844            	-3.3477493030e-01	1.3082929192e-01	-1.2842996953e+00	-9.7692477796e-01	-3.0737491736e-01
0.4846            	-3.3507963137e-01	1.3075971113e-01	-1.2847187697e+00	-9.7743901620e-01	-3.0727975347e-01
0.4848            	-3.3515501026e-01	1.3063744991e-01	-1.2849127369e+00	-9.7761137871e-01	-3.0730135819e-01
0.485             	-3.3519065994e-01	1.3056131840e-01	-1.2848838096e+00	-9.7763256473e-01	-3.0725124485e-01
0.4852            	-3.3505012792e-01	1.3065246996e-01	-1.2846185762e+00	-9.7735941603e-01	-3.0725916019e-01
0.4854            	-3.3514660333e-01	1.3074702730e-01	-1.2847224323e+00	-9.7750781947e-01	-3.0721461282e-01
0.4856            	-3.3526503515e-01	1.3084103603e-01	-1.2848376642e+00	-9.7768386726e-01	-3.0715379696e-01
0.4858            	-3.3568728716e-01	1.3085963288e-01	-1.2852158996e+00	-9.7829523696e-01	-3.0692066265e-01
0.486             	-3.3582743374e-01	1.3086003458e-01	-1.2853214976e+00	-9.7848818253e-01	-3.0683331505e-01
0.4862            	-3.3629810477e-01	1.3082694456e-01	-1.2859068070e+00	-9.7925150825e-01	-3.0665529872e-01
0.4864            	-3.3601017526e-01	1.3086439008e-01	-1.2855867893e+00	-9.7880356990e-01	-3.0678321938e-01
0.4866            	-3.3588938654e-01	1.3083901600e-01	-1.2854366217e+00	-9.7860769742e-01	-3.0682892433e-01
0.4868            	-3.3558375961e-01	1.3083182094e-01	-1.2850999976e+00	-9.7813375842e-01	-3.0696623920e-01
0.487             	-3.3532578390e-01	1.3080154664e-01	-1.2849293862e+00	-9.7779047698e-01	-3.0713890919e-01
0.4872            	-3.3529470146e-01	1.3076200365e-01	-1.2848318485e+00	-9.7771062569e-01	-3.0712122276e-01
0.4874            	-3.3552109944e-01	1.3073638599e-01	-1.2850647735e+00	-9.7805348617e-01	-3.0701128728e-01
0.4876            	-3.3526082709e-01	1.3074729501e-01	-1.2847829226e+00	-9.7765228838e-01	-3.0713063420e-01
0.4878            	-3.3497994083e-01	1.3083599729e-01	-1.2844441211e+00	-9.7720200136e-01	-3.0724211970e-01
0.488             	-3.3456565256e-01	1.3098025777e-01	-1.2839488090e+00	-9.7654005706e-01	-3.0740875195e-01
0.4882            	-3.3431396730e-01	1.3107083123e-01	-1.2837103091e+00	-9.7616912187e-01	-3.0754118727e-01
0.4884            	-3.3420339611e-01	1.3106089830e-01	-1.2835515379e+00	-9.7597916508e-01	-3.0757237287e-01
0.4886            	-3.3409991716e-01	1.3102660982e-01	-1.2833380328e+00	-9.7576893355e-01	-3.0756909922e-01
0.4888            	-3.3409646183e-01	1.3098506145e-01	-1.2833073681e+00	-9.7575014588e-01	-3.0755722223e-01
0.489             	-3.3410064182e-01	1.3095942246e-01	-1.2832671981e+00	-9.7573424088e-01	-3.0753295725e-01
0.4892            	-3.3409777138e-01	1.3095847542e-01	-1.2832000372e+00	-9.7569778996e-01	-3.0750224720e-01
0.4894            	-3.3408455043e-01	1.3099286804e-01	-1.2830917361e+00	-9.7563041847e-01	-3.0746131762e-01
0.4896            	-3.3399531563e-01	1.3102034271e-01	-1.2831348098e+00	-9.7556272054e-01	-3.0757208927e-01
0.4898            	-3.3384627722e-01	1.3096910934e-01	-1.2829822559e+00	-9.7533740515e-01	-3.0764485071e-01
0.49              	-3.3352239680e-01	1.3087643301e-01	-1.2825988760e+00	-9.7482183479e-01	-3.0777704118e-01
0.4902            	-3.3328179713e-01	1.3086446362e-01	-1.2824742117e+00	-9.7451890299e-01	-3.0795530872e-01
0.4904            	-3.3292573040e-01	1.3080072796e-01	-1.2821721476e+00	-9.7401180419e-01	-3.0816034338e-01
0.4906            	-3.3239282679e-01	1.3082199333e-01	-1.2815664675e+00	-9.7317606056e-01	-3.0839040697e-01
0.4908            	-3.3181455437e-01	1.3093605164e-01	-1.2809294825e+00	-9.7227929564e-01	-3.0865018690e-01
0.491             	-3.3185221757e-01	1.3098663007e-01	-1.2810033250e+00	-9.7235388008e-01	-3.0864944495e-01
0.4912            	-3.3191109394e-01	1.3102085563e-01	-1.2810045721e+00	-9.7241337997e-01	-3.0859119209e-01
0.4914            	-3.3203807183e-01	1.3102225946e-01	-1.2810748780e+00	-9.7257551085e-01	-3.0849936718e-01
0.4916            	-3.3195490027e-01	1.3105326381e-01	-1.2809628760e+00	-9.7243633826e-01	-3.0852653773e-01
0.4918            	-3.3191977260e-01	1.3106870824e-01	-1.2809686086e+00	-9.7240407689e-01	-3.0856453170e-01
0.492             	-3.3153645711e-01	1.3111657463e-01	-1.2806570078e+00	-9.7186496102e-01	-3.0879204681e-01
0.4922            	-3.3131674910e-01	1.3106059810e-01	-1.2805271957e+00	-9.7158034696e-01	-3.0894684875e-01
0.4924            	-3.3152455306e-01	1.3101852659e-01	-1.2807579436e+00	-9.7190352484e-01	-3.0885441872e-01
0.4926            	-3.3146368172e-01	1.3098023811e-01	-1.2806702651e+00	-9.7179881427e-01	-3.0887145084e-01
0.4928            	-3.3112995618e-01	1.3092115963e-01	-1.2804242352e+00	-9.7134207378e-01	-3.0908216141e-01
0.493             	-3.3079743647e-01	1.3088201202e-01	-1.2801361747e+00	-9.7086552384e-01	-3.0927065089e-01
0.4932            	-3.3039972265e-01	1.3081745881e-01	-1.2798795652e+00	-9.7033950526e-01	-3.0954005997e-01
0.4934            	-3.3004155839e-01	1.3074135376e-01	-1.2796202780e+00	-9.6985169739e-01	-3.0976858061e-01
0.4936            	-3.2969988808e-01	1.3072628259e-01	-1.2791970512e+00	-9.6929841370e-01	-3.0989863755e-01
0.4938            	-3.2968952453e-01	1.3071800731e-01	-1.2791583412e+00	-9.6926869510e-01	-3.0988964605e-01
0.494             	-3.2956562011e-01	1.3071342247e-01	-1.2791351690e+00	-9.6913320463e-01	-3.1000196441e-01
0.4942            	-3.2984535617e-01	1.3068190955e-01	-1.2793583911e+00	-9.6952455173e-01	-3.0983383939e-01
0.4944            	-3.3012730448e-01	1.3068778765e-01	-1.2795076650e+00	-9.6988113697e-01	-3.0962652801e-01
0.4946            	-3.3014955913e-01	1.3069494208e-01	-1.2795148751e+00	-9.6990699668e-01	-3.0960787841e-01
0.4948            	-3.3036772563e-01	1.3069436600e-01	-1.2797903928e+00	-9.7026292205e-01	-3.0952747079e-01
0.495             	-3.3077058699e-01	1.3070198309e-01	-1.2802181316e+00	-9.7087965279e-01	-3.0933847882e-01
0.4952            	-3.3104302876e-01	1.3070287065e-01	-1.2805431095e+00	-9.7131458351e-01	-3.0922852599e-01
0.4954            	-3.3133949966e-01	1.3072784054e-01	-1.2808058412e+00	-9.7174242026e-01	-3.0906342093e-01
0.4956            	-3.3139465292e-01	1.3074457546e-01	-1.2809446423e+00	-9.7186697407e-01	-3.0907766822e-01
0.4958            	-3.3176120903e-01	1.3075363197e-01	-1.2814256119e+00	-9.7247401500e-01	-3.0895159693e-01
0.496             	-3.3191959759e-01	1.3074181443e-01	-1.2815915974e+00	-9.7271539628e-01	-3.0887620110e-01
0.4962            	-3.3209131114e-01	1.3072488588e-01	-1.2817290672e+00	-9.7295584474e-01	-3.0877322246e-01
0.4964            	-3.3213675996e-01	1.3072300480e-01	-1.2817805820e+00	-9.7302705095e-01	-3.0875353102e-01
0.4966            	-3.3231010746e-01	1.3073873037e-01	-1.2819656048e+00	-9.7329290987e-01	-3.0867269494e-01
0.4968            	-3.3274010693e-01	1.3076515603e-01	-1.2823789110e+00	-9.7392956243e-01	-3.0844934856e-01
0.497             	-3.3279862900e-01	1.3080258222e-01	-1.2823789011e+00	-9.7398807955e-01	-3.0839082156e-01
0.4972            	-3.3313511337e-01	1.3083442453e-01	-1.2827502319e+00	-9.7451022932e-01	-3.0824000258e-01
0.4974            	-3.3342055244e-01	1.3084719626e-01	-1.2830889159e+00	-9.7496501036e-01	-3.0812390549e-01
0.4976            	-3.3351341464e-01	1.3084931997e-01	-1.2832055375e+00	-9.7511618339e-01	-3.0808935412e-01
0.4978            	-3.3359448395e-01	1.3083242246e-01	-1.2832813240e+00	-9.7523514595e-01	-3.0804617806e-01
0.498             	-3.3342179687e-01	1.3083433346e-01	-1.2830824746e+00	-9.7496303414e-01	-3.0811944041e-01
0.4982            	-3.3311235789e-01	1.3082124498e-01	-1.2828866874e+00	-9.7455570158e-01	-3.0833098580e-01
0.4984            	-3.3297263594e-01	1.3080939392e-01	-1.2827605209e+00	-9.7435289640e-01	-3.0840762451e-01
0.4986            	-3.3303868618e-01	1.3080225057e-01	-1.2828534305e+00	-9.7446540141e-01	-3.0838802905e-01
0.4988            	-3.3328171772e-01	1.3077179752e-01	-1.2830834060e+00	-9.7482342071e-01	-3.0825998527e-01
0.499             	-3.3313365606e-01	1.3081101861e-01	-1.2829531645e+00	-9.7461023833e-01	-3.0834292622e-01
0.4992            	-3.3331493218e-01	1.3082596822e-01	-1.2830968086e+00	-9.7486333646e-01	-3.0823347211e-01
0.4994            	-3.3352930844e-01	1.3086045321e-01	-1.2832306659e+00	-9.7514464137e-01	-3.0808602448e-01
0.4996            	-3.3373035773e-01	1.3087126879e-01	-1.2833971137e+00	-9.7542891457e-01	-3.0796819911e-01
0.4998            	-3.3360821639e-01	1.3085124409e-01	-1.2832703885e+00	-9.7524341062e-01	-3.0802697784e-01
0.5               	-3.3351158779e-01	1.3086719956e-01	-1.2830862819e+00	-9.7505472873e-01	-3.0803155314e-01
0.5002            	-3.3349037051e-01	1.3087077730e-01	-1.2830141764e+00	-9.7499745870e-01	-3.0801671767e-01
0.5004            	-3.3349419753e-01	1.3089264719e-01	-1.2830458161e+00	-9.7501710558e-01	-3.0802871053e-01
0.5006            	-3.3353223754e-01	1.3090838570e-01	-1.2831250538e+00	-9.7509476442e-01	-3.0803028935e-01
0.5008            	-3.3350366499e-01	1.3092583484e-01	-1.2830640227e+00	-9.7503567633e-01	-3.0802834635e-01
0.501             	-3.3343760411e-01	1.3095449148e-01	-1.2829964654e+00	-9.7493583683e-01	-3.0806062862e-01
0.5012            	-3.3341231922e-01	1.3094566696e-01	-1.2830242216e+00	-9.7492443003e-01	-3.0809979159e-01
0.5014            	-3.3328611797e-01	1.3093091512e-01	-1.2829188326e+00	-9.7474553429e-01	-3.0817329835e-01
0.5016            	-3.3311052641e-01	1.3091848877e-01	-1.2826283114e+00	-9.7442468213e-01	-3.0820362931e-01
0.5018            	-3.3286890460e-01	1.3091927644e-01	-1.2822651378e+00	-9.7400147351e-01	-3.0826366432e-01
0.502             	-3.3280102926e-01	1.3092429999e-01	-1.2821837751e+00	-9.7389291681e-01	-3.0829085830e-01
0.5022            	-3.3284448570e-01	1.3094443977e-01	-1.2821786089e+00	-9.7393379016e-01	-3.0824481876e-01
0.5024            	-3.3284022709e-01	1.3098692280e-01	-1.2821170513e+00	-9.7389875277e-01	-3.0821829858e-01
0.5026            	-3.3294436658e-01	1.3101374613e-01	-1.2821763216e+00	-9.7403252736e-01	-3.0814379420e-01
0.5028            	-3.3303043991e-01	1.3102224979e-01	-1.2823200291e+00	-9.7419045443e-01	-3.0812957462e-01
0.503             	-3.3302277585e-01	1.3103725897e-01	-1.2823201310e+00	-9.7418284137e-01	-3.0813728967e-01
0.5032            	-3.3303357377e-01	1.3102603819e-01	-1.2823391663e+00	-9.7420315690e-01	-3.0813600936e-01
0.5034            	-3.3287696239e-01	1.3102254897e-01	-1.2822149956e+00	-9.7398446019e-01	-3.0823053541e-01
0.5036            	-3.3279023176e-01	1.3095942049e-01	-1.2821550291e+00	-9.7386774629e-01	-3.0828728278e-01
0.5038            	-3.3272643433e-01	1.3093115986e-01	-1.2820770501e+00	-9.7376495938e-01	-3.0831209072e-01
0.504             	-3.3258144229e-01	1.3094822797e-01	-1.2819272531e+00	-9.7354506882e-01	-3.0838218424e-01
0.5042            	-3.3235781753e-01	1.3099305321e-01	-1.2817437059e+00	-9.7322967048e-01	-3.0851403543e-01
0.5044            	-3.3245871422e-01	1.3097585152e-01	-1.2818311554e+00	-9.7337429191e-01	-3.0845686346e-01
0.5046            	-3.3242536641e-01	1.3097855890e-01	-1.2816941469e+00	-9.7327243986e-01	-3.0842170703e-01
0.5048            	-3.3240202460e-01	1.3100077859e-01	-1.2816376936e+00	-9.7322087139e-01	-3.0841682218e-01
0.505             	-3.3238250348e-01	1.3104683168e-01	-1.2816653907e+00	-9.7321519882e-01	-3.0845019185e-01
0.5052            	-3.3277837667e-01	1.3100610033e-01	-1.2821209651e+00	-9.7383885922e-01	-3.0828210589e-01
0.5054            	-3.3266026142e-01	1.3103164389e-01	-1.2819001646e+00	-9.7361034370e-01	-3.0828982086e-01
0.5056            	-3.3240207755e-01	1.3106385631e-01	-1.2815538215e+00	-9.7317898831e-01	-3.0837483322e-01
0.5058            	-3.3245741646e-01	1.3105535133e-01	-1.2816827026e+00	-9.7329876777e-01	-3.0838393486e-01
0.506             	-3.3238852463e-01	1.3105564068e-01	-1.2816681939e+00	-9.7322262159e-01	-3.0844557233e-01
0.5062            	-3.3233520300e-01	1.3105775501e-01	-1.2815994416e+00	-9.7313492382e-01	-3.0846451781e-01
0.5064            	-3.3221109591e-01	1.3106447096e-01	-1.2814798466e+00	-9.7295101920e-01	-3.0852882738e-01
0.5066            	-3.3230301940e-01	1.3103784819e-01	-1.2817039398e+00	-9.7315498927e-01	-3.0854895048e-01
0.5068            	-3.3234229798e-01	1.3102211987e-01	-1.2818260806e+00	-9.7325533827e-01	-3.0857074232e-01
0.507             	-3.3206025715e-01	1.3101047055e-01	-1.2814513983e+00	-9.7278595629e-01	-3.0866544199e-01
0.5072            	-3.3184690880e-01	1.3097841495e-01	-1.2811825460e+00	-9.7243818180e-01	-3.0874436421e-01
0.5074            	-3.3184691643e-01	1.3092198647e-01	-1.2812779733e+00	-9.7248590309e-01	-3.0879207024e-01
0.5076            	-3.3170216418e-01	1.3092041506e-01	-1.2811584637e+00	-9.7228139604e-01	-3.0887706768e-01
0.5078            	-3.3166370606e-01	1.3089630341e-01	-1.2810582071e+00	-9.7219280960e-01	-3.0886539747e-01
0.508             	-3.3172522145e-01	1.3087828208e-01	-1.2811884853e+00	-9.7231946411e-01	-3.0886902121e-01
0.5082            	-3.3154902861e-01	1.3087619604e-01	-1.2810538168e+00	-9.7207593701e-01	-3.0897787980e-01
0.5084            	-3.3163866206e-01	1.3085195813e-01	-1.2811793249e+00	-9.7222832453e-01	-3.0895100041e-01
0.5086            	-3.3172900968e-01	1.3086242052e-01	-1.2813084835e+00	-9.7238325143e-01	-3.0892523206e-01
0.5088            	-3.3177667525e-01	1.3086645946e-01	-1.2813927893e+00	-9.7247306990e-01	-3.0891971939e-01
0.509             	-3.3190903729e-01	1.3084631532e-01	-1.2815394901e+00	-9.7267878236e-01	-3.0886070778e-01
0.5092            	-3.3200679228e-01	1.3085720664e-01	-1.2815953434e+00	-9.7280446396e-01	-3.0879087941e-01
0.5094            	-3.3232028723e-01	1.3085507647e-01	-1.2818482344e+00	-9.7324440441e-01	-3.0860382995e-01
0.5096            	-3.3246759873e-01	1.3088499130e-01	-1.2820346418e+00	-9.7348491962e-01	-3.0854972216e-01
0.5098            	-3.3246000575e-01	1.3087456486e-01	-1.2820815106e+00	-9.7350076105e-01	-3.0858074954e-01
0.51              	-3.3262817232e-01	1.3085723345e-01	-1.2821996719e+00	-9.7372800827e-01	-3.0847166364e-01
0.5102            	-3.3279932194e-01	1.3088264773e-01	-1.2822878368e+00	-9.7394324032e-01	-3.0834459644e-01
0.5104            	-3.3293329150e-01	1.3089007307e-01	-1.2824503415e+00	-9.7415846228e-01	-3.0829187927e-01
0.5106            	-3.3313588125e-01	1.3087764926e-01	-1.2827093092e+00	-9.7449053584e-01	-3.0821877334e-01
0.5108            	-3.3307095171e-01	1.3086529698e-01	-1.2825788893e+00	-9.7436039634e-01	-3.0821849293e-01
0.511             	-3.3286953890e-01	1.3083415495e-01	-1.2823251187e+00	-9.7403209824e-01	-3.0829302045e-01
0.5112            	-3.3252359173e-01	1.3085121808e-01	-1.2820562734e+00	-9.7355172842e-01	-3.0850454496e-01
0.5114            	-3.3254692824e-01	1.3085487871e-01	-1.2821276046e+00	-9.7361073052e-01	-3.0851687403e-01
0.5116            	-3.3255300906e-01	1.3092128558e-01	-1.2821286524e+00	-9.7361733525e-01	-3.0851131713e-01
0.5118            	-3.3292258127e-01	1.3095875768e-01	-1.2824285159e+00	-9.7413683921e-01	-3.0829167666e-01
0.512             	-3.3333544329e-01	1.3099675103e-01	-1.2828494634e+00	-9.7476017500e-01	-3.0808928842e-01
0.5122            	-3.3355201818e-01	1.3100998801e-01	-1.2830279350e+00	-9.7506598569e-01	-3.0796194932e-01
0.5124            	-3.3365140551e-01	1.3102844932e-01	-1.2830416886e+00	-9.7517224980e-01	-3.0786943878e-01
0.5126            	-3.3347909437e-01	1.3100613680e-01	-1.2828412734e+00	-9.7489973108e-01	-3.0794154235e-01
0.5128            	-3.3327570149e-01	1.3093811115e-01	-1.2826829082e+00	-9.7461715558e-01	-3.0806575260e-01
0.513             	-3.3297914761e-01	1.3089963001e-01	-1.2823559257e+00	-9.7415711046e-01	-3.0819881523e-01
0.5132            	-3.3286936565e-01	1.3087489242e-01	-1.2822251322e+00	-9.7398193175e-01	-3.0824320045e-01
0.5134            	-3.3272891321e-01	1.3090808498e-01	-1.2820861093e+00	-9.7377196784e-01	-3.0831414143e-01
0.5136            	-3.3283010108e-01	1.3092528480e-01	-1.2822721834e+00	-9.7396619281e-01	-3.0830599064e-01
0.5138            	-3.3287605804e-01	1.3097572702e-01	-1.2822910633e+00	-9.7402158969e-01	-3.0826947361e-01
0.514             	-3.3306287286e-01	1.3100053618e-01	-1.2824681769e+00	-9.7429696133e-01	-3.0817121561e-01
0.5142            	-3.3310697853e-01	1.3104791646e-01	-1.2825483416e+00	-9.7438114931e-01	-3.0816719226e-01
0.5144            	-3.3318696969e-01	1.3104664238e-01	-1.2825957314e+00	-9.7448483541e-01	-3.0811089603e-01
0.5146            	-3.3316800343e-01	1.3101969844e-01	-1.2824983287e+00	-9.7441716779e-01	-3.0808116093e-01
0.5148            	-3.3300767539e-01	1.3101314552e-01	-1.2822051891e+00	-9.7411026996e-01	-3.0809491918e-01
0.515             	-3.3295122234e-01	1.3100002142e-01	-1.2821170890e+00	-9.7400976686e-01	-3.0810732217e-01
0.5152            	-3.3289564096e-01	1.3100549801e-01	-1.2820845294e+00	-9.7393790568e-01	-3.0814662375e-01
0.5154            	-3.3290495021e-01	1.3101275648e-01	-1.2820112709e+00	-9.7391058564e-01	-3.0810068523e-01
0.5156            	-3.3293327572e-01	1.3102583046e-01	-1.2820100209e+00	-9.7393828616e-01	-3.0807173473e-01
0.5158            	-3.3290084410e-01	1.3104357723e-01	-1.2820137920e+00	-9.7390774008e-01	-3.0810605188e-01
0.516             	-3.3296327138e-01	1.3105145811e-01	-1.2821463063e+00	-9.7403642453e-01	-3.0810988177e-01
0.5162            	-3.3296310798e-01	1.3101996112e-01	-1.2821130771e+00	-9.7401964651e-01	-3.0809343054e-01
0.5164            	-3.3284769077e-01	1.3101727865e-01	-1.2819316170e+00	-9.7381349925e-01	-3.0811811772e-01
0.5166            	-3.3270527380e-01	1.3101575696e-01	-1.2818350288e+00	-9.7362278820e-01	-3.0821224060e-01
0.5168            	-3.3260156327e-01	1.3103250202e-01	-1.2817707221e+00	-9.7348692432e-01	-3.0828379779e-01
0.517             	-3.3259026668e-01	1.3104922052e-01	-1.2817331185e+00	-9.7345682591e-01	-3.0827629255e-01
0.5172            	-3.3265589819e-01	1.3104507683e-01	-1.2817702838e+00	-9.7354104011e-01	-3.0822924373e-01
0.5174            	-3.3258985543e-01	1.3105202636e-01	-1.2817218284e+00	-9.7345076962e-01	-3.0827105876e-01
0.5176            	-3.3263331882e-01	1.3103781847e-01	-1.2817540172e+00	-9.7351032740e-01	-3.0824368975e-01
0.5178            	-3.3266293330e-01	1.3104387750e-01	-1.2817196105e+00	-9.7352273857e-01	-3.0819687197e-01
0.518             	-3.3277543220e-01	1.3102218923e-01	-1.2818131400e+00	-9.7368200221e-01	-3.0813113781e-01
0.5182            	-3.3272421443e-01	1.3103214762e-01	-1.2817827318e+00	-9.7361558034e-01	-3.0816715149e-01
0.5184            	-3.3275745475e-01	1.3102288426e-01	-1.2817954214e+00	-9.7365516543e-01	-3.0814025594e-01
0.5186            	-3.3280780931e-01	1.3103542892e-01	-1.2818206819e+00	-9.7371815027e-01	-3.0810253166e-01
0.5188            	-3.3287879313e-01	1.3104602598e-01	-1.2818800981e+00	-9.7381884218e-01	-3.0806125591e-01
0.519             	-3.3286892759e-01	1.3107713681e-01	-1.2819371376e+00	-9.7383749639e-01	-3.0809964121e-01
0.5192            	-3.3284385899e-01	1.3107787145e-01	-1.2819646123e+00	-9.7382616514e-01	-3.0813844717e-01
0.5194            	-3.3293234137e-01	1.3107515964e-01	-1.2820583556e+00	-9.7396151915e-01	-3.0809683641e-01
0.5196            	-3.3288414908e-01	1.3108569455e-01	-1.2820297790e+00	-9.7389903856e-01	-3.0813074040e-01
0.5198            	-3.3288393717e-01	1.3108312580e-01	-1.2821127690e+00	-9.7394032168e-01	-3.0817244735e-01
0.52              	-3.3290358528e-01	1.3103915185e-01	-1.2821301047e+00	-9.7396863761e-01	-3.0816146706e-01
0.5202            	-3.3285594557e-01	1.3101433219e-01	-1.2819497564e+00	-9.7383082379e-01	-3.0811893264e-01
0.5204            	-3.3273808427e-01	1.3102862999e-01	-1.2817421158e+00	-9.7360914217e-01	-3.0813297363e-01
0.5206            	-3.3286140131e-01	1.3101426602e-01	-1.2819180655e+00	-9.7382043406e-01	-3.0809763145e-01
0.5208            	-3.3294965047e-01	1.3101170370e-01	-1.2820192776e+00	-9.7395928928e-01	-3.0805998833e-01
0.521             	-3.3294081545e-01	1.3102484675e-01	-1.2819582410e+00	-9.7391993592e-01	-3.0803830503e-01
0.5212            	-3.3306782603e-01	1.3102549207e-01	-1.2820810053e+00	-9.7410832870e-01	-3.0797267664e-01
0.5214            	-3.3308277744e-01	1.3103650996e-01	-1.2821762975e+00	-9.7417092621e-01	-3.0800537133e-01
0.5216            	-3.3313126928e-01	1.3104047221e-01	-1.2823031399e+00	-9.7428283923e-01	-3.0802030068e-01
0.5218            	-3.3315407364e-01	1.3104709462e-01	-1.2822990465e+00	-9.7430359690e-01	-3.0799544962e-01
0.522             	-3.3305644619e-01	1.3105099677e-01	-1.2821229484e+00	-9.7411792041e-01	-3.0800502803e-01
0.5222            	-3.3311906141e-01	1.3104148714e-01	-1.2822468309e+00	-9.7424247686e-01	-3.0800435403e-01
0.5224            	-3.3318549674e-01	1.3103665014e-01	-1.2824037608e+00	-9.7438737716e-01	-3.0801638367e-01
0.5226            	-3.3318924943e-01	1.3103990163e-01	-1.2823388021e+00	-9.7435865046e-01	-3.0798015160e-01
0.5228            	-3.3317459134e-01	1.3103630124e-01	-1.2822518919e+00	-9.7430053729e-01	-3.0795135461e-01
0.523             	-3.3307734867e-01	1.3106357749e-01	-1.2821538396e+00	-9.7415426848e-01	-3.0799957114e-01
0.5232            	-3.3325599628e-01	1.3104290411e-01	-1.2823868715e+00	-9.7444943202e-01	-3.0793743945e-01
0.5234            	-3.3325586675e-01	1.3107531070e-01	-1.2823593018e+00	-9.7443551767e-01	-3.0792378416e-01
0.5236            	-3.3336159658e-01	1.3106020700e-01	-1.2824020361e+00	-9.7456261464e-01	-3.0783942149e-01
0.5238            	-3.3351256500e-01	1.3106358396e-01	-1.2825852070e+00	-9.7480516851e-01	-3.0778003851e-01
0.524             	-3.3355791678e-01	1.3106175448e-01	-1.2827315438e+00	-9.7492368869e-01	-3.0780785514e-01
0.5242            	-3.3343589409e-01	1.3105608066e-01	-1.2825952373e+00	-9.7473351276e-01	-3.0786172457e-01
0.5244            	-3.3315122910e-01	1.3106880824e-01	-1.2823058751e+00	-9.7430416665e-01	-3.0800170845e-01
0.5246            	-3.3308381474e-01	1.3104059180e-01	-1.2823028561e+00	-9.7423524280e-01	-3.0806761331e-01
0.5248            	-3.3291642848e-01	1.3101348641e-01	-1.2821678823e+00	-9.7400036962e-01	-3.0816751267e-01
0.525             	-3.3274993284e-01	1.3101273838e-01	-1.2819316084e+00	-9.7371573706e-01	-3.0821587138e-01
0.5252            	-3.3274940463e-01	1.3098551483e-01	-1.2818682501e+00	-9.7368352967e-01	-3.0818472040e-01
0.5254            	-3.3268478880e-01	1.3099455383e-01	-1.2817902227e+00	-9.7357990014e-01	-3.0821032255e-01
0.5256            	-3.3274554801e-01	1.3097899275e-01	-1.2818561775e+00	-9.7367363675e-01	-3.0818254074e-01
0.5258            	-3.3280219412e-01	1.3099440779e-01	-1.2818410222e+00	-9.7372270522e-01	-3.0811831698e-01
0.526             	-3.3286275544e-01	1.3101771690e-01	-1.2818334252e+00	-9.7377946802e-01	-3.0805395713e-01
0.5262            	-3.3296519821e-01	1.3102898743e-01	-1.2820012006e+00	-9.7396579850e-01	-3.0803540209e-01
0.5264            	-3.3298900839e-01	1.3103726608e-01	-1.2820891136e+00	-9.7403356518e-01	-3.0805554840e-01
0.5266            	-3.3294872110e-01	1.3105425525e-01	-1.2820551519e+00	-9.7397629708e-01	-3.0807885487e-01
0.5268            	-3.3288193546e-01	1.3105110409e-01	-1.2819898816e+00	-9.7387687629e-01	-3.0811300536e-01
0.527             	-3.3289162017e-01	1.3103501956e-01	-1.2820684005e+00	-9.7392582041e-01	-3.0814258006e-01
0.5272            	-3.3282384235e-01	1.3102325248e-01	-1.2820337070e+00	-9.7384069582e-01	-3.0819301113e-01
0.5274            	-3.3277651897e-01	1.3100920954e-01	-1.2819510827e+00	-9.7375206032e-01	-3.0819902238e-01
0.5276            	-3.3273196033e-01	1.3101456717e-01	-1.2817830892e+00	-9.7362350496e-01	-3.0815958429e-01
0.5278            	-3.3277324236e-01	1.3099839769e-01	-1.2818076352e+00	-9.7367705998e-01	-3.0813057526e-01
0.528             	-3.3278301845e-01	1.3100745760e-01	-1.2818362493e+00	-9.7370114312e-01	-3.0813510622e-01
0.5282            	-3.3288599284e-01	1.3101446143e-01	-1.2819008030e+00	-9.7383639434e-01	-3.0806440865e-01
0.5284            	-3.3287941015e-01	1.3103632721e-01	-1.2818396916e+00	-9.7379925595e-01	-3.0804043565e-01
0.5286            	-3.3296409996e-01	1.3104623648e-01	-1.2819538002e+00	-9.7394100008e-01	-3.0801280015e-01
0.5288            	-3.3301487718e-01	1.3102024204e-01	-1.2820657694e+00	-9.7404776190e-01	-3.0801800755e-01
0.529             	-3.3299923406e-01	1.3102203997e-01	-1.2820946830e+00	-9.7404657558e-01	-3.0804810746e-01
0.5292            	-3.3294358363e-01	1.3101826951e-01	-1.2819787601e+00	-9.7393296367e-01	-3.0804579641e-01
0.5294            	-3.3286553912e-01	1.3103098301e-01	-1.2818474156e+00	-9.7378924692e-01	-3.0805816869e-01
0.5296            	-3.3286721349e-01	1.3103031052e-01	-1.2819535475e+00	-9.7384398723e-01	-3.0810956024e-01
0.5298            	-3.3293687623e-01	1.3103173664e-01	-1.2820203384e+00	-9.7394704542e-01	-3.0807329297e-01
0.53              	-3.3296163770e-01	1.3106172052e-01	-1.2820080613e+00	-9.7396566835e-01	-3.0804239295e-01
0.5302            	-3.3299996264e-01	1.3106597844e-01	-1.2820299305e+00	-9.7401492790e-01	-3.0801500262e-01
0.5304            	-3.3300661367e-01	1.3107481268e-01	-1.2820604439e+00	-9.7403683563e-01	-3.0802360828e-01
0.5306            	-3.3311521121e-01	1.3104340276e-01	-1.2821827100e+00	-9.7420656622e-01	-3.0797614381e-01
0.5308            	-3.3313193921e-01	1.3106176455e-01	-1.2821363605e+00	-9.7420011944e-01	-3.0793624102e-01
0.531             	-3.3309448037e-01	1.3106112478e-01	-1.2820395358e+00	-9.7411424829e-01	-3.0792528755e-01
0.5312            	-3.3314522794e-01	1.3103359658e-01	-1.2821313902e+00	-9.7421092301e-01	-3.0792046714e-01
0.5314            	-3.3307364235e-01	1.3103116513e-01	-1.2820748171e+00	-9.7411105089e-01	-3.0796376619e-01
0.5316            	-3.3309080011e-01	1.3104261956e-01	-1.2820632144e+00	-9.7412240731e-01	-3.0794080709e-01
0.5318            	-3.3314162628e-01	1.3105347804e-01	-1.2821197284e+00	-9.7420149049e-01	-3.0791823793e-01
0.532             	-3.3314263533e-01	1.3106799837e-01	-1.2821347023e+00	-9.7420998647e-01	-3.0792471581e-01
0.5322            	-3.3303542499e-01	1.3109756161e-01	-1.2821046406e+00	-9.7408774529e-01	-3.0801689531e-01
0.5324            	-3.3318480371e-01	1.3108231630e-01	-1.2822456145e+00	-9.7430761097e-01	-3.0793800355e-01
0.5326            	-3.3320284441e-01	1.3109442331e-01	-1.2822359437e+00	-9.7432081626e-01	-3.0791512744e-01
0.5328            	-3.3319980635e-01	1.3108966078e-01	-1.2822820421e+00	-9.7434082741e-01	-3.0794121470e-01
0.533             	-3.3317521134e-01	1.3106143284e-01	-1.2822416596e+00	-9.7429604113e-01	-3.0794561846e-01
0.5332            	-3.3303554211e-01	1.3106421829e-01	-1.2820106468e+00	-9.7404086551e-01	-3.0796978130e-01
0.5334            	-3.3308002452e-01	1.3105360304e-01	-1.2819812170e+00	-9.7407063301e-01	-3.0791058398e-01
0.5336            	-3.3302959222e-01	1.3107113810e-01	-1.2819343809e+00	-9.7399678269e-01	-3.0793759825e-01
0.5338            	-3.3303376203e-01	1.3107669377e-01	-1.2819905016e+00	-9.7402901281e-01	-3.0796148875e-01
0.534             	-3.3305885442e-01	1.3107695824e-01	-1.2820315676e+00	-9.7407463821e-01	-3.0795692937e-01
0.5342            	-3.3303444121e-01	1.3108871075e-01	-1.2819828959e+00	-9.7402588913e-01	-3.0795700672e-01
0.5344            	-3.3315595687e-01	1.3108308494e-01	-1.2821141591e+00	-9.7421303642e-01	-3.0790112269e-01
0.5346            	-3.3310051930e-01	1.3109764601e-01	-1.2820878604e+00	-9.7414444949e-01	-3.0794341089e-01
0.5348            	-3.3314453010e-01	1.3109937959e-01	-1.2821299436e+00	-9.7420950191e-01	-3.0792044171e-01
0.535             	-3.3320960782e-01	1.3110483703e-01	-1.2821561390e+00	-9.7428767733e-01	-3.0786846169e-01
0.5352            	-3.3312205581e-01	1.3111230424e-01	-1.2820674658e+00	-9.7415578870e-01	-3.0791167708e-01
0.5354            	-3.3321143960e-01	1.3109667364e-01	-1.2822276716e+00	-9.7432527539e-01	-3.0790239618e-01
0.5356            	-3.3306233962e-01	1.3111134005e-01	-1.2820956787e+00	-9.7411017899e-01	-3.0798549975e-01
0.5358            	-3.3305187217e-01	1.3107285621e-01	-1.2820196135e+00	-9.7406167891e-01	-3.0795793458e-01
0.536             	-3.3294872819e-01	1.3106203576e-01	-1.2818732855e+00	-9.7388537094e-01	-3.0798791456e-01
0.5362            	-3.3283529174e-01	1.3106501965e-01	-1.2818121436e+00	-9.7374136354e-01	-3.0807078007e-01
0.5364            	-3.3289500048e-01	1.3104029660e-01	-1.2819255530e+00	-9.7385777697e-01	-3.0806777602e-01
0.5366            	-3.3280689094e-01	1.3104974033e-01	-1.2817880680e+00	-9.7370092495e-01	-3.0808714306e-01
0.5368            	-3.3289416019e-01	1.3103020985e-01	-1.2817934341e+00	-9.7379087726e-01	-3.0800255687e-01
0.537             	-3.3293820100e-01	1.3105802091e-01	-1.2818267418e+00	-9.7385157189e-01	-3.0797516989e-01
0.5372            	-3.3294986921e-01	1.3109459260e-01	-1.2818828909e+00	-9.7389131466e-01	-3.0799157624e-01
0.5374            	-3.3311636164e-01	1.3111230580e-01	-1.2820790693e+00	-9.7415589629e-01	-3.0792317301e-01
0.5376            	-3.3313042201e-01	1.3112192742e-01	-1.2820347637e+00	-9.7414780386e-01	-3.0788695983e-01
0.5378            	-3.3318361140e-01	1.3113040790e-01	-1.2821574156e+00	-9.7426231918e-01	-3.0789509638e-01
0.538             	-3.3318681281e-01	1.3112780069e-01	-1.2822542767e+00	-9.7431395114e-01	-3.0794032553e-01
0.5382            	-3.3315251989e-01	1.3110306413e-01	-1.2822671403e+00	-9.7428609006e-01	-3.0798105028e-01
0.5384            	-3.3305645193e-01	1.3106031585e-01	-1.2821216669e+00	-9.7411728538e-01	-3.0800438152e-01
0.5386            	-3.3283143947e-01	1.3103363729e-01	-1.2817940665e+00	-9.7372847270e-01	-3.0806559376e-01
0.5388            	-3.3276106287e-01	1.3102293729e-01	-1.2817648807e+00	-9.7364350324e-01	-3.0812137749e-01
0.539             	-3.3273227827e-01	1.3103113960e-01	-1.2817694531e+00	-9.7361700483e-01	-3.0815244829e-01
0.5392            	-3.3277138853e-01	1.3103761144e-01	-1.2817776568e+00	-9.7366021691e-01	-3.0811743984e-01
0.5394            	-3.3286502902e-01	1.3103999048e-01	-1.2818112659e+00	-9.7377066199e-01	-3.0804060395e-01
0.5396            	-3.3298213822e-01	1.3105233350e-01	-1.2820240616e+00	-9.7399416901e-01	-3.0802989258e-01
0.5398            	-3.3304075403e-01	1.3106839934e-01	-1.2821052377e+00	-9.7409337288e-01	-3.0801186481e-01
0.54              	-3.3311312304e-01	1.3107966004e-01	-1.2821476159e+00	-9.7418693099e-01	-3.0796068492e-01
0.5402            	-3.3308945604e-01	1.3108201400e-01	-1.2820976531e+00	-9.7413828258e-01	-3.0795937050e-01
0.5404            	-3.3309942798e-01	1.3106248873e-01	-1.2821278665e+00	-9.7416336124e-01	-3.0796450527e-01
0.5406            	-3.3301180404e-01	1.3107224732e-01	-1.2820943938e+00	-9.7405900095e-01	-3.0803539288e-01
0.5408            	-3.3294208038e-01	1.3109566091e-01	-1.2820424653e+00	-9.7396331303e-01	-3.0807915228e-01
0.541             	-3.3295931968e-01	1.3106753426e-01	-1.2820166219e+00	-9.7396763063e-01	-3.0804899127e-01
0.5412            	-3.3283048247e-01	1.3106310879e-01	-1.2819038430e+00	-9.7378240399e-01	-3.0812143905e-01
0.5414            	-3.3288690293e-01	1.3103199401e-01	-1.2819825243e+00	-9.7387816507e-01	-3.0810435921e-01
0.5416            	-3.3291623376e-01	1.3103370176e-01	-1.2819769806e+00	-9.7390472406e-01	-3.0807225654e-01
0.5418            	-3.3293356115e-01	1.3105714681e-01	-1.2819831702e+00	-9.7392514624e-01	-3.0805802394e-01
0.542             	-3.3299127484e-01	1.3104867080e-01	-1.2820391095e+00	-9.7401082962e-01	-3.0802827993e-01
0.5422            	-3.3300510382e-01	1.3105020259e-01	-1.2820397420e+00	-9.7402497482e-01	-3.0801476719e-01
0.5424            	-3.3308640110e-01	1.3104330733e-01	-1.2821214543e+00	-9.7414712827e-01	-3.0797432607e-01
0.5426            	-3.3314211996e-01	1.3106313288e-01	-1.2821582407e+00	-9.7422124033e-01	-3.0793700041e-01
0.5428            	-3.3314300617e-01	1.3107095520e-01	-1.2822343009e+00	-9.7426015664e-01	-3.0797414429e-01
0.543             	-3.3318620596e-01	1.3105200817e-01	-1.2823591375e+00	-9.7436577472e-01	-3.0799336281e-01
0.5432            	-3.3304829144e-01	1.3105755104e-01	-1.2822055454e+00	-9.7415106415e-01	-3.0805448126e-01
0.5434            	-3.3301734621e-01	1.3103506122e-01	-1.2821092798e+00	-9.7407198610e-01	-3.0803729369e-01
0.5436            	-3.3293607335e-01	1.3103806786e-01	-1.2820567760e+00	-9.7396446137e-01	-3.0809231467e-01
0.5438            	-3.3284421935e-01	1.3102944534e-01	-1.2819831676e+00	-9.7383580314e-01	-3.0814736444e-01
0.544             	-3.3288064971e-01	1.3100089221e-01	-1.2819478822e+00	-9.7385459083e-01	-3.0809329142e-01
0.5442            	-3.3289539924e-01	1.3100935740e-01	-1.2818847657e+00	-9.7383778209e-01	-3.0804698362e-01
0.5444            	-3.3298124858e-01	1.3102171513e-01	-1.2819509464e+00	-9.7395672180e-01	-3.0799422463e-01
0.5446            	-3.3308219441e-01	1.3104134448e-01	-1.2820928451e+00	-9.7412861695e-01	-3.0796422813e-01
0.5448            	-3.3307388867e-01	1.3108052947e-01	-1.2820879532e+00	-9.7411786526e-01	-3.0797008792e-01
0.545             	-3.3351599024e-01	1.3107311386e-01	-1.2825814702e+00	-9.7480672532e-01	-3.0777474484e-01
0.5452            	-3.3354305252e-01	1.3107803334e-01	-1.2826925716e+00	-9.7488933835e-01	-3.0780323330e-01
0.5454            	-3.3334064256e-01	1.3107343437e-01	-1.2825369083e+00	-9.7460909669e-01	-3.0792781157e-01
0.5456            	-3.3309261913e-01	1.3105236219e-01	-1.2823493243e+00	-9.7426728128e-01	-3.0808204302e-01
0.5458            	-3.3304927339e-01	1.3101783357e-01	-1.2822823446e+00	-9.7419044569e-01	-3.0809189891e-01
0.546             	-3.3288823781e-01	1.3097153840e-01	-1.2820968147e+00	-9.7393664514e-01	-3.0816016951e-01
0.5462            	-3.3272433757e-01	1.3093662254e-01	-1.2819713108e+00	-9.7370999295e-01	-3.0826131781e-01
0.5464            	-3.3268819139e-01	1.3091582234e-01	-1.2819626270e+00	-9.7366950491e-01	-3.0829312213e-01
0.5466            	-3.3259905598e-01	1.3091747985e-01	-1.2818598222e+00	-9.7352896709e-01	-3.0833085512e-01
0.5468            	-3.3247912721e-01	1.3090886689e-01	-1.2817812405e+00	-9.7336974744e-01	-3.0841149302e-01
0.547             	-3.3237367830e-01	1.3089940043e-01	-1.2817353518e+00	-9.7324135419e-01	-3.0849399758e-01
0.5472            	-3.3225383303e-01	1.3090553788e-01	-1.2816309897e+00	-9.7306932786e-01	-3.0856166180e-01
0.5474            	-3.3232237349e-01	1.3088338437e-01	-1.2816992006e+00	-9.7317197378e-01	-3.0852722679e-01
0.5476            	-3.3203011082e-01	1.3085188869e-01	-1.2814797615e+00	-9.7276999158e-01	-3.0870976994e-01
0.5478            	-3.3180165528e-01	1.3079646341e-01	-1.2813404823e+00	-9.7247189643e-01	-3.0886858587e-01
0.548             	-3.3156993641e-01	1.3078607625e-01	-1.2811288643e+00	-9.7213436858e-01	-3.0899449575e-01
0.5482            	-3.3151956188e-01	1.3077091182e-01	-1.2810985950e+00	-9.7206885936e-01	-3.0902973561e-01
0.5484            	-3.3128791200e-01	1.3074870571e-01	-1.2809501966e+00	-9.7176301030e-01	-3.0918718630e-01
0.5486            	-3.3112722875e-01	1.3070333901e-01	-1.2809202878e+00	-9.7158737265e-01	-3.0933291515e-01
0.5488            	-3.3103844697e-01	1.3067463947e-01	-1.2807816755e+00	-9.7142928473e-01	-3.0935239079e-01
0.549             	-3.3091591644e-01	1.3064616009e-01	-1.2806614476e+00	-9.7124664024e-01	-3.0941480736e-01
0.5492            	-3.3086698327e-01	1.3060696055e-01	-1.2806429558e+00	-9.7118846118e-01	-3.0945449464e-01
0.5494            	-3.3068368349e-01	1.3057748186e-01	-1.2803858943e+00	-9.7087663065e-01	-3.0950926366e-01
0.5496            	-3.3082953343e-01	1.3055061204e-01	-1.2805481957e+00	-9.7110363126e-01	-3.0944456440e-01
0.5498            	-3.3075399311e-01	1.3054389913e-01	-1.2803956672e+00	-9.7095182668e-01	-3.0944384047e-01
0.55              	-3.3104974108e-01	1.3055273947e-01	-1.2806176765e+00	-9.7135857934e-01	-3.0925909718e-01
0.5502            	-3.3143160521e-01	1.3057599210e-01	-1.2810557187e+00	-9.7195946458e-01	-3.0909625416e-01
0.5504            	-3.3180858443e-01	1.3061263137e-01	-1.2815454892e+00	-9.7258132903e-01	-3.0896416018e-01
0.5506            	-3.3212601785e-01	1.3068266861e-01	-1.2818139011e+00	-9.7303296841e-01	-3.0878093272e-01
0.5508            	-3.3225643243e-01	1.3074431280e-01	-1.2819863358e+00	-9.7324960034e-01	-3.0873673547e-01
0.551             	-3.3261439207e-01	1.3078239029e-01	-1.2824393090e+00	-9.7383404657e-01	-3.0860526243e-01
0.5512            	-3.3311890683e-01	1.3081696159e-01	-1.2828676225e+00	-9.7455271809e-01	-3.0831490443e-01
0.5514            	-3.3358240750e-01	1.3084764078e-01	-1.2831944124e+00	-9.7517961370e-01	-3.0801479870e-01
0.5516            	-3.3409085673e-01	1.3088131488e-01	-1.2835853246e+00	-9.7588351903e-01	-3.0770180557e-01
0.5518            	-3.3458229170e-01	1.3093626261e-01	-1.2840112720e+00	-9.7658792772e-01	-3.0742334432e-01
0.552             	-3.3490322776e-01	1.3095493560e-01	-1.2843260289e+00	-9.7706624221e-01	-3.0725978669e-01
0.5522            	-3.3489796517e-01	1.3097861034e-01	-1.2842752303e+00	-9.7703558032e-01	-3.0723964998e-01
0.5524            	-3.3476276638e-01	1.3096494560e-01	-1.2841690734e+00	-9.7684730308e-01	-3.0732177032e-01
0.5526            	-3.3423409418e-01	1.3097208233e-01	-1.2837435701e+00	-9.7610587923e-01	-3.0763769088e-01
0.5528            	-3.3394817013e-01	1.3096863389e-01	-1.2835659745e+00	-9.7573115736e-01	-3.0783481710e-01
0.553             	-3.3380497934e-01	1.3094505279e-01	-1.2834364534e+00	-9.7552320603e-01	-3.0791324735e-01
0.5532            	-3.3377112925e-01	1.3093420137e-01	-1.2833668389e+00	-9.7545454871e-01	-3.0791229022e-01
0.5534            	-3.3402865884e-01	1.3090573012e-01	-1.2836790101e+00	-9.7586816390e-01	-3.0781084623e-01
0.5536            	-3.3397128006e-01	1.3097176688e-01	-1.2836341096e+00	-9.7578833487e-01	-3.0784577475e-01
0.5538            	-3.3415944504e-01	1.3097185289e-01	-1.2838218378e+00	-9.7607036393e-01	-3.0775147385e-01
0.554             	-3.3403421569e-01	1.3098875022e-01	-1.2836646088e+00	-9.7586652011e-01	-3.0779808873e-01
0.5542            	-3.3389196006e-01	1.3096392101e-01	-1.2834746038e+00	-9.7562926194e-01	-3.0784534182e-01
0.5544            	-3.3382792387e-01	1.3094720974e-01	-1.2833709432e+00	-9.7551339549e-01	-3.0785754775e-01
0.5546            	-3.3368381332e-01	1.3095458454e-01	-1.2831991063e+00	-9.7528336649e-01	-3.0791573986e-01
0.5548            	-3.3367377426e-01	1.3094339882e-01	-1.2831967175e+00	-9.7527213300e-01	-3.0792458449e-01
0.555             	-3.3357764365e-01	1.3095449787e-01	-1.2830922676e+00	-9.7512377743e-01	-3.0796849013e-01
0.5552            	-3.3359122632e-01	1.3096545551e-01	-1.2830261820e+00	-9.7510431734e-01	-3.0792186470e-01
0.5554            	-3.3364227554e-01	1.3098599847e-01	-1.2830443114e+00	-9.7516443124e-01	-3.0787988015e-01
0.5556            	-3.3362231907e-01	1.3102195307e-01	-1.2830997210e+00	-9.7517217955e-01	-3.0792754140e-01
0.5558            	-3.3360901442e-01	1.3108204769e-01	-1.2831050581e+00	-9.7516154348e-01	-3.0794351465e-01
0.556             	-3.3368904426e-01	1.3111278848e-01	-1.2831354278e+00	-9.7525675816e-01	-3.0787866964e-01
0.5562            	-3.3373550817e-01	1.3114965994e-01	-1.2832044925e+00	-9.7533775441e-01	-3.0786673807e-01
0.5564            	-3.3376719855e-01	1.3118760050e-01	-1.2833045796e+00	-9.7541948838e-01	-3.0788509127e-01
0.5566            	-3.3383292830e-01	1.3119832712e-01	-1.2832704505e+00	-9.7546815357e-01	-3.0780229696e-01
0.5568            	-3.3376959044e-01	1.3118080993e-01	-1.2830685197e+00	-9.7530385030e-01	-3.0776466942e-01
0.557             	-3.3357982257e-01	1.3117632575e-01	-1.2828146111e+00	-9.7498712811e-01	-3.0782748298e-01
0.5572            	-3.3347798837e-01	1.3117545820e-01	-1.2826933615e+00	-9.7482466911e-01	-3.0786869238e-01
0.5574            	-3.3337379014e-01	1.3117055666e-01	-1.2825045840e+00	-9.7462608213e-01	-3.0787850185e-01
0.5576            	-3.3324702646e-01	1.3118085738e-01	-1.2823110270e+00	-9.7440253995e-01	-3.0790848703e-01
0.5578            	-3.3307691975e-01	1.3118133150e-01	-1.2822097524e+00	-9.7418179596e-01	-3.0802795647e-01
0.558             	-3.3296145876e-01	1.3120907277e-01	-1.2820952496e+00	-9.7400908358e-01	-3.0808616606e-01
0.5582            	-3.3288819200e-01	1.3121661564e-01	-1.2820102137e+00	-9.7389329883e-01	-3.0811691483e-01
0.5584            	-3.3276104324e-01	1.3124264261e-01	-1.2820120671e+00	-9.7376707680e-01	-3.0824499031e-01
0.5586            	-3.3259004936e-01	1.3122156391e-01	-1.2818556912e+00	-9.7351789498e-01	-3.0833779626e-01
0.5588            	-3.3224045717e-01	1.3122202433e-01	-1.2814523091e+00	-9.7296661170e-01	-3.0848569737e-01
0.559             	-3.3241887697e-01	1.3120641187e-01	-1.2816196033e+00	-9.7322867863e-01	-3.0839092468e-01
0.5592            	-3.3247138051e-01	1.3117400306e-01	-1.2817041775e+00	-9.7332346925e-01	-3.0838070822e-01
0.5594            	-3.3227514688e-01	1.3113722610e-01	-1.2814771356e+00	-9.7301371468e-01	-3.0846342093e-01
0.5596            	-3.3200261476e-01	1.3111564955e-01	-1.2810731753e+00	-9.7253920242e-01	-3.0853397290e-01
0.5598            	-3.3168889224e-01	1.3109723767e-01	-1.2807348020e+00	-9.7205629325e-01	-3.0867850877e-01
0.56              	-3.3135993264e-01	1.3106126488e-01	-1.2804718002e+00	-9.7159583275e-01	-3.0887596746e-01
0.5602            	-3.3120083399e-01	1.3103358471e-01	-1.2803002363e+00	-9.7135095213e-01	-3.0894928415e-01
0.5604            	-3.3122915963e-01	1.3100292460e-01	-1.2802776639e+00	-9.7136799157e-01	-3.0890967231e-01
0.5606            	-3.3119828970e-01	1.3099857422e-01	-1.2801649222e+00	-9.7128075080e-01	-3.0888417140e-01
0.5608            	-3.3118990418e-01	1.3100524661e-01	-1.2801810464e+00	-9.7128042736e-01	-3.0890061900e-01
0.561             	-3.3127570459e-01	1.3100789970e-01	-1.2802933387e+00	-9.7142237395e-01	-3.0887096476e-01
0.5612            	-3.3133694358e-01	1.3101028459e-01	-1.2803317375e+00	-9.7150281234e-01	-3.0882892518e-01
0.5614            	-3.3141923885e-01	1.3100306974e-01	-1.2804378930e+00	-9.7163818537e-01	-3.0879970767e-01
0.5616            	-3.3137861020e-01	1.3098437996e-01	-1.2804968901e+00	-9.7162705525e-01	-3.0886983486e-01
0.5618            	-3.3137940346e-01	1.3095704569e-01	-1.2806199151e+00	-9.7168936099e-01	-3.0893055408e-01
0.562             	-3.3119172136e-01	1.3091583167e-01	-1.2804371368e+00	-9.7141028975e-01	-3.0902684703e-01
0.5622            	-3.3079463087e-01	1.3088234345e-01	-1.2800253456e+00	-9.7080730369e-01	-3.0921804194e-01
0.5624            	-3.3042130829e-01	1.3083644577e-01	-1.2797323165e+00	-9.7028746654e-01	-3.0944484996e-01
0.5626            	-3.3009766543e-01	1.3077637482e-01	-1.2794706179e+00	-9.6983297438e-01	-3.0963764352e-01
0.5628            	-3.2969419478e-01	1.3073837936e-01	-1.2790830889e+00	-9.6923573923e-01	-3.0984734967e-01
0.563             	-3.2931925629e-01	1.3070304802e-01	-1.2787241902e+00	-9.6868135140e-01	-3.1004283882e-01
0.5632            	-3.2919059995e-01	1.3065195065e-01	-1.2786783774e+00	-9.6852978867e-01	-3.1014858876e-01
0.5634            	-3.2925424058e-01	1.3054310065e-01	-1.2788553720e+00	-9.6868192660e-01	-3.1017344544e-01
0.5636            	-3.2907586458e-01	1.3049193477e-01	-1.2787431283e+00	-9.6844742873e-01	-3.1029569957e-01
0.5638            	-3.2895271265e-01	1.3042998140e-01	-1.2787158783e+00	-9.6831065180e-01	-3.1040522651e-01
0.564             	-3.2909099421e-01	1.3032439438e-01	-1.2789197849e+00	-9.6855088664e-01	-3.1036889822e-01
0.5642            	-3.2921388190e-01	1.3023793663e-01	-1.2790846272e+00	-9.6875619552e-01	-3.1032843172e-01
0.5644            	-3.2935947840e-01	1.3021270491e-01	-1.2792411353e+00	-9.6898004606e-01	-3.1026108925e-01
0.5646            	-3.2974771261e-01	1.3022131517e-01	-1.2795800348e+00	-9.6953773002e-01	-3.1004230480e-01
0.5648            	-3.3016155886e-01	1.3024654848e-01	-1.2799446158e+00	-9.7013386676e-01	-3.0981074903e-01
0.565             	-3.3075803266e-01	1.3029397272e-01	-1.2805209587e+00	-9.7101851200e-01	-3.0950244667e-01
0.5652            	-3.3151277106e-01	1.3034545640e-01	-1.2812917767e+00	-9.7215865942e-01	-3.0913311730e-01
0.5654            	-3.3227918456e-01	1.3041864520e-01	-1.2820629646e+00	-9.7331066688e-01	-3.0875229776e-01
0.5656            	-3.3307296481e-01	1.3050020058e-01	-1.2828041452e+00	-9.7447503740e-01	-3.0832910778e-01
0.5658            	-3.3402463984e-01	1.3060810408e-01	-1.2837677758e+00	-9.7590852776e-01	-3.0785924807e-01
0.566             	-3.3481120020e-01	1.3072332144e-01	-1.2845524224e+00	-9.7708741137e-01	-3.0746501098e-01
0.5662            	-3.3570443863e-01	1.3077767147e-01	-1.2855298568e+00	-9.7846936704e-01	-3.0706048979e-01
0.5664            	-3.3627286615e-01	1.3083543685e-01	-1.2860362783e+00	-9.7929100528e-01	-3.0674527299e-01
0.5666            	-3.3673155537e-01	1.3091676726e-01	-1.2864020438e+00	-9.7993257728e-01	-3.0646946653e-01
0.5668            	-3.3729965732e-01	1.3100831965e-01	-1.2869132887e+00	-9.8075630166e-01	-3.0615698702e-01
0.567             	-3.3782021606e-01	1.3102658517e-01	-1.2875286187e+00	-9.8158452540e-01	-3.0594409329e-01
0.5672            	-3.3802767679e-01	1.3109208502e-01	-1.2874924808e+00	-9.8177391717e-01	-3.0571856359e-01
0.5674            	-3.3828310559e-01	1.3117537229e-01	-1.2876674525e+00	-9.8211683186e-01	-3.0555062068e-01
0.5676            	-3.3871729218e-01	1.3120307754e-01	-1.2880634329e+00	-9.8274900864e-01	-3.0531442428e-01
0.5678            	-3.3856748524e-01	1.3128864366e-01	-1.2878853451e+00	-9.8251015781e-01	-3.0537518734e-01
0.568             	-3.3850631882e-01	1.3135187188e-01	-1.2877854451e+00	-9.8239904135e-01	-3.0538640371e-01
0.5682            	-3.3838072349e-01	1.3139003378e-01	-1.2876289445e+00	-9.8219519573e-01	-3.0543374875e-01
0.5684            	-3.3804833906e-01	1.3144889399e-01	-1.2873020932e+00	-9.8169938568e-01	-3.0560270755e-01
0.5686            	-3.3782635053e-01	1.3153063970e-01	-1.2870625744e+00	-9.8135763772e-01	-3.0570493665e-01
0.5688            	-3.3799799413e-01	1.3163246691e-01	-1.2871098037e+00	-9.8155289598e-01	-3.0555690772e-01
0.569             	-3.3810788127e-01	1.3170472958e-01	-1.2872285467e+00	-9.8172215460e-01	-3.0550639206e-01
0.5692            	-3.3786661243e-01	1.3177189595e-01	-1.2870018331e+00	-9.8136752899e-01	-3.0563430414e-01
0.5694            	-3.3779838967e-01	1.3180578938e-01	-1.2869216982e+00	-9.8125923875e-01	-3.0566245941e-01
0.5696            	-3.3740012710e-01	1.3178276382e-01	-1.2863376850e+00	-9.8056896959e-01	-3.0576871539e-01
0.5698            	-3.3701079283e-01	1.3169526684e-01	-1.2859172903e+00	-9.7996943797e-01	-3.0594785231e-01
0.57              	-3.3659213518e-01	1.3159000795e-01	-1.2853963387e+00	-9.7929030452e-01	-3.0610603416e-01
0.5702            	-3.3612747649e-01	1.3150370904e-01	-1.2848685935e+00	-9.7856177325e-01	-3.0630682028e-01
0.5704            	-3.3543841451e-01	1.3142905857e-01	-1.2842439177e+00	-9.7756037337e-01	-3.0668354434e-01
0.5706            	-3.3450118721e-01	1.3142542021e-01	-1.2832767754e+00	-9.7613957490e-01	-3.0713720048e-01
0.5708            	-3.3374609541e-01	1.3138979118e-01	-1.2824929860e+00	-9.7499258842e-01	-3.0750039761e-01
0.571             	-3.3315152326e-01	1.3134972828e-01	-1.2819975572e+00	-9.7415030186e-01	-3.0784725534e-01
0.5712            	-3.3259356899e-01	1.3131089935e-01	-1.2815122083e+00	-9.7334967311e-01	-3.0816253514e-01
0.5714            	-3.3219636844e-01	1.3126499044e-01	-1.2811016256e+00	-9.7274718123e-01	-3.0835444434e-01
0.5716            	-3.3175699676e-01	1.3123318043e-01	-1.2805981652e+00	-9.7205607936e-01	-3.0854208584e-01
0.5718            	-3.3147817926e-01	1.3119572979e-01	-1.2803230258e+00	-9.7163969214e-01	-3.0868333363e-01
0.572             	-3.3123785986e-01	1.3116746399e-01	-1.2800815732e+00	-9.7127864645e-01	-3.0880292674e-01
0.5722            	-3.3080496191e-01	1.3114567104e-01	-1.2795637240e+00	-9.7058682390e-01	-3.0897690008e-01
0.5724            	-3.3042386172e-01	1.3111314683e-01	-1.2792203858e+00	-9.7003405463e-01	-3.0918633118e-01
0.5726            	-3.3011721447e-01	1.3104753070e-01	-1.2789333678e+00	-9.6958389837e-01	-3.0934946943e-01
0.5728            	-3.2987349128e-01	1.3102077285e-01	-1.2786717724e+00	-9.6920937746e-01	-3.0946239490e-01
0.573             	-3.2958410729e-01	1.3100961393e-01	-1.2784083229e+00	-9.6878826876e-01	-3.0962005419e-01
0.5732            	-3.2916847599e-01	1.3105566410e-01	-1.2780531103e+00	-9.6819503115e-01	-3.0985807916e-01
0.5734            	-3.2883475671e-01	1.3111152102e-01	-1.2776526092e+00	-9.6766106129e-01	-3.0999154787e-01
0.5736            	-3.2870006299e-01	1.3115891290e-01	-1.2774421649e+00	-9.6742114543e-01	-3.1002101944e-01
0.5738            	-3.2887515677e-01	1.3119116109e-01	-1.2775126766e+00	-9.6763149508e-01	-3.0988118154e-01
0.574             	-3.2897738455e-01	1.3119664510e-01	-1.2777145917e+00	-9.6783468039e-01	-3.0987991129e-01
0.5742            	-3.2911022114e-01	1.3117653385e-01	-1.2778785241e+00	-9.6804948321e-01	-3.0982904092e-01
0.5744            	-3.2901854899e-01	1.3116418065e-01	-1.2777434518e+00	-9.6789027488e-01	-3.0985317690e-01
0.5746            	-3.2887975550e-01	1.3114799279e-01	-1.2776243130e+00	-9.6769191200e-01	-3.0993240099e-01
0.5748            	-3.2868583269e-01	1.3110333517e-01	-1.2775578752e+00	-9.6746477031e-01	-3.1009310493e-01
0.575             	-3.2837297370e-01	1.3106363002e-01	-1.2772526033e+00	-9.6699927533e-01	-3.1025332794e-01
0.5752            	-3.2822349163e-01	1.3102895971e-01	-1.2769961727e+00	-9.6672157797e-01	-3.1027459471e-01
0.5754            	-3.2824330707e-01	1.3103231578e-01	-1.2769299567e+00	-9.6670828544e-01	-3.1022167129e-01
0.5756            	-3.2834543305e-01	1.3105896409e-01	-1.2770353472e+00	-9.6686310665e-01	-3.1017224055e-01
0.5758            	-3.2858872060e-01	1.3108756918e-01	-1.2772676183e+00	-9.6722252973e-01	-3.1004508854e-01
0.576             	-3.2880520014e-01	1.3113350762e-01	-1.2774820794e+00	-9.6754623986e-01	-3.0993583957e-01
0.5762            	-3.2900044365e-01	1.3120292763e-01	-1.2776220335e+00	-9.6781146038e-01	-3.0981057308e-01
0.5764            	-3.2923386759e-01	1.3119743841e-01	-1.2778723035e+00	-9.6817001933e-01	-3.0970228414e-01
0.5766            	-3.2964349186e-01	1.3117150002e-01	-1.2784077878e+00	-9.6884738575e-01	-3.0956040204e-01
0.5768            	-3.2993620581e-01	1.3113676623e-01	-1.2787793082e+00	-9.6932585991e-01	-3.0945344830e-01
0.577             	-3.2989709634e-01	1.3116937544e-01	-1.2787228095e+00	-9.6925850111e-01	-3.0946430843e-01
0.5772            	-3.2991629469e-01	1.3122236055e-01	-1.2786209887e+00	-9.6922678904e-01	-3.0939419966e-01
0.5774            	-3.3022349030e-01	1.3114022709e-01	-1.2789178994e+00	-9.6968244000e-01	-3.0923545940e-01
0.5776            	-3.3054152749e-01	1.3106535824e-01	-1.2792673402e+00	-9.7017519762e-01	-3.0909214263e-01
0.5778            	-3.3059371622e-01	1.3102178803e-01	-1.2793208603e+00	-9.7025414638e-01	-3.0906671394e-01
0.578             	-3.3045672830e-01	1.3106752773e-01	-1.2791896602e+00	-9.7005155843e-01	-3.0913810182e-01
0.5782            	-3.3056599612e-01	1.3108650383e-01	-1.2792436325e+00	-9.7018781236e-01	-3.0905582012e-01
0.5784            	-3.3079650018e-01	1.3105389970e-01	-1.2794992817e+00	-9.7054614103e-01	-3.0895314068e-01
0.5786            	-3.3101542321e-01	1.3102219053e-01	-1.2798497497e+00	-9.7094029807e-01	-3.0890945165e-01
0.5788            	-3.3112092891e-01	1.3101218639e-01	-1.2799458842e+00	-9.7109387103e-01	-3.0885201321e-01
0.579             	-3.3126534991e-01	1.3101680330e-01	-1.2800778810e+00	-9.7130429040e-01	-3.0877359058e-01
0.5792            	-3.3131488925e-01	1.3106137769e-01	-1.2801390258e+00	-9.7138440214e-01	-3.0875462364e-01
0.5794            	-3.3131497378e-01	1.3109180264e-01	-1.2802214964e+00	-9.7142572199e-01	-3.0879577443e-01
0.5796            	-3.3167144404e-01	1.3108794525e-01	-1.2807010717e+00	-9.7202197990e-01	-3.0867909182e-01
0.5798            	-3.3197614124e-01	1.3110603352e-01	-1.2810199124e+00	-9.7248609745e-01	-3.0853381497e-01
0.58              	-3.3217272574e-01	1.3113148496e-01	-1.2810996294e+00	-9.7272254045e-01	-3.0837708898e-01
0.5802            	-3.3255549292e-01	1.3109048243e-01	-1.2814532594e+00	-9.7328212259e-01	-3.0817113676e-01
0.5804            	-3.3282228592e-01	1.3103450029e-01	-1.2817780528e+00	-9.7371131234e-01	-3.0806674051e-01
0.5806            	-3.3276633965e-01	1.3100965743e-01	-1.2817553835e+00	-9.7364403142e-01	-3.0811135212e-01
0.5808            	-3.3260739550e-01	1.3099645297e-01	-1.2816308281e+00	-9.7342280956e-01	-3.0820801857e-01
0.581             	-3.3239597096e-01	1.3094682509e-01	-1.2814216245e+00	-9.7310678323e-01	-3.0831484132e-01
0.5812            	-3.3229511278e-01	1.3092782761e-01	-1.2813765782e+00	-9.7298340190e-01	-3.0839317635e-01
0.5814            	-3.3223276204e-01	1.3093640504e-01	-1.2814246181e+00	-9.7294507110e-01	-3.0847954703e-01
0.5816            	-3.3212030576e-01	1.3097939880e-01	-1.2813524544e+00	-9.7279653298e-01	-3.0855592146e-01
0.5818            	-3.3207189371e-01	1.3100505259e-01	-1.2812449667e+00	-9.7269437704e-01	-3.0855058962e-01
0.582             	-3.3225194836e-01	1.3099415260e-01	-1.2814433076e+00	-9.7297360216e-01	-3.0846970544e-01
0.5822            	-3.3233342139e-01	1.3099978838e-01	-1.2815875765e+00	-9.7312720966e-01	-3.0846036687e-01
0.5824            	-3.3226104299e-01	1.3102252574e-01	-1.2815390248e+00	-9.7303055541e-01	-3.0850846943e-01
0.5826            	-3.3221046126e-01	1.3102087490e-01	-1.2813834987e+00	-9.7290221059e-01	-3.0848128808e-01
0.5828            	-3.3200017470e-01	1.3099694215e-01	-1.2811000824e+00	-9.7255021590e-01	-3.0854986651e-01
0.583             	-3.3193772064e-01	1.3099001995e-01	-1.2810514182e+00	-9.7246342971e-01	-3.0858798844e-01
0.5832            	-3.3171992372e-01	1.3098314354e-01	-1.2808802435e+00	-9.7216004548e-01	-3.0872019804e-01
0.5834            	-3.3146555931e-01	1.3099160011e-01	-1.2806753762e+00	-9.7180324739e-01	-3.0887212876e-01
0.5836            	-3.3136554049e-01	1.3100224451e-01	-1.2805336077e+00	-9.7163234436e-01	-3.0890126339e-01
0.5838            	-3.3151202605e-01	1.3098565507e-01	-1.2806113648e+00	-9.7181770845e-01	-3.0879365634e-01
0.584             	-3.3195515869e-01	1.3097025499e-01	-1.2811201253e+00	-9.7251522135e-01	-3.0860490397e-01
0.5842            	-3.3201693805e-01	1.3092858696e-01	-1.2812836713e+00	-9.7265877370e-01	-3.0862489761e-01
0.5844            	-3.3167318039e-01	1.3087519734e-01	-1.2809313181e+00	-9.7213883942e-01	-3.0879247865e-01
0.5846            	-3.3118659884e-01	1.3081401237e-01	-1.2803968130e+00	-9.7138500534e-01	-3.0901180766e-01
0.5848            	-3.3068307257e-01	1.3074928665e-01	-1.2799118484e+00	-9.7063899676e-01	-3.0927285162e-01
0.585             	-3.3027568808e-01	1.3069359297e-01	-1.2796097570e+00	-9.7008056658e-01	-3.0952919043e-01
0.5852            	-3.2983259026e-01	1.3065283814e-01	-1.2792733993e+00	-9.6946928992e-01	-3.0980410941e-01
0.5854            	-3.2953463885e-01	1.3065364157e-01	-1.2789105143e+00	-9.6898989601e-01	-3.0992061830e-01
0.5856            	-3.2931386737e-01	1.3067570106e-01	-1.2787437671e+00	-9.6868575091e-01	-3.1005801617e-01
0.5858            	-3.2948953407e-01	1.3073720585e-01	-1.2788398436e+00	-9.6890945586e-01	-3.0993038771e-01
0.586             	-3.2970804181e-01	1.3079970831e-01	-1.2790649577e+00	-9.6924052064e-01	-3.0982443702e-01
0.5862            	-3.3010364394e-01	1.3082277720e-01	-1.2793772712e+00	-9.6979227956e-01	-3.0958499169e-01
0.5864            	-3.3080591860e-01	1.3084701466e-01	-1.2798876679e+00	-9.7074975253e-01	-3.0913791533e-01
0.5866            	-3.3122242682e-01	1.3087770618e-01	-1.2802596512e+00	-9.7135225240e-01	-3.0890739875e-01
0.5868            	-3.3147455739e-01	1.3092267980e-01	-1.2806947224e+00	-9.7182191857e-01	-3.0887280380e-01
0.587             	-3.3172098724e-01	1.3100263519e-01	-1.2808555421e+00	-9.7214875832e-01	-3.0870678383e-01
0.5872            	-3.3204689602e-01	1.3101686886e-01	-1.2811820435e+00	-9.7263791777e-01	-3.0854412573e-01
0.5874            	-3.3261088948e-01	1.3098870978e-01	-1.2817241929e+00	-9.7347298592e-01	-3.0825120696e-01
0.5876            	-3.3327781941e-01	1.3101503324e-01	-1.2822799449e+00	-9.7441779184e-01	-3.0786215301e-01
0.5878            	-3.3371969298e-01	1.3107976187e-01	-1.2827274742e+00	-9.7508343010e-01	-3.0764404414e-01
0.588             	-3.3406450976e-01	1.3112801337e-01	-1.2830252050e+00	-9.7557711228e-01	-3.0744809276e-01
0.5882            	-3.3436849724e-01	1.3116533362e-01	-1.2832467674e+00	-9.7599188095e-01	-3.0725488648e-01
0.5884            	-3.3456451884e-01	1.3119082035e-01	-1.2833965997e+00	-9.7626281869e-01	-3.0713378101e-01
0.5886            	-3.3442567438e-01	1.3119661345e-01	-1.2833306657e+00	-9.7609100724e-01	-3.0723965849e-01
0.5888            	-3.3433309777e-01	1.3119781789e-01	-1.2833179305e+00	-9.7599206305e-01	-3.0732586750e-01
0.589             	-3.3418900730e-01	1.3118180125e-01	-1.2832432193e+00	-9.7581061695e-01	-3.0743260234e-01
0.5892            	-3.3404350381e-01	1.3118289165e-01	-1.2831159911e+00	-9.7560149938e-01	-3.0751449177e-01
0.5894            	-3.3410474252e-01	1.3120459281e-01	-1.2831802806e+00	-9.7569488282e-01	-3.0748539778e-01
0.5896            	-3.3428915508e-01	1.3119188697e-01	-1.2833527855e+00	-9.7596554785e-01	-3.0738723768e-01
0.5898            	-3.3432829388e-01	1.3116490089e-01	-1.2834198873e+00	-9.7603823752e-01	-3.0738164975e-01
0.59              	-3.3419778948e-01	1.3111444893e-01	-1.2832102754e+00	-9.7580292717e-01	-3.0740734821e-01
0.5902            	-3.3395459459e-01	1.3106166692e-01	-1.2830313348e+00	-9.7547026199e-01	-3.0756107281e-01
0.5904            	-3.3360813704e-01	1.3104841094e-01	-1.2826648874e+00	-9.7494058076e-01	-3.0772430669e-01
0.5906            	-3.3363592761e-01	1.3103548652e-01	-1.2827009800e+00	-9.7498641763e-01	-3.0771456241e-01
0.5908            	-3.3367816142e-01	1.3107851237e-01	-1.2825992799e+00	-9.7497780138e-01	-3.0762147854e-01
0.591             	-3.3380654803e-01	1.3113711220e-01	-1.2826687330e+00	-9.7514091452e-01	-3.0752781845e-01
0.5912            	-3.3409357994e-01	1.3116018716e-01	-1.2830629021e+00	-9.7562503099e-01	-3.0743787111e-01
0.5914            	-3.3420138020e-01	1.3119640187e-01	-1.2832247543e+00	-9.7581375736e-01	-3.0741099696e-01
0.5916            	-3.3422089148e-01	1.3121230737e-01	-1.2831926378e+00	-9.7581721037e-01	-3.0737542741e-01
0.5918            	-3.3425403227e-01	1.3124777271e-01	-1.2832308410e+00	-9.7586945278e-01	-3.0736138824e-01
0.592             	-3.3425798041e-01	1.3128574634e-01	-1.2832662828e+00	-9.7589112180e-01	-3.0737516097e-01
0.5922            	-3.3419217233e-01	1.3131856020e-01	-1.2832647411e+00	-9.7582454290e-01	-3.0744019824e-01
0.5924            	-3.3415275156e-01	1.3136335244e-01	-1.2831047039e+00	-9.7570510350e-01	-3.0739960038e-01
0.5926            	-3.3412834099e-01	1.3134638629e-01	-1.2830788407e+00	-9.7566776131e-01	-3.0741107934e-01
0.5928            	-3.3387566607e-01	1.3131305395e-01	-1.2828756339e+00	-9.7531348301e-01	-3.0756215086e-01
0.593             	-3.3357030491e-01	1.3129061356e-01	-1.2825501137e+00	-9.7484536176e-01	-3.0770475193e-01
0.5932            	-3.3336757046e-01	1.3127251623e-01	-1.2822844226e+00	-9.7450978176e-01	-3.0777464085e-01
0.5934            	-3.3315063475e-01	1.3127190135e-01	-1.2819764576e+00	-9.7413886356e-01	-3.0783759405e-01
0.5936            	-3.3297662476e-01	1.3125245805e-01	-1.2818398764e+00	-9.7389656297e-01	-3.0794331345e-01
0.5938            	-3.3286943454e-01	1.3125012012e-01	-1.2816544928e+00	-9.7369668092e-01	-3.0795781184e-01
0.594             	-3.3279020930e-01	1.3124575108e-01	-1.2815241298e+00	-9.7355227420e-01	-3.0797185561e-01
0.5942            	-3.3271711993e-01	1.3125142294e-01	-1.2814628624e+00	-9.7344855112e-01	-3.0801431127e-01
0.5944            	-3.3262003043e-01	1.3125145770e-01	-1.2814373774e+00	-9.7333871911e-01	-3.0809865824e-01
0.5946            	-3.3254296271e-01	1.3120689382e-01	-1.2814328670e+00	-9.7325939619e-01	-3.0817347077e-01
0.5948            	-3.3235411598e-01	1.3120935735e-01	-1.2811765578e+00	-9.7294239490e-01	-3.0823416294e-01
0.595             	-3.3223962598e-01	1.3117330232e-01	-1.2811293298e+00	-9.7280429090e-01	-3.0832503895e-01
0.5952            	-3.3200305041e-01	1.3115610851e-01	-1.2809973310e+00	-9.7250171593e-01	-3.0849561511e-01
0.5954            	-3.3182789829e-01	1.3107830822e-01	-1.2808258732e+00	-9.7224083491e-01	-3.0858503832e-01
0.5956            	-3.3161409872e-01	1.3099235110e-01	-1.2805590617e+00	-9.7189362956e-01	-3.0866543212e-01
0.5958            	-3.3122457095e-01	1.3096687673e-01	-1.2800841330e+00	-9.7126663744e-01	-3.0881749555e-01
0.596             	-3.3106125357e-01	1.3094742664e-01	-1.2800238615e+00	-9.7107318430e-01	-3.0895067716e-01
0.5962            	-3.3091483842e-01	1.3092494712e-01	-1.2799425545e+00	-9.7088611569e-01	-3.0905643885e-01
0.5964            	-3.3064728916e-01	1.3090876958e-01	-1.2797996828e+00	-9.7054713054e-01	-3.0925255222e-01
0.5966            	-3.3020211532e-01	1.3090334754e-01	-1.2794268120e+00	-9.6991552133e-01	-3.0951129070e-01
0.5968            	-3.3034253865e-01	1.3087572336e-01	-1.2796462824e+00	-9.7016567987e-01	-3.0948060256e-01
0.597             	-3.3008713233e-01	1.3083086301e-01	-1.2794939372e+00	-9.6983410092e-01	-3.0965983627e-01
0.5972            	-3.2998085751e-01	1.3075967402e-01	-1.2794711943e+00	-9.6971645468e-01	-3.0975473965e-01
0.5974            	-3.2981518262e-01	1.3068555924e-01	-1.2793544195e+00	-9.6949239238e-01	-3.0986202714e-01
0.5976            	-3.2946839309e-01	1.3062910655e-01	-1.2790301544e+00	-9.6898347031e-01	-3.1004668412e-01
0.5978            	-3.2925373523e-01	1.3060777117e-01	-1.2789524410e+00	-9.6872995572e-01	-3.1022248525e-01
0.598             	-3.2936818403e-01	1.3055729930e-01	-1.2791292407e+00	-9.6893280440e-01	-3.1019643634e-01
0.5982            	-3.2962556595e-01	1.3049875541e-01	-1.2793189392e+00	-9.6928503554e-01	-3.1003390364e-01
0.5984            	-3.3000476985e-01	1.3044924172e-01	-1.2796242115e+00	-9.6981687560e-01	-3.0980733589e-01
0.5986            	-3.3026508687e-01	1.3046032095e-01	-1.2799411068e+00	-9.7023564025e-01	-3.0970546652e-01
0.5988            	-3.3067025081e-01	1.3049270852e-01	-1.2803785406e+00	-9.7085952110e-01	-3.0951901949e-01
0.599             	-3.3114604713e-01	1.3052491081e-01	-1.2808674396e+00	-9.7157976693e-01	-3.0928767267e-01
0.5992            	-3.3176939251e-01	1.3058296327e-01	-1.2813777510e+00	-9.7245826802e-01	-3.0891948300e-01
0.5994            	-3.3237734312e-01	1.3065651996e-01	-1.2819607759e+00	-9.7335773106e-01	-3.0860304481e-01
0.5996            	-3.3314543790e-01	1.3072883729e-01	-1.2827791911e+00	-9.7453503344e-01	-3.0824415763e-01
0.5998            	-3.3380641782e-01	1.3082571012e-01	-1.2835012353e+00	-9.7555703546e-01	-3.0794419983e-01
0.6               	-3.3461898514e-01	1.3092887028e-01	-1.2842544502e+00	-9.7674621025e-01	-3.0750823998e-01
0.6002            	-3.3526857506e-01	1.3102487251e-01	-1.2848795539e+00	-9.7770835199e-01	-3.0717120188e-01
0.6004            	-3.3561961236e-01	1.3105059996e-01	-1.2853813483e+00	-9.7831028651e-01	-3.0707106180e-01
0.6006            	-3.3609159078e-01	1.3107258830e-01	-1.2858884052e+00	-9.7903579339e-01	-3.0685261183e-01
0.6008            	-3.3609944876e-01	1.3108432245e-01	-1.2858929635e+00	-9.7904593053e-01	-3.0684703301e-01
0.601             	-3.3629541350e-01	1.3107706091e-01	-1.2859674387e+00	-9.7927913284e-01	-3.0668830585e-01
0.6012            	-3.3655341849e-01	1.3098289785e-01	-1.2862120873e+00	-9.7965946215e-01	-3.0655262516e-01
0.6014            	-3.3636269576e-01	1.3098140995e-01	-1.2860990058e+00	-9.7941219864e-01	-3.0668680712e-01
0.6016            	-3.3606564293e-01	1.3101600567e-01	-1.2857903245e+00	-9.7896080520e-01	-3.0682951933e-01
0.6018            	-3.3607551449e-01	1.3104943287e-01	-1.2857796982e+00	-9.7896536358e-01	-3.0681433460e-01
0.602             	-3.3589341144e-01	1.3106766303e-01	-1.2856835846e+00	-9.7873520374e-01	-3.0694838085e-01
0.6022            	-3.3568445664e-01	1.3108865141e-01	-1.2855089800e+00	-9.7843894663e-01	-3.0707003335e-01
0.6024            	-3.3570721708e-01	1.3112607656e-01	-1.2855076437e+00	-9.7846103894e-01	-3.0704660478e-01
0.6026            	-3.3559398051e-01	1.3118164940e-01	-1.2852954656e+00	-9.7824171329e-01	-3.0705375227e-01
0.6028            	-3.3554634189e-01	1.3119575903e-01	-1.2851968378e+00	-9.7814476079e-01	-3.0705207702e-01
0.603             	-3.3551142942e-01	1.3121668782e-01	-1.2850954661e+00	-9.7805916248e-01	-3.0703630364e-01
0.6032            	-3.3543539747e-01	1.3126355397e-01	-1.2848946385e+00	-9.7788271669e-01	-3.0701192176e-01
0.6034            	-3.3544894578e-01	1.3129624525e-01	-1.2849498931e+00	-9.7792389234e-01	-3.0702600078e-01
0.6036            	-3.3531496261e-01	1.3129433954e-01	-1.2847676852e+00	-9.7769880523e-01	-3.0706888000e-01
0.6038            	-3.3526039073e-01	1.3127223903e-01	-1.2845593716e+00	-9.7754007653e-01	-3.0701929507e-01
0.604             	-3.3544003888e-01	1.3126807060e-01	-1.2847123608e+00	-9.7779621928e-01	-3.0691614152e-01
0.6042            	-3.3555346090e-01	1.3128703074e-01	-1.2847835455e+00	-9.7794523365e-01	-3.0683831184e-01
0.6044            	-3.3547523842e-01	1.3133267554e-01	-1.2845457306e+00	-9.7774810372e-01	-3.0679762689e-01
0.6046            	-3.3540783367e-01	1.3132813893e-01	-1.2843970220e+00	-9.7760634464e-01	-3.0679067731e-01
0.6048            	-3.3512200829e-01	1.3130893308e-01	-1.2840894499e+00	-9.7716673322e-01	-3.0692271664e-01
0.605             	-3.3489691724e-01	1.3127018853e-01	-1.2838506818e+00	-9.7682225813e-01	-3.0702842366e-01
0.6052            	-3.3447982488e-01	1.3123423352e-01	-1.2834947597e+00	-9.7622720473e-01	-3.0726755497e-01
0.6054            	-3.3399739396e-01	1.3120481946e-01	-1.2831327938e+00	-9.7556379087e-01	-3.0756900296e-01
0.6056            	-3.3366400058e-01	1.3116937433e-01	-1.2828165554e+00	-9.7507227828e-01	-3.0774427713e-01
0.6058            	-3.3342231063e-01	1.3115490715e-01	-1.2825830601e+00	-9.7471384069e-01	-3.0786921943e-01
0.606             	-3.3313682692e-01	1.3115482935e-01	-1.2824053350e+00	-9.7433949440e-01	-3.0806584057e-01
0.6062            	-3.3292644832e-01	1.3114218235e-01	-1.2822331978e+00	-9.7404304721e-01	-3.0819015056e-01
0.6064            	-3.3252254658e-01	1.3113771095e-01	-1.2817381878e+00	-9.7339164048e-01	-3.0834654732e-01
0.6066            	-3.3205157970e-01	1.3112508323e-01	-1.2813020201e+00	-9.7270258977e-01	-3.0859943036e-01
0.6068            	-3.3176245542e-01	1.3109056870e-01	-1.2810148103e+00	-9.7226986057e-01	-3.0874494973e-01
0.607             	-3.3127054729e-01	1.3105670378e-01	-1.2805062798e+00	-9.7152368717e-01	-3.0898259258e-01
0.6072            	-3.3109367091e-01	1.3097369594e-01	-1.2803390403e+00	-9.7126319106e-01	-3.0907584925e-01
0.6074            	-3.3062412109e-01	1.3090258422e-01	-1.2799822531e+00	-9.7061524763e-01	-3.0936700546e-01
0.6076            	-3.3032895997e-01	1.3082975380e-01	-1.2796946139e+00	-9.7017626693e-01	-3.0951834700e-01
0.6078            	-3.3019034027e-01	1.3074409047e-01	-1.2795852169e+00	-9.6998294873e-01	-3.0960226818e-01
0.608             	-3.2994132617e-01	1.3071112799e-01	-1.2794739096e+00	-9.6967828098e-01	-3.0979562864e-01
0.6082            	-3.2967042941e-01	1.3067347740e-01	-1.2792619756e+00	-9.6930141719e-01	-3.0996055838e-01
0.6084            	-3.2948415355e-01	1.3067134855e-01	-1.2790318850e+00	-9.6900009604e-01	-3.1003178895e-01
0.6086            	-3.2949734328e-01	1.3066388521e-01	-1.2790764842e+00	-9.6903558537e-01	-3.1004089881e-01
0.6088            	-3.2952372421e-01	1.3068671975e-01	-1.2791585394e+00	-9.6910299392e-01	-3.1005554551e-01
0.609             	-3.2972244489e-01	1.3066950911e-01	-1.2793722088e+00	-9.6940854930e-01	-3.0996365952e-01
0.6092            	-3.3009717692e-01	1.3063019814e-01	-1.2796441983e+00	-9.6991927609e-01	-3.0972492225e-01
0.6094            	-3.3041150753e-01	1.3065338819e-01	-1.2799233186e+00	-9.7037316684e-01	-3.0955015178e-01
0.6096            	-3.3085252461e-01	1.3070687943e-01	-1.2803406575e+00	-9.7102285334e-01	-3.0931780413e-01
0.6098            	-3.3135170814e-01	1.3077314567e-01	-1.2808455218e+00	-9.7177446905e-01	-3.0907105277e-01
0.61              	-3.3192681978e-01	1.3079074292e-01	-1.2812749719e+00	-9.7256430575e-01	-3.0871066619e-01
0.6102            	-3.3235984394e-01	1.3075063787e-01	-1.2816766340e+00	-9.7319816093e-01	-3.0847847305e-01
0.6104            	-3.3251882358e-01	1.3074129591e-01	-1.2819129699e+00	-9.7347530855e-01	-3.0843766138e-01
0.6106            	-3.3258316148e-01	1.3075556653e-01	-1.2821154139e+00	-9.7364086842e-01	-3.0847454546e-01
0.6108            	-3.3283189392e-01	1.3081012706e-01	-1.2823524465e+00	-9.7400811719e-01	-3.0834432935e-01
0.611             	-3.3326501326e-01	1.3083865812e-01	-1.2827691105e+00	-9.7464956853e-01	-3.0811954201e-01
0.6112            	-3.3370091549e-01	1.3081749940e-01	-1.2832974865e+00	-9.7534965873e-01	-3.0794782776e-01
0.6114            	-3.3416385528e-01	1.3084990203e-01	-1.2838583811e+00	-9.7609304582e-01	-3.0776533527e-01
0.6116            	-3.3477418861e-01	1.3091683108e-01	-1.2844122968e+00	-9.7698033702e-01	-3.0743195979e-01
0.6118            	-3.3524802535e-01	1.3099644297e-01	-1.2847774095e+00	-9.7763673009e-01	-3.0714067939e-01
0.612             	-3.3558286886e-01	1.3104911937e-01	-1.2850689250e+00	-9.7811733136e-01	-3.0695159365e-01
0.6122            	-3.3583920706e-01	1.3105713675e-01	-1.2853403346e+00	-9.7850937437e-01	-3.0683096024e-01
0.6124            	-3.3618684664e-01	1.3108725060e-01	-1.2857015043e+00	-9.7903759878e-01	-3.0666390551e-01
0.6126            	-3.3618035616e-01	1.3109449389e-01	-1.2857163628e+00	-9.7903853756e-01	-3.0667782524e-01
0.6128            	-3.3585478337e-01	1.3114993025e-01	-1.2853150237e+00	-9.7851229524e-01	-3.0680272849e-01
0.613             	-3.3566271869e-01	1.3114885758e-01	-1.2851557296e+00	-9.7824058349e-01	-3.0691514611e-01
0.6132            	-3.3606171246e-01	1.3112782983e-01	-1.2855580123e+00	-9.7884071861e-01	-3.0671729369e-01
0.6134            	-3.3584395760e-01	1.3115746758e-01	-1.2853787114e+00	-9.7853331330e-01	-3.0684539809e-01
0.6136            	-3.3586308764e-01	1.3116186533e-01	-1.2854567420e+00	-9.7859145863e-01	-3.0686528335e-01
0.6138            	-3.3560108568e-01	1.3121931961e-01	-1.2851252166e+00	-9.7816369396e-01	-3.0696152260e-01
0.614             	-3.3544414685e-01	1.3126900969e-01	-1.2849129544e+00	-9.7790062405e-01	-3.0701233036e-01
0.6142            	-3.3532240985e-01	1.3129166014e-01	-1.2847872423e+00	-9.7771603098e-01	-3.0707121128e-01
0.6144            	-3.3509607032e-01	1.3130755503e-01	-1.2845137208e+00	-9.7735293073e-01	-3.0716079008e-01
0.6146            	-3.3502570878e-01	1.3131978723e-01	-1.2843307888e+00	-9.7719110319e-01	-3.0713968563e-01
0.6148            	-3.3496677939e-01	1.3133330535e-01	-1.2841931953e+00	-9.7706337702e-01	-3.0712981823e-01
0.615             	-3.3501265080e-01	1.3134512648e-01	-1.2842675223e+00	-9.7714641195e-01	-3.0712111035e-01
0.6152            	-3.3508523414e-01	1.3136752581e-01	-1.2842514389e+00	-9.7721095359e-01	-3.0704048531e-01
0.6154            	-3.3524209353e-01	1.3132910587e-01	-1.2842976151e+00	-9.7739090105e-01	-3.0690671400e-01
0.6156            	-3.3512385253e-01	1.3128295942e-01	-1.2841663046e+00	-9.7720700483e-01	-3.0695929977e-01
0.6158            	-3.3478522491e-01	1.3123103067e-01	-1.2838033091e+00	-9.7668687948e-01	-3.0711642967e-01
0.616             	-3.3442773588e-01	1.3119746207e-01	-1.2834714534e+00	-9.7616346256e-01	-3.0730799081e-01
0.6162            	-3.3401765563e-01	1.3116021191e-01	-1.2831669107e+00	-9.7560111096e-01	-3.0756579969e-01
0.6164            	-3.3367759038e-01	1.3111446676e-01	-1.2828931530e+00	-9.7512416687e-01	-3.0776898611e-01
0.6166            	-3.3337758433e-01	1.3107411443e-01	-1.2826009064e+00	-9.7467803751e-01	-3.0792286885e-01
0.6168            	-3.3303635247e-01	1.3102990296e-01	-1.2823864929e+00	-9.7422959893e-01	-3.0815689398e-01
0.617             	-3.3273080793e-01	1.3098514763e-01	-1.2821497492e+00	-9.7380568252e-01	-3.0834406665e-01
0.6172            	-3.3235012662e-01	1.3094798271e-01	-1.2818252147e+00	-9.7326273398e-01	-3.0856248074e-01
0.6174            	-3.3178383263e-01	1.3090989420e-01	-1.2812181421e+00	-9.7239290370e-01	-3.0882523844e-01
0.6176            	-3.3121887444e-01	1.3094866004e-01	-1.2806942584e+00	-9.7156600363e-01	-3.0912825476e-01
0.6178            	-3.3107105676e-01	1.3092457434e-01	-1.2805776729e+00	-9.7135989319e-01	-3.0921777967e-01
0.618             	-3.3077348236e-01	1.3089218186e-01	-1.2802894378e+00	-9.7091820123e-01	-3.0937123652e-01
0.6182            	-3.3043227386e-01	1.3081760749e-01	-1.2800616934e+00	-9.7046312056e-01	-3.0959857284e-01
0.6184            	-3.2996806093e-01	1.3078050239e-01	-1.2796008460e+00	-9.6976848395e-01	-3.0983236208e-01
0.6186            	-3.2968161904e-01	1.3073448931e-01	-1.2793192802e+00	-9.6934125912e-01	-3.0997802104e-01
0.6188            	-3.2940454970e-01	1.3066455757e-01	-1.2790791865e+00	-9.6894414293e-01	-3.1013504353e-01
0.619             	-3.2934247134e-01	1.3060130530e-01	-1.2790770074e+00	-9.6888097504e-01	-3.1019603237e-01
0.6192            	-3.2934752857e-01	1.3057902009e-01	-1.2789847874e+00	-9.6883992227e-01	-3.1014486513e-01
0.6194            	-3.2933365453e-01	1.3060601074e-01	-1.2789078601e+00	-9.6878758460e-01	-3.1012027553e-01
0.6196            	-3.2965093346e-01	1.3066193449e-01	-1.2792786993e+00	-9.6929028311e-01	-3.0998841619e-01
0.6198            	-3.3020223614e-01	1.3070253078e-01	-1.2797886166e+00	-9.7009654441e-01	-3.0969207214e-01
0.62              	-3.3071669120e-01	1.3068494499e-01	-1.2802543032e+00	-9.7084384279e-01	-3.0941046038e-01
0.6202            	-3.3094217137e-01	1.3070230854e-01	-1.2803979632e+00	-9.7114115298e-01	-3.0925681023e-01
0.6204            	-3.3114943988e-01	1.3073804104e-01	-1.2805982016e+00	-9.7144854070e-01	-3.0914966093e-01
0.6206            	-3.3160223372e-01	1.3081141729e-01	-1.2810280549e+00	-9.7211626118e-01	-3.0891179373e-01
0.6208            	-3.3216633942e-01	1.3086356209e-01	-1.2815149073e+00	-9.7292379306e-01	-3.0859111423e-01
0.621             	-3.3273244942e-01	1.3088488972e-01	-1.2820172527e+00	-9.7374107579e-01	-3.0827617695e-01
0.6212            	-3.3314175242e-01	1.3089822837e-01	-1.2824861886e+00	-9.7438484673e-01	-3.0810134190e-01
0.6214            	-3.3318830757e-01	1.3093461446e-01	-1.2825778543e+00	-9.7447723473e-01	-3.0810061958e-01
0.6216            	-3.3354189326e-01	1.3097214537e-01	-1.2829399911e+00	-9.7501188881e-01	-3.0792810230e-01
0.6218            	-3.3390056006e-01	1.3101950272e-01	-1.2832586894e+00	-9.7552990477e-01	-3.0772878465e-01
0.622             	-3.3440365319e-01	1.3098567068e-01	-1.2838908400e+00	-9.7634907317e-01	-3.0754176679e-01
0.6222            	-3.3491577882e-01	1.3095873654e-01	-1.2844839844e+00	-9.7715777104e-01	-3.0732621340e-01
0.6224            	-3.3529491025e-01	1.3097999998e-01	-1.2848691308e+00	-9.7772947564e-01	-3.0713965514e-01
0.6226            	-3.3536334615e-01	1.3101628643e-01	-1.2849366358e+00	-9.7783166405e-01	-3.0710497175e-01
0.6228            	-3.3499825288e-01	1.3104448358e-01	-1.2846364365e+00	-9.7731647115e-01	-3.0731996538e-01
0.623             	-3.3495776542e-01	1.3098173743e-01	-1.2846229625e+00	-9.7726924665e-01	-3.0735371580e-01
0.6232            	-3.3460217396e-01	1.3096584829e-01	-1.2842791586e+00	-9.7674175327e-01	-3.0753740534e-01
0.6234            	-3.3447335331e-01	1.3092955098e-01	-1.2841286950e+00	-9.7653770082e-01	-3.0759099420e-01
0.6236            	-3.3445304335e-01	1.3091504493e-01	-1.2841599801e+00	-9.7653303341e-01	-3.0762694671e-01
0.6238            	-3.3423842447e-01	1.3097273840e-01	-1.2839921892e+00	-9.7623451906e-01	-3.0775767011e-01
0.624             	-3.3415023263e-01	1.3100764894e-01	-1.2838535734e+00	-9.7607701932e-01	-3.0777655406e-01
0.6242            	-3.3413689446e-01	1.3101338987e-01	-1.2838653451e+00	-9.7606956699e-01	-3.0779577807e-01
0.6244            	-3.3399404875e-01	1.3100750999e-01	-1.2838666140e+00	-9.7592735574e-01	-3.0793925825e-01
0.6246            	-3.3345651392e-01	1.3099740020e-01	-1.2833530225e+00	-9.7513302516e-01	-3.0821999731e-01
0.6248            	-3.3335088252e-01	1.3095766072e-01	-1.2831850225e+00	-9.7494339377e-01	-3.0824162873e-01
0.625             	-3.3316505299e-01	1.3096576162e-01	-1.2829938776e+00	-9.7466199181e-01	-3.0833188583e-01
0.6252            	-3.3308947271e-01	1.3097167027e-01	-1.2828559704e+00	-9.7451745792e-01	-3.0833851250e-01
0.6254            	-3.3315425076e-01	1.3097150438e-01	-1.2828017024e+00	-9.7455510195e-01	-3.0824660044e-01
0.6256            	-3.3331710292e-01	1.3099475678e-01	-1.2827943380e+00	-9.7471427192e-01	-3.0808006609e-01
0.6258            	-3.3292405914e-01	1.3099458003e-01	-1.2824826808e+00	-9.7416539955e-01	-3.0831728127e-01
0.626             	-3.3308963945e-01	1.3101071782e-01	-1.2825464493e+00	-9.7436286408e-01	-3.0818358519e-01
0.6262            	-3.3302269854e-01	1.3104754869e-01	-1.2824333364e+00	-9.7423936673e-01	-3.0819396966e-01
0.6264            	-3.3319381684e-01	1.3106382944e-01	-1.2825928285e+00	-9.7449023109e-01	-3.0810259741e-01
0.6266            	-3.3325361656e-01	1.3112758329e-01	-1.2825442767e+00	-9.7452575490e-01	-3.0801852177e-01
0.6268            	-3.3333367957e-01	1.3119697342e-01	-1.2824769503e+00	-9.7457215470e-01	-3.0790479556e-01
0.627             	-3.3367097511e-01	1.3122464802e-01	-1.2828043272e+00	-9.7507313870e-01	-3.0773118847e-01
0.6272            	-3.3374107237e-01	1.3123298393e-01	-1.2829103823e+00	-9.7519626352e-01	-3.0771411879e-01
0.6274            	-3.3363056609e-01	1.3122337262e-01	-1.2828193537e+00	-9.7504024296e-01	-3.0777911077e-01
0.6276            	-3.3333482005e-01	1.3120934333e-01	-1.2826063211e+00	-9.7463798061e-01	-3.0796834050e-01
0.6278            	-3.3309434164e-01	1.3119322811e-01	-1.2824593467e+00	-9.7432401499e-01	-3.0813533171e-01
0.628             	-3.3285425954e-01	1.3115984610e-01	-1.2821948171e+00	-9.7395166810e-01	-3.0824314902e-01
0.6282            	-3.3264590272e-01	1.3112277753e-01	-1.2819192851e+00	-9.7360554527e-01	-3.0831373982e-01
0.6284            	-3.3236868105e-01	1.3107499193e-01	-1.2815948510e+00	-9.7316610653e-01	-3.0842874443e-01
0.6286            	-3.3209157919e-01	1.3101418281e-01	-1.2814019605e+00	-9.7279255942e-01	-3.0860940104e-01
0.6288            	-3.3165234246e-01	1.3097591344e-01	-1.2809763134e+00	-9.7214049917e-01	-3.0883581424e-01
0.629             	-3.3123085538e-01	1.3090688584e-01	-1.2805983827e+00	-9.7153004674e-01	-3.0906833599e-01
0.6292            	-3.3075533433e-01	1.3082259160e-01	-1.2802195287e+00	-9.7086509870e-01	-3.0935443004e-01
0.6294            	-3.3032407850e-01	1.3073637306e-01	-1.2799227283e+00	-9.7028544267e-01	-3.0963728567e-01
0.6296            	-3.2987396777e-01	1.3066813769e-01	-1.2794713044e+00	-9.6960961995e-01	-3.0986168441e-01
0.6298            	-3.2966458761e-01	1.3059395111e-01	-1.2792812167e+00	-9.6930519598e-01	-3.0997602076e-01
0.63              	-3.2909815435e-01	1.3058146097e-01	-1.2788198588e+00	-9.6850808373e-01	-3.1031177503e-01
0.6302            	-3.2865376220e-01	1.3050557330e-01	-1.2783742515e+00	-9.6784088797e-01	-3.1053336356e-01
0.6304            	-3.2849642650e-01	1.3043774282e-01	-1.2781575790e+00	-9.6757521601e-01	-3.1058236301e-01
0.6306            	-3.2845533294e-01	1.3041025955e-01	-1.2780200035e+00	-9.6746533470e-01	-3.1055466882e-01
0.6308            	-3.2854842061e-01	1.3044064598e-01	-1.2781554481e+00	-9.6762614466e-01	-3.1052930343e-01
0.631             	-3.2895193588e-01	1.3052319495e-01	-1.2784949964e+00	-9.6819943406e-01	-3.1029556229e-01
0.6312            	-3.2967049518e-01	1.3059807742e-01	-1.2791161048e+00	-9.6922854756e-01	-3.0988755719e-01
0.6314            	-3.3047997798e-01	1.3065776063e-01	-1.2798372573e+00	-9.7039860664e-01	-3.0943865069e-01
0.6316            	-3.3118458443e-01	1.3074287794e-01	-1.2805293283e+00	-9.7144924856e-01	-3.0908007970e-01
0.6318            	-3.3180220671e-01	1.3082263793e-01	-1.2811123794e+00	-9.7235839643e-01	-3.0875398300e-01
0.632             	-3.3221544199e-01	1.3089510811e-01	-1.2814332527e+00	-9.7293206832e-01	-3.0850118435e-01
0.6322            	-3.3271065033e-01	1.3096846115e-01	-1.2818739498e+00	-9.7364762524e-01	-3.0822632458e-01
0.6324            	-3.3338158717e-01	1.3096416893e-01	-1.2825911613e+00	-9.7467716784e-01	-3.0791399349e-01
0.6326            	-3.3384968068e-01	1.3094660366e-01	-1.2830770097e+00	-9.7538818551e-01	-3.0768882416e-01
0.6328            	-3.3404019865e-01	1.3100487608e-01	-1.2832411391e+00	-9.7566076819e-01	-3.0758037089e-01
0.633             	-3.3434806768e-01	1.3105480844e-01	-1.2835726078e+00	-9.7613437157e-01	-3.0743823620e-01
0.6332            	-3.3463488578e-01	1.3112803689e-01	-1.2839309941e+00	-9.7660038282e-01	-3.0733061126e-01
0.6334            	-3.3477128905e-01	1.3111148718e-01	-1.2841485102e+00	-9.7684554415e-01	-3.0730296606e-01
0.6336            	-3.3488569608e-01	1.3112450076e-01	-1.2842885806e+00	-9.7702998639e-01	-3.0725859423e-01
0.6338            	-3.3496503774e-01	1.3113014642e-01	-1.2843153715e+00	-9.7712272347e-01	-3.0719264799e-01
0.634             	-3.3503758502e-01	1.3114955265e-01	-1.2843647996e+00	-9.7721998484e-01	-3.0714481480e-01
0.6342            	-3.3521012081e-01	1.3117728773e-01	-1.2845680263e+00	-9.7749413394e-01	-3.0707389233e-01
0.6344            	-3.3540011540e-01	1.3119112675e-01	-1.2848054268e+00	-9.7780282881e-01	-3.0700259801e-01
0.6346            	-3.3553641102e-01	1.3117020733e-01	-1.2848727406e+00	-9.7797278134e-01	-3.0689995930e-01
0.6348            	-3.3565021380e-01	1.3114953623e-01	-1.2850125367e+00	-9.7815648216e-01	-3.0685605457e-01
0.635             	-3.3533394727e-01	1.3111548967e-01	-1.2848585165e+00	-9.7776320551e-01	-3.0709531097e-01
0.6352            	-3.3493092533e-01	1.3104969942e-01	-1.2846052643e+00	-9.7723355750e-01	-3.0737170684e-01
0.6354            	-3.3426450381e-01	1.3101179898e-01	-1.2840388935e+00	-9.7628395055e-01	-3.0775494294e-01
0.6356            	-3.3346461579e-01	1.3092914135e-01	-1.2833871498e+00	-9.7515819070e-01	-3.0822895912e-01
0.6358            	-3.3276653642e-01	1.3091869245e-01	-1.2827931104e+00	-9.7416309160e-01	-3.0863001877e-01
0.636             	-3.3257127476e-01	1.3086165196e-01	-1.2825442925e+00	-9.7384342102e-01	-3.0870087149e-01
0.6362            	-3.3235605414e-01	1.3085168544e-01	-1.2822463830e+00	-9.7347924561e-01	-3.0876713734e-01
0.6364            	-3.3210717514e-01	1.3085554575e-01	-1.2819200502e+00	-9.7306720022e-01	-3.0885284995e-01
0.6366            	-3.3237531242e-01	1.3086986897e-01	-1.2821239832e+00	-9.7343730403e-01	-3.0868667919e-01
0.6368            	-3.3228323772e-01	1.3088847564e-01	-1.2819263487e+00	-9.7324641207e-01	-3.0867993662e-01
0.637             	-3.3217606559e-01	1.3089968881e-01	-1.2817757765e+00	-9.7306395382e-01	-3.0871182264e-01
0.6372            	-3.3233448296e-01	1.3094810251e-01	-1.2819299217e+00	-9.7329944379e-01	-3.0863047788e-01
0.6374            	-3.3237983770e-01	1.3099524153e-01	-1.2819663127e+00	-9.7336299407e-01	-3.0860331868e-01
0.6376            	-3.3250193356e-01	1.3103146489e-01	-1.2820334354e+00	-9.7351865124e-01	-3.0851478412e-01
0.6378            	-3.3246148307e-01	1.3107787040e-01	-1.2819460457e+00	-9.7343450592e-01	-3.0851153977e-01
0.638             	-3.3254845727e-01	1.3111334742e-01	-1.2820118829e+00	-9.7355439871e-01	-3.0845748417e-01
0.6382            	-3.3257030094e-01	1.3114000092e-01	-1.2820145597e+00	-9.7357758080e-01	-3.0843697892e-01
0.6384            	-3.3255629112e-01	1.3116235558e-01	-1.2819588503e+00	-9.7353571628e-01	-3.0842313405e-01
0.6386            	-3.3252699423e-01	1.3117686728e-01	-1.2819183895e+00	-9.7348618900e-01	-3.0843220053e-01
0.6388            	-3.3243019535e-01	1.3117857744e-01	-1.2817729795e+00	-9.7331668510e-01	-3.0845629440e-01
0.639             	-3.3234060474e-01	1.3117365338e-01	-1.2816553043e+00	-9.7316825688e-01	-3.0848704741e-01
0.6392            	-3.3221010563e-01	1.3118673761e-01	-1.2815061702e+00	-9.7296319071e-01	-3.0854297944e-01
0.6394            	-3.3213265912e-01	1.3115956499e-01	-1.2814757714e+00	-9.7287054482e-01	-3.0860522659e-01
0.6396            	-3.3205052446e-01	1.3113682025e-01	-1.2813366322e+00	-9.7271884055e-01	-3.0861779162e-01
0.6398            	-3.3189657152e-01	1.3109963490e-01	-1.2811211019e+00	-9.7245712246e-01	-3.0866397941e-01
0.64              	-3.3165495414e-01	1.3105273647e-01	-1.2809062384e+00	-9.7210807335e-01	-3.0879816507e-01
0.6402            	-3.3138994666e-01	1.3099240481e-01	-1.2807689409e+00	-9.7177441713e-01	-3.0899452381e-01
0.6404            	-3.3101802566e-01	1.3092815317e-01	-1.2804804633e+00	-9.7125825731e-01	-3.0922220599e-01
0.6406            	-3.3054706749e-01	1.3084500655e-01	-1.2800549827e+00	-9.7057455882e-01	-3.0948042384e-01
0.6408            	-3.3002876749e-01	1.3079168426e-01	-1.2797035120e+00	-9.6988052348e-01	-3.0982298850e-01
0.641             	-3.2926447616e-01	1.3073092321e-01	-1.2790678052e+00	-9.6879837875e-01	-3.1026942643e-01
0.6412            	-3.2901544077e-01	1.3060975570e-01	-1.2788504101e+00	-9.6844064583e-01	-3.1040976429e-01
0.6414            	-3.2878539724e-01	1.3047819908e-01	-1.2785724131e+00	-9.6807160378e-01	-3.1050080930e-01
0.6416            	-3.2836894374e-01	1.3037782480e-01	-1.2781475713e+00	-9.6744272941e-01	-3.1070484193e-01
0.6418            	-3.2824637228e-01	1.3033574640e-01	-1.2779739269e+00	-9.6723333575e-01	-3.1074059119e-01
0.642             	-3.2818574381e-01	1.3035328808e-01	-1.2778371572e+00	-9.6710432242e-01	-3.1073283479e-01
0.6422            	-3.2837425758e-01	1.3040424420e-01	-1.2779627043e+00	-9.6735560972e-01	-3.1060709457e-01
0.6424            	-3.2890675170e-01	1.3044208355e-01	-1.2785076665e+00	-9.6816058493e-01	-3.1034708154e-01
0.6426            	-3.2966156487e-01	1.3043194884e-01	-1.2792948078e+00	-9.6930896879e-01	-3.0998583905e-01
0.6428            	-3.3033497322e-01	1.3051350684e-01	-1.2799251651e+00	-9.7029755577e-01	-3.0962760932e-01
0.643             	-3.3109059921e-01	1.3060707125e-01	-1.2805500278e+00	-9.7136561311e-01	-3.0918441470e-01
0.6432            	-3.3185503280e-01	1.3072020453e-01	-1.2812331311e+00	-9.7247159837e-01	-3.0876153278e-01
0.6434            	-3.3250378057e-01	1.3079595490e-01	-1.2819010271e+00	-9.7345429411e-01	-3.0844673297e-01
0.6436            	-3.3326094550e-01	1.3078943981e-01	-1.2827607894e+00	-9.7464134021e-01	-3.0811944921e-01
0.6438            	-3.3384838651e-01	1.3085708318e-01	-1.2833376234e+00	-9.7551719822e-01	-3.0782042520e-01
0.644             	-3.3428668197e-01	1.3092296813e-01	-1.2837317234e+00	-9.7615254367e-01	-3.0757917972e-01
0.6442            	-3.3458079998e-01	1.3098277726e-01	-1.2840612337e+00	-9.7661141685e-01	-3.0744981689e-01
0.6444            	-3.3468825981e-01	1.3102754738e-01	-1.2841597483e+00	-9.7676813396e-01	-3.0739161435e-01
0.6446            	-3.3498705255e-01	1.3098302093e-01	-1.2845087065e+00	-9.7724140580e-01	-3.0726730069e-01
0.6448            	-3.3530042908e-01	1.3096807534e-01	-1.2848572742e+00	-9.7772906618e-01	-3.0712820803e-01
0.645             	-3.3516559989e-01	1.3100129751e-01	-1.2847637256e+00	-9.7754746269e-01	-3.0721626291e-01
0.6452            	-3.3522586831e-01	1.3106021301e-01	-1.2848914407e+00	-9.7767158868e-01	-3.0721985206e-01
0.6454            	-3.3513722161e-01	1.3110846117e-01	-1.2847492469e+00	-9.7751184507e-01	-3.0723740185e-01
0.6456            	-3.3573572400e-01	1.3110213212e-01	-1.2852850958e+00	-9.7837827191e-01	-3.0690682391e-01
0.6458            	-3.3621261644e-01	1.3111274180e-01	-1.2857048689e+00	-9.7906505089e-01	-3.0663981802e-01
0.646             	-3.3649451157e-01	1.3117355101e-01	-1.2860750445e+00	-9.7953203384e-01	-3.0654301070e-01
0.6462            	-3.3642708533e-01	1.3118467808e-01	-1.2859700847e+00	-9.7941212770e-01	-3.0655795703e-01
0.6464            	-3.3626080749e-01	1.3120742140e-01	-1.2857872241e+00	-9.7915441954e-01	-3.0663280457e-01
0.6466            	-3.3556627469e-01	1.3118150540e-01	-1.2851300974e+00	-9.7813132338e-01	-3.0699877400e-01
0.6468            	-3.3540252058e-01	1.3110233877e-01	-1.2849503310e+00	-9.7787768606e-01	-3.0707264490e-01
0.647             	-3.3499517398e-01	1.3106650144e-01	-1.2844961171e+00	-9.7724323255e-01	-3.0725288459e-01
0.6472            	-3.3445874642e-01	1.3108298833e-01	-1.2838879723e+00	-9.7640273257e-01	-3.0748523974e-01
0.6474            	-3.3445197741e-01	1.3111020393e-01	-1.2838157335e+00	-9.7635984414e-01	-3.0745588932e-01
0.6476            	-3.3472338590e-01	1.3113931687e-01	-1.2840543216e+00	-9.7675054672e-01	-3.0730377492e-01
0.6478            	-3.3477229340e-01	1.3123197539e-01	-1.2840378286e+00	-9.7679120769e-01	-3.0724662088e-01
0.648             	-3.3492522080e-01	1.3130419346e-01	-1.2842053578e+00	-9.7702789970e-01	-3.0717745810e-01
0.6482            	-3.3503914146e-01	1.3136325524e-01	-1.2843425496e+00	-9.7721041624e-01	-3.0713213332e-01
0.6484            	-3.3503914718e-01	1.3141338945e-01	-1.2842351286e+00	-9.7715671150e-01	-3.0707841714e-01
0.6486            	-3.3512485406e-01	1.3144673419e-01	-1.2842406990e+00	-9.7724520357e-01	-3.0699549545e-01
0.6488            	-3.3532979580e-01	1.3141808922e-01	-1.2845056299e+00	-9.7758261077e-01	-3.0692301917e-01
0.649             	-3.3540770679e-01	1.3138098365e-01	-1.2844688661e+00	-9.7764213982e-01	-3.0682672624e-01
0.6492            	-3.3532530148e-01	1.3131001877e-01	-1.2842533887e+00	-9.7745199583e-01	-3.0680139286e-01
0.6494            	-3.3499283575e-01	1.3123857934e-01	-1.2839387495e+00	-9.7696221050e-01	-3.0697653900e-01
0.6496            	-3.3450617218e-01	1.3119537276e-01	-1.2834409695e+00	-9.7622665692e-01	-3.0721431255e-01
0.6498            	-3.3397810449e-01	1.3116874000e-01	-1.2829084257e+00	-9.7543231735e-01	-3.0747610837e-01
0.65              	-3.3354698236e-01	1.3115389482e-01	-1.2825374412e+00	-9.7481570296e-01	-3.0772173823e-01
