0                 	-4.6429013023e-04	5.8405401780e-03	-2.1896921463e-04	-5.7377473755e-04	3.5480552291e-04
0.0002            	-2.0422317037e+00	6.0203113438e-01	-2.7862135311e+00	-3.4353384693e+00	6.4912493814e-01
0.0004            	-1.9327344216e+00	5.7164534683e-01	-2.7344266924e+00	-3.2999477678e+00	5.6552107537e-01
0.0006            	-1.8034141500e+00	5.4773197704e-01	-2.6141908909e+00	-3.1105095955e+00	4.9631870456e-01
0.0008            	-1.7032401192e+00	5.2802884198e-01	-2.5247932496e+00	-2.9656367440e+00	4.4084349435e-01
0.001             	-1.6347966849e+00	5.1600618815e-01	-2.4654274149e+00	-2.8675103924e+00	4.0208297743e-01
0.0012            	-1.5912491754e+00	5.0734790555e-01	-2.4340529062e+00	-2.8082756285e+00	3.7422272232e-01
0.0014            	-1.5620996994e+00	5.0046398668e-01	-2.4196921369e+00	-2.7719457678e+00	3.5225363099e-01
0.0016            	-1.5425977930e+00	4.9336353924e-01	-2.4211026584e+00	-2.7531491221e+00	3.3204646377e-01
0.0018            	-1.5302688088e+00	4.8702996283e-01	-2.4286299693e+00	-2.7445837935e+00	3.1595382413e-01
0.002             	-1.5127203478e+00	4.7692160659e-01	-2.4354133796e+00	-2.7304270376e+00	2.9501365797e-01
0.0022            	-1.4929050527e+00	4.6470383877e-01	-2.4406519805e+00	-2.7132310429e+00	2.7257906245e-01
0.0024            	-1.4760810416e+00	4.5354333590e-01	-2.4481343985e+00	-2.7001482409e+00	2.5201384232e-01
0.0026            	-1.4625431129e+00	4.4352239605e-01	-2.4608952137e+00	-2.6929907198e+00	2.3209550606e-01
0.0028            	-1.4512596832e+00	4.3454312676e-01	-2.4710626368e+00	-2.6867910016e+00	2.1572836479e-01
0.003             	-1.4424222371e+00	4.2665728991e-01	-2.4863935164e+00	-2.6856189953e+00	1.9922547888e-01
0.0032            	-1.4346445224e+00	4.1986591815e-01	-2.5019339618e+00	-2.6856115033e+00	1.8367754150e-01
0.0034            	-1.4290436607e+00	4.1465671481e-01	-2.5208106434e+00	-2.6894489824e+00	1.6863833898e-01
0.0036            	-1.4226216638e+00	4.0968709637e-01	-2.5354782382e+00	-2.6903607829e+00	1.5488254474e-01
0.0038            	-1.4081104788e+00	4.0172731229e-01	-2.5368798867e+00	-2.6765504222e+00	1.3967053550e-01
0.004             	-1.3923468213e+00	3.9400634490e-01	-2.5340540819e+00	-2.6593738623e+00	1.2531978038e-01
0.0042            	-1.3727359056e+00	3.8483794984e-01	-2.5212480665e+00	-2.6333599388e+00	1.1211187232e-01
0.0044            	-1.3533704661e+00	3.7591845012e-01	-2.5055727205e+00	-2.6061568263e+00	1.0058410589e-01
0.0046            	-1.3478563227e+00	3.7113116351e-01	-2.5120771688e+00	-2.6038949071e+00	9.1817738299e-02
0.0048            	-1.3467225233e+00	3.6781521953e-01	-2.5254514417e+00	-2.6094482442e+00	8.3996802417e-02
0.005             	-1.3456622217e+00	3.6438919263e-01	-2.5365860316e+00	-2.6139552375e+00	7.7369205885e-02
0.0052            	-1.3441603348e+00	3.6099523974e-01	-2.5471754432e+00	-2.6177480564e+00	7.0572613258e-02
0.0054            	-1.3428318951e+00	3.5776722378e-01	-2.5581782154e+00	-2.6219210028e+00	6.3742787464e-02
0.0056            	-1.3412645701e+00	3.5466181586e-01	-2.5681639120e+00	-2.6253465261e+00	5.7182614064e-02
0.0058            	-1.3392142665e+00	3.5153141750e-01	-2.5769275994e+00	-2.6276780662e+00	5.0750466816e-02
0.006             	-1.3375855828e+00	3.4865400191e-01	-2.5857348508e+00	-2.6304530082e+00	4.4718157347e-02
0.0062            	-1.3363758835e+00	3.4588463629e-01	-2.5951528359e+00	-2.6339523015e+00	3.8799465554e-02
0.0064            	-1.3355872244e+00	3.4334993439e-01	-2.6046001081e+00	-2.6378872784e+00	3.3287170353e-02
0.0066            	-1.3353944959e+00	3.4109979650e-01	-2.6142663318e+00	-2.6425276617e+00	2.8261329968e-02
0.0068            	-1.3357136798e+00	3.3907421517e-01	-2.6241781701e+00	-2.6478027649e+00	2.3624594740e-02
0.007             	-1.3361421002e+00	3.3719606626e-01	-2.6338692414e+00	-2.6530767209e+00	1.9207479531e-02
0.0072            	-1.3368718247e+00	3.3534760908e-01	-2.6437065232e+00	-2.6587250863e+00	1.5018563129e-02
0.0074            	-1.3377637508e+00	3.3373947410e-01	-2.6535797246e+00	-2.6645536131e+00	1.0973888491e-02
0.0076            	-1.3388504610e+00	3.3223875445e-01	-2.6635535034e+00	-2.6706272127e+00	7.0737092951e-03
0.0078            	-1.3399972112e+00	3.3083813031e-01	-2.6732454090e+00	-2.6766199157e+00	3.3745066683e-03
0.008             	-1.3410433253e+00	3.2953777405e-01	-2.6828194118e+00	-2.6824530312e+00	-3.6638062955e-04
0.0082            	-1.3422256552e+00	3.2820526588e-01	-2.6926283964e+00	-2.6885398534e+00	-4.0885430104e-03
0.0084            	-1.3433920734e+00	3.2701376222e-01	-2.7013107210e+00	-2.6940474339e+00	-7.2632871135e-03
0.0086            	-1.3445152701e+00	3.2580227530e-01	-2.7102678020e+00	-2.6996491711e+00	-1.0618630905e-02
0.0088            	-1.3457655057e+00	3.2470487136e-01	-2.7190712558e+00	-2.7053011336e+00	-1.3770122182e-02
0.009             	-1.3468449009e+00	3.2354054668e-01	-2.7277831428e+00	-2.7107364723e+00	-1.7046670443e-02
0.0092            	-1.3482312266e+00	3.2250654891e-01	-2.7368988355e+00	-2.7166806444e+00	-2.0218191180e-02
0.0094            	-1.3493742069e+00	3.2144786948e-01	-2.7454044270e+00	-2.7220764204e+00	-2.3328006555e-02
0.0096            	-1.3503425575e+00	3.2042841362e-01	-2.7532976774e+00	-2.7269913962e+00	-2.6306281158e-02
0.0098            	-1.3513930468e+00	3.1937216154e-01	-2.7613761050e+00	-2.7320810993e+00	-2.9295005743e-02
0.01              	-1.3525446058e+00	3.1833359407e-01	-2.7694896540e+00	-2.7372894328e+00	-3.2200221151e-02
0.0102            	-1.3538519980e+00	3.1734290199e-01	-2.7777385886e+00	-2.7427212922e+00	-3.5017296344e-02
0.0104            	-1.3552197205e+00	3.1628967786e-01	-2.7860481422e+00	-2.7482437916e+00	-3.7804350650e-02
0.0106            	-1.3563853369e+00	3.1518989694e-01	-2.7935623043e+00	-2.7531664891e+00	-4.0395815225e-02
0.0108            	-1.3576204535e+00	3.1413576076e-01	-2.8009363911e+00	-2.7580886490e+00	-4.2847742088e-02
0.011             	-1.3590547597e+00	3.1323705741e-01	-2.8083667814e+00	-2.7632381504e+00	-4.5128630992e-02
0.0112            	-1.3603879590e+00	3.1227608022e-01	-2.8156566139e+00	-2.7682162660e+00	-4.7440347905e-02
0.0114            	-1.3614465362e+00	3.1120859054e-01	-2.8224834149e+00	-2.7726882437e+00	-4.9795171235e-02
0.0116            	-1.3623860733e+00	3.1012039206e-01	-2.8289211822e+00	-2.7768466644e+00	-5.2074517830e-02
0.0118            	-1.3633128428e+00	3.0906619162e-01	-2.8350070334e+00	-2.7808163595e+00	-5.4190673886e-02
0.012             	-1.3645070290e+00	3.0811015851e-01	-2.8415031545e+00	-2.7852586063e+00	-5.6244548227e-02
0.0122            	-1.3658891824e+00	3.0727435362e-01	-2.8483551928e+00	-2.7900667788e+00	-5.8288414028e-02
0.0124            	-1.3673100798e+00	3.0645189624e-01	-2.8554633854e+00	-2.7950417725e+00	-6.0421612914e-02
0.0126            	-1.3682245519e+00	3.0542928879e-01	-2.8617506166e+00	-2.7990998602e+00	-6.2650756363e-02
0.0128            	-1.3689035607e+00	3.0433347068e-01	-2.8671354360e+00	-2.8024712788e+00	-6.4664157283e-02
0.013             	-1.3696856422e+00	3.0331504244e-01	-2.8725752240e+00	-2.8059732542e+00	-6.6601969849e-02
0.0132            	-1.3708893191e+00	3.0245244012e-01	-2.8786837973e+00	-2.8102312178e+00	-6.8452579539e-02
0.0134            	-1.3716696908e+00	3.0149276613e-01	-2.8839686919e+00	-2.8136540368e+00	-7.0314655140e-02
0.0136            	-1.3724584910e+00	3.0052645432e-01	-2.8893196346e+00	-2.8171183083e+00	-7.2201326317e-02
0.0138            	-1.3729112375e+00	2.9949639503e-01	-2.8939277924e+00	-2.8198751337e+00	-7.4052658680e-02
0.014             	-1.3737629677e+00	2.9864240775e-01	-2.8991712005e+00	-2.8233485679e+00	-7.5822632547e-02
0.0142            	-1.3745764697e+00	2.9773369703e-01	-2.9043167665e+00	-2.8267348530e+00	-7.7581913497e-02
0.0144            	-1.3753496222e+00	2.9681592425e-01	-2.9092871558e+00	-2.8299932001e+00	-7.9293955647e-02
0.0146            	-1.3764476094e+00	2.9607198804e-01	-2.9147558698e+00	-2.8338255443e+00	-8.0930325473e-02
0.0148            	-1.3776287317e+00	2.9537427075e-01	-2.9203670500e+00	-2.8378122567e+00	-8.2554793328e-02
0.015             	-1.3786132594e+00	2.9456587535e-01	-2.9257348264e+00	-2.8414806726e+00	-8.4254153772e-02
0.0152            	-1.3793651545e+00	2.9374483849e-01	-2.9304504992e+00	-2.8445904041e+00	-8.5860095075e-02
0.0154            	-1.3801744941e+00	2.9296306887e-01	-2.9352916616e+00	-2.8478203249e+00	-8.7471336703e-02
0.0156            	-1.3808298117e+00	2.9208120996e-01	-2.9398612219e+00	-2.8507604226e+00	-8.9100799283e-02
0.0158            	-1.3809323405e+00	2.9102310147e-01	-2.9434442284e+00	-2.8526544547e+00	-9.0789773713e-02
0.016             	-1.3816341523e+00	2.9016506631e-01	-2.9480362220e+00	-2.8556522633e+00	-9.2383958658e-02
0.0162            	-1.3826817352e+00	2.8937818634e-01	-2.9530239654e+00	-2.8591937179e+00	-9.3830247528e-02
0.0164            	-1.3835962323e+00	2.8861078189e-01	-2.9578154865e+00	-2.8625039756e+00	-9.5311510936e-02
0.0166            	-1.3848140209e+00	2.8800091992e-01	-2.9632295071e+00	-2.8664287745e+00	-9.6800732666e-02
0.0168            	-1.3857245119e+00	2.8726472806e-01	-2.9679445541e+00	-2.8696967890e+00	-9.8247765180e-02
0.017             	-1.3862280085e+00	2.8641816655e-01	-2.9720876134e+00	-2.8722718152e+00	-9.9815798208e-02
0.0172            	-1.3861452994e+00	2.8541491679e-01	-2.9753141681e+00	-2.8738023835e+00	-1.0151178462e-01
0.0174            	-1.3865604441e+00	2.8451910782e-01	-2.9793379098e+00	-2.8762293990e+00	-1.0310851081e-01
0.0176            	-1.3872618146e+00	2.8366025557e-01	-2.9836731454e+00	-2.8790983873e+00	-1.0457475804e-01
0.0178            	-1.3879265240e+00	2.8281023272e-01	-2.9878672369e+00	-2.8818601424e+00	-1.0600709445e-01
0.018             	-1.3885675836e+00	2.8201947158e-01	-2.9918759399e+00	-2.8845055536e+00	-1.0737038637e-01
0.0182            	-1.3895753597e+00	2.8135899488e-01	-2.9968476625e+00	-2.8879991909e+00	-1.0884847159e-01
0.0184            	-1.3895776578e+00	2.8027578085e-01	-2.9999941605e+00	-2.8895747380e+00	-1.1041942250e-01
0.0186            	-1.3897773918e+00	2.7933677193e-01	-3.0033102904e+00	-2.8914325370e+00	-1.1187775342e-01
0.0188            	-1.3905212904e+00	2.7859903913e-01	-3.0073049121e+00	-2.8941737465e+00	-1.1313116562e-01
0.019             	-1.3916698422e+00	2.7806574609e-01	-3.0119438811e+00	-2.8976417827e+00	-1.1430209840e-01
0.0192            	-1.3926469579e+00	2.7758497742e-01	-3.0162338259e+00	-2.9007638708e+00	-1.1546995503e-01
0.0194            	-1.3929687734e+00	2.7693304906e-01	-3.0195387620e+00	-2.9027381544e+00	-1.1680060755e-01
0.0196            	-1.3933138235e+00	2.7641297782e-01	-3.0228420734e+00	-2.9047348602e+00	-1.1810721321e-01
0.0198            	-1.3940912795e+00	2.7599224245e-01	-3.0267741156e+00	-2.9074783373e+00	-1.1929577829e-01
0.02              	-1.3943585843e+00	2.7530189739e-01	-3.0297611508e+00	-2.9092391597e+00	-1.2052199111e-01
0.0202            	-1.3937641869e+00	2.7427576185e-01	-3.0314991740e+00	-2.9095137739e+00	-1.2198540014e-01
0.0204            	-1.3932564417e+00	2.7330016670e-01	-3.0332729123e+00	-2.9098928978e+00	-1.2338001447e-01
0.0206            	-1.3934919260e+00	2.7250917375e-01	-3.0359573105e+00	-2.9114705812e+00	-1.2448672927e-01
0.0208            	-1.3940876151e+00	2.7175909110e-01	-3.0392174239e+00	-2.9136963271e+00	-1.2552109680e-01
0.021             	-1.3948500849e+00	2.7106880911e-01	-3.0427650284e+00	-2.9162325991e+00	-1.2653242923e-01
0.0212            	-1.3952003943e+00	2.7027944666e-01	-3.0456337104e+00	-2.9180172495e+00	-1.2761646087e-01
0.0214            	-1.3954207975e+00	2.6947301495e-01	-3.0484389397e+00	-2.9196402674e+00	-1.2879867234e-01
0.0216            	-1.3958933860e+00	2.6877799729e-01	-3.0517190592e+00	-2.9217529156e+00	-1.2996614361e-01
0.0218            	-1.3966939636e+00	2.6817900330e-01	-3.0555898653e+00	-2.9244888962e+00	-1.3110096910e-01
0.022             	-1.3977548870e+00	2.6761860957e-01	-3.0598838464e+00	-2.9276968102e+00	-1.3218703620e-01
0.0222            	-1.4011365718e+00	2.6792472004e-01	-3.0680592489e+00	-2.9351661963e+00	-1.3289305260e-01
0.0224            	-1.4050638889e+00	2.6826744735e-01	-3.0775368384e+00	-2.9438323081e+00	-1.3370453030e-01
0.0226            	-1.4054231146e+00	2.6759883122e-01	-3.0815003857e+00	-2.9461733075e+00	-1.3532707819e-01
0.0228            	-1.4041707469e+00	2.6654823226e-01	-3.0829353753e+00	-2.9456384345e+00	-1.3729694076e-01
0.023             	-1.4038257752e+00	2.6598806486e-01	-3.0853791103e+00	-2.9465153303e+00	-1.3886377997e-01
0.0232            	-1.4062009110e+00	2.6650956342e-01	-3.0923910487e+00	-2.9523964354e+00	-1.3999461334e-01
0.0234            	-1.4045193159e+00	2.6548994862e-01	-3.0923825726e+00	-2.9507106022e+00	-1.4167197046e-01
0.0236            	-1.3992543737e+00	2.6338751168e-01	-3.0862327427e+00	-2.9423707451e+00	-1.4386199764e-01
0.0238            	-1.3972658239e+00	2.6238031107e-01	-3.0850335464e+00	-2.9397825971e+00	-1.4525094933e-01
0.024             	-1.3974677358e+00	2.6176652609e-01	-3.0868409893e+00	-2.9408882304e+00	-1.4595275885e-01
0.0242            	-1.3971628462e+00	2.6097944824e-01	-3.0875125965e+00	-2.9409191444e+00	-1.4659345206e-01
0.0244            	-1.3963360946e+00	2.6005847093e-01	-3.0873382419e+00	-2.9400052156e+00	-1.4733302630e-01
0.0246            	-1.3985369709e+00	2.6011870785e-01	-3.0925443037e+00	-2.9448091227e+00	-1.4773518098e-01
0.0248            	-1.4008614164e+00	2.5994299598e-01	-3.0979735073e+00	-2.9498481700e+00	-1.4812533726e-01
0.025             	-1.4013649477e+00	2.5921446323e-01	-3.1003461003e+00	-2.9515379979e+00	-1.4880810238e-01
0.0252            	-1.3992583311e+00	2.5776322806e-01	-3.0983145445e+00	-2.9484156034e+00	-1.4989894109e-01
0.0254            	-1.3989968780e+00	2.5717995379e-01	-3.0992356537e+00	-2.9486147049e+00	-1.5062094889e-01
0.0256            	-1.4000688802e+00	2.5688683462e-01	-3.1022028006e+00	-2.9511702805e+00	-1.5103252011e-01
0.0258            	-1.4017639941e+00	2.5685293677e-01	-3.1062515439e+00	-2.9548897660e+00	-1.5136177784e-01
0.026             	-1.4026834475e+00	2.5662269471e-01	-3.1090379640e+00	-2.9572024295e+00	-1.5183553452e-01
0.0262            	-1.4030050823e+00	2.5622624793e-01	-3.1110579575e+00	-2.9585340610e+00	-1.5252389646e-01
0.0264            	-1.4034500810e+00	2.5582822996e-01	-3.1133594142e+00	-2.9601297881e+00	-1.5322962615e-01
0.0266            	-1.4036047085e+00	2.5519950857e-01	-3.1149300801e+00	-2.9610697486e+00	-1.5386033152e-01
0.0268            	-1.4038425400e+00	2.5460528331e-01	-3.1166306301e+00	-2.9621578551e+00	-1.5447277501e-01
0.027             	-1.4040214665e+00	2.5406609357e-01	-3.1182704368e+00	-2.9631566849e+00	-1.5511375190e-01
0.0272            	-1.4043157372e+00	2.5361208282e-01	-3.1200939403e+00	-2.9643627073e+00	-1.5573123297e-01
0.0274            	-1.4050104582e+00	2.5330637513e-01	-3.1225295154e+00	-2.9662752159e+00	-1.5625429944e-01
0.0276            	-1.4061883846e+00	2.5313523646e-01	-3.1257325242e+00	-2.9690546467e+00	-1.5667787753e-01
0.0278            	-1.4068460999e+00	2.5280650507e-01	-3.1279608745e+00	-2.9708265371e+00	-1.5713433736e-01
0.028             	-1.4071546036e+00	2.5243935218e-01	-3.1297024254e+00	-2.9720058163e+00	-1.5769660911e-01
0.0282            	-1.4068379958e+00	2.5192751701e-01	-3.1305828142e+00	-2.9721294029e+00	-1.5845341132e-01
0.0284            	-1.4063229786e+00	2.5133689211e-01	-3.1309519628e+00	-2.9717989600e+00	-1.5915300280e-01
0.0286            	-1.4058759540e+00	2.5074446482e-01	-3.1312612306e+00	-2.9715065693e+00	-1.5975466124e-01
0.0288            	-1.4057912321e+00	2.5026820760e-01	-3.1322204411e+00	-2.9719014526e+00	-1.6031898846e-01
0.029             	-1.4063193989e+00	2.4995564638e-01	-3.1342819415e+00	-2.9734603697e+00	-1.6082157189e-01
0.0292            	-1.4066048696e+00	2.4948347546e-01	-3.1357999261e+00	-2.9745048326e+00	-1.6129509346e-01
0.0294            	-1.4073380662e+00	2.4921434289e-01	-3.1382625414e+00	-2.9764693369e+00	-1.6179320456e-01
0.0296            	-1.4082845174e+00	2.4899565602e-01	-3.1410974435e+00	-2.9788332391e+00	-1.6226420438e-01
0.0298            	-1.4092779643e+00	2.4883989506e-01	-3.1439474097e+00	-2.9812516691e+00	-1.6269574061e-01
0.03              	-1.4100641673e+00	2.4866879516e-01	-3.1464949049e+00	-2.9833116197e+00	-1.6318328516e-01
0.0302            	-1.4099989909e+00	2.4830894777e-01	-3.1477109089e+00	-2.9838544453e+00	-1.6385646355e-01
0.0304            	-1.4094723749e+00	2.4785726059e-01	-3.1480598482e+00	-2.9835022990e+00	-1.6455754920e-01
0.0306            	-1.4090162048e+00	2.4742762423e-01	-3.1485118732e+00	-2.9832721413e+00	-1.6523973183e-01
0.0308            	-1.4088718454e+00	2.4705436897e-01	-3.1494532769e+00	-2.9835984839e+00	-1.6585479303e-01
0.031             	-1.4087839533e+00	2.4666893263e-01	-3.1502280278e+00	-2.9838979672e+00	-1.6633006056e-01
0.0312            	-1.4087516179e+00	2.4624891251e-01	-3.1509613865e+00	-2.9842323112e+00	-1.6672907531e-01
0.0314            	-1.4090978824e+00	2.4606117286e-01	-3.1522872052e+00	-2.9852414851e+00	-1.6704572017e-01
0.0316            	-1.4094907074e+00	2.4590511001e-01	-3.1537105153e+00	-2.9863459650e+00	-1.6736455031e-01
0.0318            	-1.4097547187e+00	2.4569557091e-01	-3.1550322752e+00	-2.9872708563e+00	-1.6776141889e-01
0.032             	-1.4097233205e+00	2.4536067976e-01	-3.1559574175e+00	-2.9877020293e+00	-1.6825538828e-01
0.0322            	-1.4094738482e+00	2.4494728177e-01	-3.1566298003e+00	-2.9877887483e+00	-1.6884105196e-01
0.0324            	-1.4093611311e+00	2.4450189199e-01	-3.1575324933e+00	-2.9881273778e+00	-1.6940511553e-01
0.0326            	-1.4095392283e+00	2.4411841958e-01	-3.1588126116e+00	-2.9889455341e+00	-1.6986707754e-01
0.0328            	-1.4099356059e+00	2.4386043446e-01	-3.1603565168e+00	-2.9901138644e+00	-1.7024265248e-01
0.033             	-1.4100904670e+00	2.4350078403e-01	-3.1614184196e+00	-2.9907996768e+00	-1.7061874279e-01
0.0332            	-1.4101917884e+00	2.4324292548e-01	-3.1624647286e+00	-2.9914241527e+00	-1.7104057587e-01
0.0334            	-1.4099900263e+00	2.4283876561e-01	-3.1628266366e+00	-2.9914033446e+00	-1.7142329205e-01
0.0336            	-1.4100179813e+00	2.4254685084e-01	-3.1635396960e+00	-2.9917878293e+00	-1.7175186669e-01
0.0338            	-1.4109094935e+00	2.4255863983e-01	-3.1658310336e+00	-2.9938250103e+00	-1.7200602329e-01
0.034             	-1.4115100362e+00	2.4248366264e-01	-3.1676255187e+00	-2.9953227956e+00	-1.7230272315e-01
0.0342            	-1.4118586268e+00	2.4239578583e-01	-3.1691533770e+00	-2.9964353153e+00	-1.7271806164e-01
0.0344            	-1.4122019753e+00	2.4232324002e-01	-3.1705460337e+00	-2.9974749922e+00	-1.7307104153e-01
0.0346            	-1.4120676683e+00	2.4204545556e-01	-3.1711740329e+00	-2.9976546847e+00	-1.7351934820e-01
0.0348            	-1.4112031180e+00	2.4151735140e-01	-3.1705196595e+00	-2.9964629477e+00	-1.7405671177e-01
0.035             	-1.4106592394e+00	2.4111307288e-01	-3.1703679593e+00	-2.9958432190e+00	-1.7452474025e-01
0.0352            	-1.4103375785e+00	2.4069211578e-01	-3.1704589732e+00	-2.9955670651e+00	-1.7489190807e-01
0.0354            	-1.4103914391e+00	2.4033489329e-01	-3.1713019659e+00	-2.9960424220e+00	-1.7525954386e-01
0.0356            	-1.4104879871e+00	2.3996674242e-01	-3.1723294446e+00	-2.9966527094e+00	-1.7567673521e-01
0.0358            	-1.4109537197e+00	2.3975477834e-01	-3.1739191367e+00	-2.9979132881e+00	-1.7600584861e-01
0.036             	-1.4115503411e+00	2.3956351967e-01	-3.1756004141e+00	-2.9993505481e+00	-1.7624986601e-01
0.0362            	-1.4123233937e+00	2.3950969358e-01	-3.1776470846e+00	-3.0011469360e+00	-1.7650014859e-01
0.0364            	-1.4126978304e+00	2.3942681823e-01	-3.1790810273e+00	-3.0022383441e+00	-1.7684268323e-01
0.0366            	-1.4126764271e+00	2.3929280315e-01	-3.1798558728e+00	-3.0026043635e+00	-1.7725150931e-01
0.0368            	-1.4129176963e+00	2.3928044659e-01	-3.1810234145e+00	-3.0034294035e+00	-1.7759401101e-01
0.037             	-1.4130725973e+00	2.3924619330e-01	-3.1818850343e+00	-3.0040151144e+00	-1.7786991983e-01
0.0372            	-1.4128068121e+00	2.3906743793e-01	-3.1820806705e+00	-3.0038471474e+00	-1.7823352315e-01
0.0374            	-1.4125577126e+00	2.3883741076e-01	-3.1823815934e+00	-3.0037485092e+00	-1.7863308413e-01
0.0376            	-1.4124753547e+00	2.3864040556e-01	-3.1829983631e+00	-3.0039745363e+00	-1.7902382681e-01
0.0378            	-1.4125362738e+00	2.3843072783e-01	-3.1837820975e+00	-3.0044273226e+00	-1.7935477495e-01
0.038             	-1.4125009928e+00	2.3817293864e-01	-3.1842518418e+00	-3.0046269137e+00	-1.7962492810e-01
0.0382            	-1.4123003102e+00	2.3787063183e-01	-3.1844314482e+00	-3.0045160343e+00	-1.7991541390e-01
0.0384            	-1.4122065488e+00	2.3766721361e-01	-3.1847832555e+00	-3.0045981765e+00	-1.8018507895e-01
0.0386            	-1.4122635290e+00	2.3743886558e-01	-3.1853380711e+00	-3.0049325646e+00	-1.8040550652e-01
0.0388            	-1.4124265382e+00	2.3723322110e-01	-3.1861088323e+00	-3.0054809544e+00	-1.8062787791e-01
0.039             	-1.4128204321e+00	2.3718612582e-01	-3.1871659925e+00	-3.0064034283e+00	-1.8076256416e-01
0.0392            	-1.4130940621e+00	2.3708236196e-01	-3.1880762828e+00	-3.0071322034e+00	-1.8094407933e-01
0.0394            	-1.4130937323e+00	2.3688836304e-01	-3.1886316628e+00	-3.0074095637e+00	-1.8122209906e-01
0.0396            	-1.4131946976e+00	2.3669659886e-01	-3.1892799629e+00	-3.0078346790e+00	-1.8144528389e-01
0.0398            	-1.4134295328e+00	2.3655454767e-01	-3.1901124461e+00	-3.0084857559e+00	-1.8162669025e-01
0.04              	-1.4135195117e+00	2.3642542126e-01	-3.1906833555e+00	-3.0088611894e+00	-1.8182216610e-01
0.0402            	-1.4137768355e+00	2.3636202684e-01	-3.1916593262e+00	-3.0096064986e+00	-1.8205282756e-01
0.0404            	-1.4136516132e+00	2.3612936194e-01	-3.1920150691e+00	-3.0096591477e+00	-1.8235592131e-01
0.0406            	-1.4134044416e+00	2.3586642057e-01	-3.1921853782e+00	-3.0094971307e+00	-1.8268824753e-01
0.0408            	-1.4131688758e+00	2.3555898343e-01	-3.1923498811e+00	-3.0093438163e+00	-1.8300606480e-01
0.041             	-1.4132924614e+00	2.3536182782e-01	-3.1930138923e+00	-3.0097994075e+00	-1.8321448475e-01
0.0412            	-1.4139483188e+00	2.3531852620e-01	-3.1945897981e+00	-3.0112432178e+00	-1.8334658025e-01
0.0414            	-1.4151378816e+00	2.3550415031e-01	-3.1971651345e+00	-3.0137204489e+00	-1.8344468565e-01
0.0416            	-1.4160156588e+00	2.3557105161e-01	-3.1994055506e+00	-3.0157184341e+00	-1.8368711653e-01
0.0418            	-1.4163798487e+00	2.3547216454e-01	-3.2010200516e+00	-3.0168898745e+00	-1.8413017707e-01
0.042             	-1.4156025456e+00	2.3507500555e-01	-3.2005009202e+00	-3.0158530056e+00	-1.8464791453e-01
0.0422            	-1.4148555100e+00	2.3469056855e-01	-3.1999652900e+00	-3.0148381550e+00	-1.8512713505e-01
0.0424            	-1.4130003749e+00	2.3399098814e-01	-3.1973038405e+00	-3.0116522952e+00	-1.8565154532e-01
0.0426            	-1.4120868255e+00	2.3377644347e-01	-3.1961590041e+00	-3.0101663276e+00	-1.8599267652e-01
0.0428            	-1.4128367394e+00	2.3393152611e-01	-3.1976309241e+00	-3.0116522014e+00	-1.8597872266e-01
0.043             	-1.4151246505e+00	2.3455162862e-01	-3.2016055990e+00	-3.0159274500e+00	-1.8567814897e-01
0.0432            	-1.4179851489e+00	2.3535090554e-01	-3.2068890805e+00	-3.0214296892e+00	-1.8545939129e-01
0.0434            	-1.4188081986e+00	2.3556791011e-01	-3.2092077931e+00	-3.0234120951e+00	-1.8579569800e-01
0.0436            	-1.4181197243e+00	2.3535347747e-01	-3.2092188295e+00	-3.0227291391e+00	-1.8648969042e-01
0.0438            	-1.4164563243e+00	2.3476370207e-01	-3.2075663411e+00	-3.0202394948e+00	-1.8732684624e-01
0.044             	-1.4133020847e+00	2.3371013446e-01	-3.2029109840e+00	-3.0147575767e+00	-1.8815340730e-01
0.0442            	-1.4102219618e+00	2.3265413213e-01	-3.1981799302e+00	-3.0093119269e+00	-1.8886800336e-01
0.0444            	-1.4097759898e+00	2.3234811912e-01	-3.1973847182e+00	-3.0084683489e+00	-1.8891636932e-01
0.0446            	-1.4105017552e+00	2.3230989941e-01	-3.1982547862e+00	-3.0096291483e+00	-1.8862563788e-01
0.0448            	-1.4118588035e+00	2.3248387502e-01	-3.2002151040e+00	-3.0119663555e+00	-1.8824874847e-01
0.045             	-1.4129072694e+00	2.3257217918e-01	-3.2017649152e+00	-3.0137897270e+00	-1.8797518818e-01
0.0452            	-1.4144832557e+00	2.3286582260e-01	-3.2045475723e+00	-3.0167570418e+00	-1.8779053049e-01
0.0454            	-1.4176377002e+00	2.3377747731e-01	-3.2101224843e+00	-3.0226989424e+00	-1.8742354190e-01
0.0456            	-1.4194006132e+00	2.3424846948e-01	-3.2138094131e+00	-3.0263053198e+00	-1.8750409336e-01
0.0458            	-1.4195017349e+00	2.3428675219e-01	-3.2151199685e+00	-3.0270617191e+00	-1.8805824933e-01
0.046             	-1.4189097980e+00	2.3414692586e-01	-3.2151481998e+00	-3.0264838979e+00	-1.8866430196e-01
0.0462            	-1.4171855245e+00	2.3357728470e-01	-3.2130523348e+00	-3.0237116919e+00	-1.8934064292e-01
0.0464            	-1.4131831109e+00	2.3222437101e-01	-3.2068842193e+00	-3.0166252205e+00	-1.9025899880e-01
0.0466            	-1.4104535896e+00	2.3135453972e-01	-3.2025345684e+00	-3.0117208738e+00	-1.9081369455e-01
0.0468            	-1.4103553617e+00	2.3110785246e-01	-3.2020265178e+00	-3.0113686206e+00	-1.9065789718e-01
0.047             	-1.4111540262e+00	2.3107279103e-01	-3.2029925370e+00	-3.0126502948e+00	-1.9034224227e-01
0.0472            	-1.4118346019e+00	2.3110235439e-01	-3.2038101523e+00	-3.0137396780e+00	-1.9007047423e-01
0.0474            	-1.4134697381e+00	2.3145681169e-01	-3.2065211577e+00	-3.0167303170e+00	-1.8979084074e-01
0.0476            	-1.4155862806e+00	2.3186573242e-01	-3.2101536255e+00	-3.0206630934e+00	-1.8949053212e-01
0.0478            	-1.4176160993e+00	2.3238579929e-01	-3.2137665807e+00	-3.0244993897e+00	-1.8926719105e-01
0.048             	-1.4173703907e+00	2.3220436657e-01	-3.2139229172e+00	-3.0243318493e+00	-1.8959106785e-01
0.0482            	-1.4153210789e+00	2.3152067416e-01	-3.2112184762e+00	-3.0209303170e+00	-1.9028815917e-01
0.0484            	-1.4135567105e+00	2.3089279203e-01	-3.2088858580e+00	-3.0179996395e+00	-1.9088621851e-01
0.0486            	-1.4120552503e+00	2.3033986582e-01	-3.2067219995e+00	-3.0154162500e+00	-1.9130574943e-01
0.0488            	-1.4112495882e+00	2.2999464127e-01	-3.2054451933e+00	-3.0139721848e+00	-1.9147300844e-01
0.049             	-1.4113978751e+00	2.2989293888e-01	-3.2056562749e+00	-3.0142260125e+00	-1.9143026239e-01
0.0492            	-1.4122049687e+00	2.2994120553e-01	-3.2069049859e+00	-3.0156574617e+00	-1.9124752424e-01
0.0494            	-1.4134324409e+00	2.3009212574e-01	-3.2088532957e+00	-3.0178590888e+00	-1.9099420697e-01
0.0496            	-1.4145840487e+00	2.3023390029e-01	-3.2107802282e+00	-3.0199741628e+00	-1.9080606539e-01
0.0498            	-1.4158301208e+00	2.3051991288e-01	-3.2130148077e+00	-3.0223375246e+00	-1.9067728306e-01
0.05              	-1.4159448164e+00	2.3047784589e-01	-3.2134800819e+00	-3.0226848574e+00	-1.9079522448e-01
0.0502            	-1.4153968040e+00	2.3036661596e-01	-3.2130026732e+00	-3.0218981406e+00	-1.9110453264e-01
0.0504            	-1.4179781977e+00	2.3129166196e-01	-3.2178607926e+00	-3.0269085940e+00	-1.9095219859e-01
0.0506            	-1.4191055529e+00	2.3150697862e-01	-3.2202505572e+00	-3.0292308315e+00	-1.9101972574e-01
0.0508            	-1.4195123969e+00	2.3163826212e-01	-3.2217353063e+00	-3.0303800500e+00	-1.9135525626e-01
0.051             	-1.4184328469e+00	2.3128349688e-01	-3.2206262606e+00	-3.0287459771e+00	-1.9188028344e-01
0.0512            	-1.4164346941e+00	2.3069186902e-01	-3.2180119500e+00	-3.0254406691e+00	-1.9257128086e-01
0.0514            	-1.4144739588e+00	2.3006958901e-01	-3.2152884267e+00	-3.0221181721e+00	-1.9317025460e-01
0.0516            	-1.4133018273e+00	2.2956643566e-01	-3.2135402418e+00	-3.0200719482e+00	-1.9346829358e-01
0.0518            	-1.4134651820e+00	2.2948123489e-01	-3.2137891191e+00	-3.0203597416e+00	-1.9342937750e-01
0.052             	-1.4144703887e+00	2.2978554716e-01	-3.2155812919e+00	-3.0222610346e+00	-1.9332025722e-01
0.0522            	-1.4157954807e+00	2.3019625957e-01	-3.2181499745e+00	-3.0248704680e+00	-1.9327950655e-01
0.0524            	-1.4168815803e+00	2.3048152512e-01	-3.2205523178e+00	-3.0271577392e+00	-1.9339457864e-01
0.0526            	-1.4155321418e+00	2.3000021012e-01	-3.2186542137e+00	-3.0248592486e+00	-1.9379496510e-01
0.0528            	-1.4140951000e+00	2.2957530478e-01	-3.2164817273e+00	-3.0223359636e+00	-1.9414576368e-01
0.053             	-1.4113704059e+00	2.2873839592e-01	-3.2119100544e+00	-3.0173254331e+00	-1.9458462126e-01
0.0532            	-1.4116251079e+00	2.2894258254e-01	-3.2120887314e+00	-3.0176694736e+00	-1.9441925780e-01
0.0534            	-1.4129231347e+00	2.2924149818e-01	-3.2137509732e+00	-3.0197986213e+00	-1.9395235189e-01
0.0536            	-1.4133125128e+00	2.2917772744e-01	-3.2138245562e+00	-3.0202247910e+00	-1.9359976528e-01
0.0538            	-1.4133960431e+00	2.2911652375e-01	-3.2137981368e+00	-3.0202951115e+00	-1.9350302527e-01
0.054             	-1.4145951082e+00	2.2940947344e-01	-3.2158871644e+00	-3.0225386904e+00	-1.9334847398e-01
0.0542            	-1.4182051564e+00	2.3031279140e-01	-3.2224378399e+00	-3.0294240763e+00	-1.9301376356e-01
0.0544            	-1.4173455894e+00	2.2977069991e-01	-3.2213232252e+00	-3.0280072020e+00	-1.9331602315e-01
0.0546            	-1.4144382823e+00	2.2879908351e-01	-3.2167528798e+00	-3.0228147222e+00	-1.9393815756e-01
0.0548            	-1.4140619912e+00	2.2882619003e-01	-3.2158984985e+00	-3.0220112404e+00	-1.9388725808e-01
0.055             	-1.4146725790e+00	2.2901759263e-01	-3.2167121306e+00	-3.0230286443e+00	-1.9368348630e-01
0.0552            	-1.4158034805e+00	2.2936294787e-01	-3.2185664740e+00	-3.0250867175e+00	-1.9347975655e-01
0.0554            	-1.4202662476e+00	2.3079566252e-01	-3.2262420506e+00	-3.0333872729e+00	-1.9285477774e-01
0.0556            	-1.4224342636e+00	2.3115493079e-01	-3.2302249158e+00	-3.0375467215e+00	-1.9267819430e-01
0.0558            	-1.4217727015e+00	2.3070769600e-01	-3.2297951365e+00	-3.0366702698e+00	-1.9312486672e-01
0.056             	-1.4204692390e+00	2.3029340543e-01	-3.2285875008e+00	-3.0347629894e+00	-1.9382451139e-01
0.0562            	-1.4204313231e+00	2.3048550194e-01	-3.2292636075e+00	-3.0350631269e+00	-1.9420048064e-01
0.0564            	-1.4207495406e+00	2.3071193937e-01	-3.2304795198e+00	-3.0359893005e+00	-1.9449021936e-01
0.0566            	-1.4203309610e+00	2.3072699683e-01	-3.2303517131e+00	-3.0355068176e+00	-1.9484489551e-01
0.0568            	-1.4180661516e+00	2.3010052108e-01	-3.2269451438e+00	-3.0315387235e+00	-1.9540642030e-01
0.057             	-1.4163615563e+00	2.2973119265e-01	-3.2243747992e+00	-3.0285489558e+00	-1.9582584333e-01
0.0572            	-1.4178903996e+00	2.3026854591e-01	-3.2270814878e+00	-3.0314311435e+00	-1.9565034426e-01
0.0574            	-1.4197885650e+00	2.3061514393e-01	-3.2299021887e+00	-3.0347396593e+00	-1.9516252934e-01
0.0576            	-1.4192612864e+00	2.3031638753e-01	-3.2286785590e+00	-3.0336005659e+00	-1.9507799314e-01
0.0578            	-1.4179974122e+00	2.3008527829e-01	-3.2264655450e+00	-3.0312301847e+00	-1.9523536033e-01
0.058             	-1.4163626232e+00	2.2968363484e-01	-3.2233890339e+00	-3.0280571401e+00	-1.9533189377e-01
0.0582            	-1.4156159284e+00	2.2951364842e-01	-3.2216377056e+00	-3.0264347812e+00	-1.9520292443e-01
0.0584            	-1.4156913603e+00	2.2953798883e-01	-3.2213914231e+00	-3.0263870718e+00	-1.9500435127e-01
0.0586            	-1.4163055196e+00	2.2959274348e-01	-3.2221322907e+00	-3.0273716650e+00	-1.9476062575e-01
0.0588            	-1.4174996750e+00	2.2971345542e-01	-3.2239971715e+00	-3.0294982608e+00	-1.9449891075e-01
0.059             	-1.4188860564e+00	2.2981900383e-01	-3.2263075335e+00	-3.0320398231e+00	-1.9426771039e-01
0.0592            	-1.4205981289e+00	2.3006933764e-01	-3.2291296645e+00	-3.0351629612e+00	-1.9396670332e-01
0.0594            	-1.4214240692e+00	2.3019065299e-01	-3.2305427863e+00	-3.0366954624e+00	-1.9384732390e-01
0.0596            	-1.4223360838e+00	2.3051315304e-01	-3.2322132857e+00	-3.0384427266e+00	-1.9377055907e-01
0.0598            	-1.4234710045e+00	2.3099693355e-01	-3.2343104678e+00	-3.0406262384e+00	-1.9368422937e-01
0.06              	-1.4244487102e+00	2.3139809696e-01	-3.2360235758e+00	-3.0424604981e+00	-1.9356307772e-01
0.0602            	-1.4256502476e+00	2.3191928129e-01	-3.2380322012e+00	-3.0446663482e+00	-1.9336585298e-01
0.0604            	-1.4266051902e+00	2.3242580256e-01	-3.2395179856e+00	-3.0463641830e+00	-1.9315380263e-01
0.0606            	-1.4264301353e+00	2.3252142414e-01	-3.2393936229e+00	-3.0461269467e+00	-1.9326667614e-01
0.0608            	-1.4246346129e+00	2.3206544050e-01	-3.2366683887e+00	-3.0429688073e+00	-1.9369958140e-01
0.061             	-1.4238492963e+00	2.3184052896e-01	-3.2355455076e+00	-3.0416220502e+00	-1.9392345746e-01
0.0612            	-1.4248504361e+00	2.3195181358e-01	-3.2372551590e+00	-3.0434780156e+00	-1.9377714345e-01
0.0614            	-1.4311162352e+00	2.3375009420e-01	-3.2481331834e+00	-3.0551828270e+00	-1.9295035650e-01
0.0616            	-1.4332791164e+00	2.3421961111e-01	-3.2523843788e+00	-3.0594713058e+00	-1.9291307304e-01
0.0618            	-1.4338427559e+00	2.3452558350e-01	-3.2542408647e+00	-3.0609631882e+00	-1.9327767648e-01
0.062             	-1.4306251144e+00	2.3365907894e-01	-3.2498882825e+00	-3.0555692557e+00	-1.9431902680e-01
0.0622            	-1.4255774979e+00	2.3228416629e-01	-3.2421834281e+00	-3.0466692120e+00	-1.9551421613e-01
0.0624            	-1.4217718190e+00	2.3119661891e-01	-3.2360092313e+00	-3.0397764347e+00	-1.9623279665e-01
0.0626            	-1.4231084936e+00	2.3157753764e-01	-3.2379011741e+00	-3.0420590807e+00	-1.9584209343e-01
0.0628            	-1.4289952375e+00	2.3325372365e-01	-3.2473077805e+00	-3.0526491277e+00	-1.9465865272e-01
0.063             	-1.4314708949e+00	2.3386203507e-01	-3.2510971736e+00	-3.0570194817e+00	-1.9407769186e-01
0.0632            	-1.4322770543e+00	2.3418974428e-01	-3.2525708740e+00	-3.0585624912e+00	-1.9400838273e-01
0.0634            	-1.4317809819e+00	2.3418974990e-01	-3.2520448785e+00	-3.0578034211e+00	-1.9424145733e-01
0.0636            	-1.4320842806e+00	2.3444719734e-01	-3.2531715797e+00	-3.0586700704e+00	-1.9450150929e-01
0.0638            	-1.4321610758e+00	2.3449377276e-01	-3.2538656383e+00	-3.0590938950e+00	-1.9477174334e-01
0.064             	-1.4322531639e+00	2.3451825363e-01	-3.2544739758e+00	-3.0594901518e+00	-1.9498382405e-01
0.0642            	-1.4322593712e+00	2.3452651215e-01	-3.2548505461e+00	-3.0596846442e+00	-1.9516590181e-01
0.0644            	-1.4316189163e+00	2.3433950933e-01	-3.2540369825e+00	-3.0586374075e+00	-1.9539957501e-01
0.0646            	-1.4296975838e+00	2.3375883484e-01	-3.2507122432e+00	-3.0550537053e+00	-1.9565853783e-01
0.0648            	-1.4280676593e+00	2.3336929097e-01	-3.2476712892e+00	-3.0519033039e+00	-1.9576798527e-01
0.065             	-1.4298925580e+00	2.3388365563e-01	-3.2503436464e+00	-3.0550643812e+00	-1.9527926526e-01
0.0652            	-1.4359144411e+00	2.3566094129e-01	-3.2600734181e+00	-3.0659511501e+00	-1.9412226797e-01
0.0654            	-1.4379006931e+00	2.3605615801e-01	-3.2633907894e+00	-3.0695960878e+00	-1.9379470155e-01
0.0656            	-1.4391656386e+00	2.3658760355e-01	-3.2661008006e+00	-3.0722160389e+00	-1.9388476170e-01
0.0658            	-1.4396012319e+00	2.3693283308e-01	-3.2675923178e+00	-3.0733973908e+00	-1.9419492697e-01
0.066             	-1.4391356597e+00	2.3698953543e-01	-3.2676755915e+00	-3.0729734555e+00	-1.9470213602e-01
0.0662            	-1.4366283147e+00	2.3633270476e-01	-3.2640338559e+00	-3.0686452426e+00	-1.9538861324e-01
0.0664            	-1.4305301235e+00	2.3447060292e-01	-3.2539364364e+00	-3.0574983417e+00	-1.9643809467e-01
0.0666            	-1.4304815950e+00	2.3450134255e-01	-3.2537148446e+00	-3.0573390173e+00	-1.9637582735e-01
0.0668            	-1.4368220947e+00	2.3632501472e-01	-3.2637766231e+00	-3.0687104063e+00	-1.9506621681e-01
0.067             	-1.4390588094e+00	2.3659848296e-01	-3.2669301024e+00	-3.0725238606e+00	-1.9440624186e-01
0.0672            	-1.4397990863e+00	2.3676702217e-01	-3.2680198868e+00	-3.0738090297e+00	-1.9421085708e-01
0.0674            	-1.4402056885e+00	2.3705747846e-01	-3.2688682851e+00	-3.0746398311e+00	-1.9422845405e-01
0.0676            	-1.4403623041e+00	2.3720539876e-01	-3.2695566291e+00	-3.0751406186e+00	-1.9441601042e-01
0.0678            	-1.4402385729e+00	2.3724146029e-01	-3.2698100271e+00	-3.0751435864e+00	-1.9466644068e-01
0.068             	-1.4376637113e+00	2.3637348010e-01	-3.2655390401e+00	-3.0704332313e+00	-1.9510580876e-01
0.0682            	-1.4373643710e+00	2.3642170958e-01	-3.2649285698e+00	-3.0698286559e+00	-1.9509991396e-01
0.0684            	-1.4383412364e+00	2.3672660098e-01	-3.2660973053e+00	-3.0713898891e+00	-1.9470741624e-01
0.0686            	-1.4397605789e+00	2.3716570141e-01	-3.2679584514e+00	-3.0737398046e+00	-1.9421864683e-01
0.0688            	-1.4413496269e+00	2.3767436180e-01	-3.2704710829e+00	-3.0765851683e+00	-1.9388591456e-01
0.069             	-1.4441792989e+00	2.3853788226e-01	-3.2752976001e+00	-3.0818280990e+00	-1.9346950112e-01
0.0692            	-1.4482861279e+00	2.3977994356e-01	-3.2825466222e+00	-3.0895594390e+00	-1.9298718315e-01
0.0694            	-1.4485908779e+00	2.3980609799e-01	-3.2835034643e+00	-3.0903426101e+00	-1.9316085422e-01
0.0696            	-1.4453825276e+00	2.3890660318e-01	-3.2785530065e+00	-3.0846590308e+00	-1.9389397566e-01
0.0698            	-1.4442685982e+00	2.3888386231e-01	-3.2768631413e+00	-3.0827001688e+00	-1.9416297248e-01
0.07              	-1.4450483239e+00	2.3923117037e-01	-3.2780228024e+00	-3.0840597251e+00	-1.9396307734e-01
0.0702            	-1.4460708802e+00	2.3948962982e-01	-3.2794428809e+00	-3.0857923206e+00	-1.9365056023e-01
0.0704            	-1.4504626621e+00	2.4087030069e-01	-3.2868917042e+00	-3.0939085142e+00	-1.9298319000e-01
0.0706            	-1.4508338589e+00	2.4081813704e-01	-3.2878871396e+00	-3.0947774287e+00	-1.9310971091e-01
0.0708            	-1.4492420783e+00	2.4029401614e-01	-3.2858106539e+00	-3.0921474052e+00	-1.9366324866e-01
0.071             	-1.4465994266e+00	2.3940524800e-01	-3.2814729404e+00	-3.0873358968e+00	-1.9413704361e-01
0.0712            	-1.4475479036e+00	2.3966909514e-01	-3.2827395000e+00	-3.0889176536e+00	-1.9382184641e-01
0.0714            	-1.4497264680e+00	2.4027077937e-01	-3.2859706175e+00	-3.0927117767e+00	-1.9325884080e-01
0.0716            	-1.4510286971e+00	2.4060250473e-01	-3.2880487948e+00	-3.0950530946e+00	-1.9299570028e-01
0.0718            	-1.4519768603e+00	2.4083012450e-01	-3.2899090737e+00	-3.0969313972e+00	-1.9297767653e-01
0.072             	-1.4527060354e+00	2.4098382104e-01	-3.2913465816e+00	-3.0983793263e+00	-1.9296725537e-01
0.0722            	-1.4536705583e+00	2.4121434741e-01	-3.2932253517e+00	-3.1002832341e+00	-1.9294211756e-01
0.0724            	-1.4552571100e+00	2.4171171075e-01	-3.2960840962e+00	-3.1032991581e+00	-1.9278493813e-01
0.0726            	-1.4572690755e+00	2.4240742918e-01	-3.2997346110e+00	-3.1071363810e+00	-1.9259823003e-01
0.0728            	-1.4570547639e+00	2.4239254825e-01	-3.2996377320e+00	-3.1068736299e+00	-1.9276410212e-01
0.073             	-1.4561767526e+00	2.4235344531e-01	-3.2986353320e+00	-3.1054944186e+00	-1.9314091341e-01
0.0732            	-1.4561876894e+00	2.4251411064e-01	-3.2991092618e+00	-3.1057423203e+00	-1.9336694149e-01
0.0734            	-1.4572511312e+00	2.4288631694e-01	-3.3011436271e+00	-3.1078229448e+00	-1.9332068235e-01
0.0736            	-1.4578037991e+00	2.4301933446e-01	-3.3019992963e+00	-3.1088034473e+00	-1.9319584908e-01
0.0738            	-1.4581740231e+00	2.4325583459e-01	-3.3026671823e+00	-3.1095076142e+00	-1.9315956805e-01
0.074             	-1.4595890324e+00	2.4391655524e-01	-3.3050200476e+00	-3.1120990562e+00	-1.9292099140e-01
0.0742            	-1.4615299502e+00	2.4458573368e-01	-3.3082150421e+00	-3.1156374712e+00	-1.9257757087e-01
0.0744            	-1.4627033000e+00	2.4499355542e-01	-3.3099706076e+00	-3.1176886038e+00	-1.9228200374e-01
0.0746            	-1.4630180291e+00	2.4510839475e-01	-3.3107482538e+00	-3.1183921560e+00	-1.9235609780e-01
0.0748            	-1.4631894663e+00	2.4523825943e-01	-3.3112849170e+00	-3.1188319248e+00	-1.9245299217e-01
0.075             	-1.4641540766e+00	2.4556923666e-01	-3.3129654732e+00	-3.1206368132e+00	-1.9232865998e-01
0.0752            	-1.4655020004e+00	2.4603344109e-01	-3.3152746778e+00	-3.1231393393e+00	-1.9213533853e-01
0.0754            	-1.4663905828e+00	2.4635191565e-01	-3.3170412818e+00	-3.1249112237e+00	-1.9213005809e-01
0.0756            	-1.4664840095e+00	2.4645070819e-01	-3.3174712345e+00	-3.1252196267e+00	-1.9225160773e-01
0.0758            	-1.4665658256e+00	2.4653192934e-01	-3.3177382437e+00	-3.1254349475e+00	-1.9230329622e-01
0.076             	-1.4671824526e+00	2.4668949969e-01	-3.3189333860e+00	-3.1266491456e+00	-1.9228424045e-01
0.0762            	-1.4680578041e+00	2.4694955373e-01	-3.3204378054e+00	-3.1282767068e+00	-1.9216109862e-01
0.0764            	-1.4692612058e+00	2.4740029273e-01	-3.3224114098e+00	-3.1304669107e+00	-1.9194449912e-01
0.0766            	-1.4706056032e+00	2.4786129542e-01	-3.3247174700e+00	-3.1329643382e+00	-1.9175313187e-01
0.0768            	-1.4711011161e+00	2.4797056518e-01	-3.3257947137e+00	-3.1339984730e+00	-1.9179624076e-01
0.077             	-1.4716812800e+00	2.4818233411e-01	-3.3270501089e+00	-3.1352063345e+00	-1.9184377445e-01
0.0772            	-1.4726150012e+00	2.4850812366e-01	-3.3287929089e+00	-3.1370114557e+00	-1.9178145322e-01
0.0774            	-1.4738576801e+00	2.4890872905e-01	-3.3310294894e+00	-3.1393724248e+00	-1.9165706459e-01
0.0776            	-1.4749445711e+00	2.4925576872e-01	-3.3329064235e+00	-3.1413977828e+00	-1.9150864070e-01
0.0778            	-1.4751589399e+00	2.4941258377e-01	-3.3335997175e+00	-3.1419587987e+00	-1.9164091879e-01
0.078             	-1.4758017456e+00	2.4979252665e-01	-3.3349557334e+00	-3.1432796123e+00	-1.9167612113e-01
0.0782            	-1.4766879110e+00	2.5019149559e-01	-3.3364988873e+00	-3.1449373547e+00	-1.9156153263e-01
0.0784            	-1.4772311139e+00	2.5043822902e-01	-3.3374545340e+00	-3.1459583809e+00	-1.9149615307e-01
0.0786            	-1.4774478512e+00	2.5059841394e-01	-3.3380663651e+00	-3.1464810338e+00	-1.9158533136e-01
0.0788            	-1.4780558156e+00	2.5084376156e-01	-3.3393812473e+00	-3.1477464392e+00	-1.9163480811e-01
0.079             	-1.4789533174e+00	2.5099643578e-01	-3.3410815606e+00	-3.1494940977e+00	-1.9158746284e-01
0.0792            	-1.4800950646e+00	2.5126985052e-01	-3.3429148979e+00	-3.1515525136e+00	-1.9136238435e-01
0.0794            	-1.4815524403e+00	2.5170089368e-01	-3.3455276903e+00	-3.1543162855e+00	-1.9121140482e-01
0.0796            	-1.4826873022e+00	2.5201276540e-01	-3.3477440667e+00	-3.1565593355e+00	-1.9118473114e-01
0.0798            	-1.4835750400e+00	2.5229292278e-01	-3.3496984080e+00	-3.1584242440e+00	-1.9127416401e-01
0.08              	-1.4870161163e+00	2.5338549715e-01	-3.3559906761e+00	-3.1650114543e+00	-1.9097922174e-01
0.0802            	-1.4873353799e+00	2.5330041302e-01	-3.3569637228e+00	-3.1658172413e+00	-1.9114648152e-01
0.0804            	-1.4863260130e+00	2.5302971994e-01	-3.3558803309e+00	-3.1642661784e+00	-1.9161415243e-01
0.0806            	-1.4856598722e+00	2.5300791923e-01	-3.3553474655e+00	-3.1633336049e+00	-1.9201386060e-01
0.0808            	-1.4865765473e+00	2.5345184517e-01	-3.3572856841e+00	-3.1652193894e+00	-1.9206629472e-01
0.081             	-1.4877541233e+00	2.5392220849e-01	-3.3593100835e+00	-3.1674091651e+00	-1.9190091841e-01
0.0812            	-1.4881782177e+00	2.5419255746e-01	-3.3603591234e+00	-3.1683577794e+00	-1.9200134404e-01
0.0814            	-1.4882711594e+00	2.5437056072e-01	-3.3609827403e+00	-3.1687625295e+00	-1.9222021076e-01
0.0816            	-1.4886641579e+00	2.5457647161e-01	-3.3619696031e+00	-3.1696489594e+00	-1.9232064364e-01
0.0818            	-1.4892804785e+00	2.5474597661e-01	-3.3633805303e+00	-3.1709707437e+00	-1.9240978668e-01
0.082             	-1.4889405268e+00	2.5463823369e-01	-3.3630556357e+00	-3.1704683446e+00	-1.9258729106e-01
0.0822            	-1.4898272332e+00	2.5505094687e-01	-3.3647221399e+00	-3.1721883032e+00	-1.9253383672e-01
0.0824            	-1.4919987077e+00	2.5584290810e-01	-3.3683464808e+00	-3.1761719481e+00	-1.9217453272e-01
0.0826            	-1.4935036290e+00	2.5647708615e-01	-3.3709289952e+00	-3.1789681266e+00	-1.9196086867e-01
0.0828            	-1.4943738859e+00	2.5697050525e-01	-3.3725749259e+00	-3.1806613489e+00	-1.9191357708e-01
0.083             	-1.4953879444e+00	2.5743134044e-01	-3.3746367499e+00	-3.1827063193e+00	-1.9193043057e-01
0.0832            	-1.4951626473e+00	2.5739941408e-01	-3.3746103667e+00	-3.1824678306e+00	-1.9214253608e-01
0.0834            	-1.4952149557e+00	2.5746983380e-01	-3.3750482738e+00	-3.1827390926e+00	-1.9230918124e-01
0.0836            	-1.4956790413e+00	2.5757276342e-01	-3.3759544915e+00	-3.1836562870e+00	-1.9229820447e-01
0.0838            	-1.4967002418e+00	2.5794836691e-01	-3.3778443737e+00	-3.1856224287e+00	-1.9222194506e-01
0.084             	-1.4981472164e+00	2.5843607930e-01	-3.3803394688e+00	-3.1883169508e+00	-1.9202251801e-01
0.0842            	-1.4997881476e+00	2.5895341682e-01	-3.3830970801e+00	-3.1913366877e+00	-1.9176039244e-01
0.0844            	-1.5016129639e+00	2.5963616018e-01	-3.3860719811e+00	-3.1946489544e+00	-1.9142302668e-01
0.0846            	-1.5033499900e+00	2.6031386334e-01	-3.3890082076e+00	-3.1978540938e+00	-1.9115411384e-01
0.0848            	-1.5040614092e+00	2.6066124230e-01	-3.3904118622e+00	-3.1992673403e+00	-1.9114452193e-01
0.085             	-1.5050837588e+00	2.6118328940e-01	-3.3925038159e+00	-3.2013356668e+00	-1.9116814910e-01
0.0852            	-1.5063193936e+00	2.6171219341e-01	-3.3948056044e+00	-3.2037221958e+00	-1.9108340862e-01
0.0854            	-1.5074895252e+00	2.6221094580e-01	-3.3969186774e+00	-3.2059488639e+00	-1.9096981351e-01
0.0856            	-1.5083236464e+00	2.6261384950e-01	-3.3984368285e+00	-3.2075420606e+00	-1.9089476784e-01
0.0858            	-1.5093889784e+00	2.6322143925e-01	-3.4003216537e+00	-3.2095498052e+00	-1.9077184851e-01
0.086             	-1.5106520029e+00	2.6380199758e-01	-3.4024542413e+00	-3.2118791235e+00	-1.9057511779e-01
0.0862            	-1.5120096144e+00	2.6438076184e-01	-3.4048568744e+00	-3.2144380516e+00	-1.9041882284e-01
0.0864            	-1.5128703185e+00	2.6470000662e-01	-3.4063441734e+00	-3.2160424052e+00	-1.9030176820e-01
0.0866            	-1.5133315095e+00	2.6485932865e-01	-3.4073494619e+00	-3.2170062405e+00	-1.9034322146e-01
0.0868            	-1.5131395191e+00	2.6476557199e-01	-3.4074606163e+00	-3.2168698273e+00	-1.9059078905e-01
0.087             	-1.5132002362e+00	2.6478567521e-01	-3.4075681804e+00	-3.2169843264e+00	-1.9058385402e-01
0.0872            	-1.5147640897e+00	2.6531889718e-01	-3.4100902901e+00	-3.2198092348e+00	-1.9028105531e-01
0.0874            	-1.5166136496e+00	2.6590162381e-01	-3.4131996135e+00	-3.2232134563e+00	-1.8998615718e-01
0.0876            	-1.5183014140e+00	2.6655789780e-01	-3.4162291078e+00	-3.2264159679e+00	-1.8981313992e-01
0.0878            	-1.5191360393e+00	2.6705730116e-01	-3.4177993839e+00	-3.2280357313e+00	-1.8976365261e-01
0.088             	-1.5196614923e+00	2.6743069015e-01	-3.4189887506e+00	-3.2291558677e+00	-1.8983288298e-01
0.0882            	-1.5194259686e+00	2.6756304705e-01	-3.4188290355e+00	-3.2288404864e+00	-1.8998854913e-01
0.0884            	-1.5196388228e+00	2.6787727818e-01	-3.4194945062e+00	-3.2293860759e+00	-1.9010843033e-01
0.0886            	-1.5217618153e+00	2.6877538964e-01	-3.4233735540e+00	-3.2334485923e+00	-1.8992496169e-01
0.0888            	-1.5247346199e+00	2.6974039362e-01	-3.4285261132e+00	-3.2389976765e+00	-1.8952843670e-01
0.089             	-1.5266305218e+00	2.7030092333e-01	-3.4319954869e+00	-3.2426282652e+00	-1.8936722166e-01
0.0892            	-1.5267083558e+00	2.7027517007e-01	-3.4326347345e+00	-3.2430257231e+00	-1.8960901145e-01
0.0894            	-1.5256202318e+00	2.7004470717e-01	-3.4313767173e+00	-3.2413085904e+00	-1.9006812682e-01
0.0896            	-1.5257025277e+00	2.7027033251e-01	-3.4321841491e+00	-3.2417946022e+00	-1.9038954688e-01
0.0898            	-1.5296397096e+00	2.7169143600e-01	-3.4393277613e+00	-3.2493035902e+00	-1.9002417103e-01
0.09              	-1.5331792981e+00	2.7277453448e-01	-3.4461529340e+00	-3.2562557652e+00	-1.8989716888e-01
0.0902            	-1.5335965015e+00	2.7299905740e-01	-3.4477502251e+00	-3.2574716140e+00	-1.9027861109e-01
0.0904            	-1.5315459089e+00	2.7258594470e-01	-3.4452855902e+00	-3.2541887040e+00	-1.9109688620e-01
0.0906            	-1.5268724894e+00	2.7134956305e-01	-3.4385027504e+00	-3.2461238646e+00	-1.9237888574e-01
0.0908            	-1.5278786477e+00	2.7199665129e-01	-3.4403228277e+00	-3.2480400616e+00	-1.9228276613e-01
0.091             	-1.5315877818e+00	2.7324824081e-01	-3.4459967142e+00	-3.2545861389e+00	-1.9141057530e-01
0.0912            	-1.5353156739e+00	2.7452530533e-01	-3.4517067569e+00	-3.2611690523e+00	-1.9053770456e-01
0.0914            	-1.5370812893e+00	2.7531374627e-01	-3.4545874907e+00	-3.2643750347e+00	-1.9021245603e-01
0.0916            	-1.5364521887e+00	2.7537520242e-01	-3.4538067872e+00	-3.2633555823e+00	-1.9045120489e-01
0.0918            	-1.5357457736e+00	2.7541737458e-01	-3.4529651625e+00	-3.2622283548e+00	-1.9073680769e-01
0.092             	-1.5350309258e+00	2.7517920247e-01	-3.4519231348e+00	-3.2609924932e+00	-1.9093064157e-01
0.0922            	-1.5344694505e+00	2.7491092908e-01	-3.4511097076e+00	-3.2600243043e+00	-1.9108540333e-01
0.0924            	-1.5342697013e+00	2.7471567620e-01	-3.4507375096e+00	-3.2596384561e+00	-1.9109905346e-01
0.0926            	-1.5347525477e+00	2.7485112954e-01	-3.4513900745e+00	-3.2604475849e+00	-1.9094248956e-01
0.0928            	-1.5359152447e+00	2.7513412292e-01	-3.4531365495e+00	-3.2624835194e+00	-1.9065303009e-01
0.093             	-1.5369149822e+00	2.7548637541e-01	-3.4546451344e+00	-3.2642375494e+00	-1.9040758502e-01
0.0932            	-1.5384969959e+00	2.7603365376e-01	-3.4572610558e+00	-3.2671275238e+00	-1.9013353199e-01
0.0934            	-1.5404198233e+00	2.7668462171e-01	-3.4608670760e+00	-3.2708533613e+00	-1.9001371465e-01
0.0936            	-1.5434660204e+00	2.7766510807e-01	-3.4663818513e+00	-3.2766569461e+00	-1.8972490518e-01
0.0938            	-1.5467103089e+00	2.7866995691e-01	-3.4724862469e+00	-3.2829534323e+00	-1.8953281455e-01
0.094             	-1.5502504493e+00	2.7992184977e-01	-3.4791276305e+00	-3.2898142646e+00	-1.8931336591e-01
0.0942            	-1.5519548412e+00	2.8060503650e-01	-3.4829085053e+00	-3.2934090938e+00	-1.8949941145e-01
0.0944            	-1.5503541602e+00	2.8031306278e-01	-3.4814380571e+00	-3.2910731888e+00	-1.9036486833e-01
0.0946            	-1.5478373265e+00	2.7978269573e-01	-3.4785139699e+00	-3.2870943115e+00	-1.9141965844e-01
0.0948            	-1.5463701842e+00	2.7939174303e-01	-3.4766978390e+00	-3.2847191037e+00	-1.9197873534e-01
0.095             	-1.5461183026e+00	2.7935517633e-01	-3.4761057387e+00	-3.2841711719e+00	-1.9193456674e-01
0.0952            	-1.5466706225e+00	2.7958647785e-01	-3.4768491896e+00	-3.2850952173e+00	-1.9175397231e-01
0.0954            	-1.5487332343e+00	2.8039887416e-01	-3.4799469195e+00	-3.2887066940e+00	-1.9124022549e-01
0.0956            	-1.5521053665e+00	2.8162444909e-01	-3.4850912731e+00	-3.2946510030e+00	-1.9044027012e-01
0.0958            	-1.5562323456e+00	2.8313261381e-01	-3.4918036200e+00	-3.3021341556e+00	-1.8966946438e-01
0.096             	-1.5596632238e+00	2.8428400140e-01	-3.4974869168e+00	-3.3084066822e+00	-1.8908023461e-01
0.0962            	-1.5606330249e+00	2.8470365651e-01	-3.4997864076e+00	-3.3105262286e+00	-1.8926017891e-01
0.0964            	-1.5594632408e+00	2.8446674147e-01	-3.4984398792e+00	-3.3086831804e+00	-1.8975669874e-01
0.0966            	-1.5586707887e+00	2.8443799663e-01	-3.4977961483e+00	-3.3075688628e+00	-1.9022728548e-01
0.0968            	-1.5581503518e+00	2.8438055060e-01	-3.4971345417e+00	-3.3067176227e+00	-1.9041691906e-01
0.097             	-1.5581507505e+00	2.8451810116e-01	-3.4972134679e+00	-3.3067574845e+00	-1.9045598339e-01
0.0972            	-1.5574165520e+00	2.8435608505e-01	-3.4962264583e+00	-3.3055297812e+00	-1.9069667711e-01
0.0974            	-1.5579061914e+00	2.8441957027e-01	-3.4972400365e+00	-3.3065262096e+00	-1.9071382691e-01
0.0976            	-1.5597791627e+00	2.8469319086e-01	-3.5003330338e+00	-3.3099456796e+00	-1.9038735420e-01
0.0978            	-1.5658492394e+00	2.8632833790e-01	-3.5107083325e+00	-3.3212034056e+00	-1.8950492688e-01
0.098             	-1.5669085334e+00	2.8616258595e-01	-3.5128297979e+00	-3.3233234324e+00	-1.8950636553e-01
0.0982            	-1.5683117730e+00	2.8660364939e-01	-3.5157766130e+00	-3.3262000795e+00	-1.8957653353e-01
0.0984            	-1.5710653131e+00	2.8793717211e-01	-3.5211460657e+00	-3.3316383460e+00	-1.8950771973e-01
0.0986            	-1.5730615283e+00	2.8907649502e-01	-3.5256053299e+00	-3.3358641932e+00	-1.8974113665e-01
0.0988            	-1.5701977212e+00	2.8866163545e-01	-3.5221773637e+00	-3.3312864031e+00	-1.9089096063e-01
0.099             	-1.5664089040e+00	2.8806322321e-01	-3.5168316736e+00	-3.3248247409e+00	-1.9200693279e-01
0.0992            	-1.5662793296e+00	2.8853598603e-01	-3.5168798718e+00	-3.3247192655e+00	-1.9216060627e-01
0.0994            	-1.5678586026e+00	2.8940849241e-01	-3.5193370613e+00	-3.3275271333e+00	-1.9180992806e-01
0.0996            	-1.5702011900e+00	2.9038805024e-01	-3.5228840457e+00	-3.3316432128e+00	-1.9124083288e-01
0.0998            	-1.5731490973e+00	2.9137880054e-01	-3.5274937767e+00	-3.3368959857e+00	-1.9059779103e-01
0.1               	-1.5735261599e+00	2.9134240281e-01	-3.5279677087e+00	-3.3375100143e+00	-1.9045769449e-01
0.1002            	-1.5714230884e+00	2.9062920138e-01	-3.5245216373e+00	-3.3336839070e+00	-1.9083773029e-01
0.1004            	-1.5696881213e+00	2.9009967128e-01	-3.5216765117e+00	-3.3305263772e+00	-1.9115013455e-01
0.1006            	-1.5699810095e+00	2.9005055465e-01	-3.5216129341e+00	-3.3307874765e+00	-1.9082545754e-01
0.1008            	-1.5716319813e+00	2.9051256841e-01	-3.5238639500e+00	-3.3335639563e+00	-1.9029999373e-01
0.101             	-1.5745758125e+00	2.9137861093e-01	-3.5281893590e+00	-3.3386704920e+00	-1.8951886702e-01
0.1012            	-1.5776829041e+00	2.9246290320e-01	-3.5331871764e+00	-3.3442764923e+00	-1.8891068408e-01
0.1014            	-1.5800248614e+00	2.9339128136e-01	-3.5371587125e+00	-3.3486042176e+00	-1.8855449489e-01
0.1016            	-1.5829802843e+00	2.9460020653e-01	-3.5423828250e+00	-3.3541716968e+00	-1.8821112819e-01
0.1018            	-1.5857603990e+00	2.9569096372e-01	-3.5475176407e+00	-3.3595192193e+00	-1.8799842133e-01
0.102             	-1.5877076287e+00	2.9645284094e-01	-3.5518192827e+00	-3.3636172700e+00	-1.8820201269e-01
0.1022            	-1.5863150674e+00	2.9601666937e-01	-3.5507138017e+00	-3.3616719682e+00	-1.8904183343e-01
0.1024            	-1.5838777039e+00	2.9543474208e-01	-3.5476538424e+00	-3.3577046251e+00	-1.8994921733e-01
0.1026            	-1.5825488187e+00	2.9530210927e-01	-3.5460457630e+00	-3.3555717001e+00	-1.9047406282e-01
0.1028            	-1.5821514368e+00	2.9547741150e-01	-3.5455360004e+00	-3.3549194370e+00	-1.9061656339e-01
0.103             	-1.5829727254e+00	2.9595071278e-01	-3.5469382027e+00	-3.3564418267e+00	-1.9049637596e-01
0.1032            	-1.5845870585e+00	2.9663755323e-01	-3.5493343242e+00	-3.3592542206e+00	-1.9008010358e-01
0.1034            	-1.5875596880e+00	2.9785879295e-01	-3.5540948642e+00	-3.3646071201e+00	-1.8948774406e-01
0.1036            	-1.5907196176e+00	2.9891601458e-01	-3.5593013131e+00	-3.3703702741e+00	-1.8893103900e-01
0.1038            	-1.5921413148e+00	2.9931203256e-01	-3.5615418630e+00	-3.3729122464e+00	-1.8862961669e-01
0.104             	-1.5920942009e+00	2.9950199558e-01	-3.5617364878e+00	-3.3729624448e+00	-1.8877404300e-01
0.1042            	-1.5916384230e+00	2.9963447130e-01	-3.5613599028e+00	-3.3723183744e+00	-1.8904152837e-01
0.1044            	-1.5914991113e+00	2.9983896317e-01	-3.5614722784e+00	-3.3722352505e+00	-1.8923702787e-01
0.1046            	-1.5928994225e+00	3.0045422431e-01	-3.5639337160e+00	-3.3748662805e+00	-1.8906743554e-01
0.1048            	-1.5951237655e+00	3.0131261204e-01	-3.5676215046e+00	-3.3789345178e+00	-1.8868698680e-01
0.105             	-1.5969535571e+00	3.0203351443e-01	-3.5707707187e+00	-3.3823389164e+00	-1.8843180227e-01
0.1052            	-1.5980212093e+00	3.0259641703e-01	-3.5727832183e+00	-3.3844128184e+00	-1.8837039986e-01
0.1054            	-1.5982501373e+00	3.0277756647e-01	-3.5734700667e+00	-3.3849851706e+00	-1.8848489602e-01
0.1056            	-1.5978965922e+00	3.0286293009e-01	-3.5730912315e+00	-3.3844422080e+00	-1.8864902353e-01
0.1058            	-1.5981314996e+00	3.0311168207e-01	-3.5738366391e+00	-3.3850498192e+00	-1.8878681992e-01
0.106             	-1.5989673966e+00	3.0348382897e-01	-3.5751947656e+00	-3.3865647794e+00	-1.8862998621e-01
0.1062            	-1.5995967927e+00	3.0382257577e-01	-3.5762852056e+00	-3.3877393955e+00	-1.8854581013e-01
0.1064            	-1.6007382386e+00	3.0451182891e-01	-3.5783998333e+00	-3.3899381552e+00	-1.8846167806e-01
0.1066            	-1.6018119770e+00	3.0499672681e-01	-3.5805032571e+00	-3.3920636055e+00	-1.8843965158e-01
0.1068            	-1.6033916615e+00	3.0565923704e-01	-3.5832548166e+00	-3.3950190698e+00	-1.8823574685e-01
0.107             	-1.6045596336e+00	3.0609572005e-01	-3.5855199903e+00	-3.3973196287e+00	-1.8820036154e-01
0.1072            	-1.6039213007e+00	3.0595644101e-01	-3.5847774440e+00	-3.3963100227e+00	-1.8846742126e-01
0.1074            	-1.6028999576e+00	3.0590682043e-01	-3.5833852474e+00	-3.3945925813e+00	-1.8879266612e-01
0.1076            	-1.6021834221e+00	3.0581585539e-01	-3.5823818017e+00	-3.3933743229e+00	-1.8900747879e-01
0.1078            	-1.6020746271e+00	3.0589944701e-01	-3.5821321366e+00	-3.3931406954e+00	-1.8899144115e-01
0.108             	-1.6028264989e+00	3.0621258995e-01	-3.5832191890e+00	-3.3944360934e+00	-1.8878309554e-01
0.1082            	-1.6036244961e+00	3.0648874280e-01	-3.5845621654e+00	-3.3959055788e+00	-1.8865658657e-01
0.1084            	-1.6041598079e+00	3.0678452681e-01	-3.5853252560e+00	-3.3968224360e+00	-1.8850282008e-01
0.1086            	-1.6053038203e+00	3.0733120012e-01	-3.5871542928e+00	-3.3988809667e+00	-1.8827332608e-01
0.1088            	-1.6068196008e+00	3.0797010089e-01	-3.5898363969e+00	-3.4017377993e+00	-1.8809859763e-01
0.109             	-1.6087339223e+00	3.0868205210e-01	-3.5931705560e+00	-3.4053192002e+00	-1.8785135573e-01
0.1092            	-1.6107433224e+00	3.0962269996e-01	-3.5967207542e+00	-3.4091036995e+00	-1.8761705473e-01
0.1094            	-1.6121094367e+00	3.1027147816e-01	-3.5995253379e+00	-3.4118721056e+00	-1.8765323231e-01
0.1096            	-1.6123287343e+00	3.1061880876e-01	-3.6005640225e+00	-3.4126107455e+00	-1.8795327696e-01
0.1098            	-1.6117942359e+00	3.1074568192e-01	-3.6002895392e+00	-3.4119390055e+00	-1.8835053369e-01
0.11              	-1.6110241621e+00	3.1081261317e-01	-3.5992654283e+00	-3.4106568762e+00	-1.8860855209e-01
0.1102            	-1.6115508921e+00	3.1146038361e-01	-3.6003425321e+00	-3.4117221581e+00	-1.8862037393e-01
0.1104            	-1.6132140631e+00	3.1228281501e-01	-3.6029005840e+00	-3.4146643552e+00	-1.8823622889e-01
0.1106            	-1.6149920929e+00	3.1320007399e-01	-3.6057021495e+00	-3.4178431677e+00	-1.8785898182e-01
0.1108            	-1.6171920936e+00	3.1434653020e-01	-3.6091407192e+00	-3.4217624532e+00	-1.8737826603e-01
0.111             	-1.6181960706e+00	3.1489688444e-01	-3.6111385690e+00	-3.4237653551e+00	-1.8737321396e-01
0.1112            	-1.6184394947e+00	3.1532209115e-01	-3.6116432586e+00	-3.4242611240e+00	-1.8738213466e-01
0.1114            	-1.6172035277e+00	3.1495649502e-01	-3.6098409295e+00	-3.4221239925e+00	-1.8771693698e-01
0.1116            	-1.6159673177e+00	3.1486080936e-01	-3.6078408087e+00	-3.4198877221e+00	-1.8795308664e-01
0.1118            	-1.6152746695e+00	3.1477544890e-01	-3.6067555852e+00	-3.4186524621e+00	-1.8810312315e-01
0.112             	-1.6165577018e+00	3.1519142950e-01	-3.6083678031e+00	-3.4207416034e+00	-1.8762619974e-01
0.1122            	-1.6190622624e+00	3.1614800711e-01	-3.6122898394e+00	-3.4252071821e+00	-1.8708265734e-01
0.1124            	-1.6224141633e+00	3.1720326865e-01	-3.6174573593e+00	-3.4311428429e+00	-1.8631451640e-01
0.1126            	-1.6230605402e+00	3.1752739606e-01	-3.6184002856e+00	-3.4322606830e+00	-1.8613960266e-01
0.1128            	-1.6229090888e+00	3.1789912267e-01	-3.6183362892e+00	-3.4320772334e+00	-1.8625905576e-01
0.113             	-1.6226573575e+00	3.1828768797e-01	-3.6181947772e+00	-3.4317547461e+00	-1.8644003104e-01
0.1132            	-1.6224189586e+00	3.1898636862e-01	-3.6180005872e+00	-3.4314192522e+00	-1.8658133494e-01
0.1134            	-1.6219298452e+00	3.1910382486e-01	-3.6174754096e+00	-3.4306675500e+00	-1.8680785961e-01
0.1136            	-1.6222347044e+00	3.1939644342e-01	-3.6176255618e+00	-3.4310474853e+00	-1.8657807650e-01
0.1138            	-1.6233095955e+00	3.2007203833e-01	-3.6189710400e+00	-3.4327951155e+00	-1.8617592444e-01
0.114             	-1.6253133611e+00	3.2118067366e-01	-3.6212864275e+00	-3.4359565748e+00	-1.8532985266e-01
0.1142            	-1.6262963825e+00	3.2164048635e-01	-3.6230987090e+00	-3.4378457370e+00	-1.8525297202e-01
0.1144            	-1.6265319940e+00	3.2162280164e-01	-3.6244128002e+00	-3.4387383942e+00	-1.8567440608e-01
0.1146            	-1.6274654689e+00	3.2191569140e-01	-3.6265497535e+00	-3.4407403456e+00	-1.8580940791e-01
0.1148            	-1.6290157324e+00	3.2259650565e-01	-3.6290954538e+00	-3.4435634593e+00	-1.8553199447e-01
0.115             	-1.6295433765e+00	3.2306369752e-01	-3.6302767484e+00	-3.4446817507e+00	-1.8559499774e-01
0.1152            	-1.6280037063e+00	3.2287365847e-01	-3.6278664120e+00	-3.4419369123e+00	-1.8592949968e-01
0.1154            	-1.6270179891e+00	3.2291963174e-01	-3.6257674102e+00	-3.4399016942e+00	-1.8586571599e-01
0.1156            	-1.6273754156e+00	3.2346297107e-01	-3.6262686056e+00	-3.4405097184e+00	-1.8575888719e-01
0.1158            	-1.6273854743e+00	3.2368951434e-01	-3.6257935525e+00	-3.4402822505e+00	-1.8551130193e-01
0.116             	-1.6278733610e+00	3.2425439913e-01	-3.6262514816e+00	-3.4409991018e+00	-1.8525237979e-01
0.1162            	-1.6277649442e+00	3.2464650887e-01	-3.6255624988e+00	-3.4405461936e+00	-1.8501630524e-01
0.1164            	-1.6284924846e+00	3.2511698358e-01	-3.6262838273e+00	-3.4416343983e+00	-1.8464942908e-01
0.1166            	-1.6310689003e+00	3.2618119653e-01	-3.6300325993e+00	-3.4460852000e+00	-1.8394739937e-01
0.1168            	-1.6339816751e+00	3.2729729327e-01	-3.6345609751e+00	-3.4512621627e+00	-1.8329881247e-01
0.117             	-1.6338781025e+00	3.2728228840e-01	-3.6343851094e+00	-3.4510706572e+00	-1.8331445214e-01
0.1172            	-1.6315974508e+00	3.2694822494e-01	-3.6307652070e+00	-3.4469800543e+00	-1.8378515271e-01
0.1174            	-1.6316813729e+00	3.2725860309e-01	-3.6310953139e+00	-3.4472290299e+00	-1.8386628407e-01
0.1176            	-1.6323842527e+00	3.2782153722e-01	-3.6322685696e+00	-3.4485185375e+00	-1.8375003208e-01
0.1178            	-1.6339809157e+00	3.2831367087e-01	-3.6350274131e+00	-3.4514946223e+00	-1.8353279084e-01
0.118             	-1.6351216641e+00	3.2906927616e-01	-3.6372848147e+00	-3.4537640715e+00	-1.8352074327e-01
0.1182            	-1.6332449809e+00	3.2875437286e-01	-3.6340278650e+00	-3.4502589134e+00	-1.8376895164e-01
0.1184            	-1.6302412800e+00	3.2852781040e-01	-3.6291665471e+00	-3.4448245535e+00	-1.8434199354e-01
0.1186            	-1.6279887305e+00	3.2857408181e-01	-3.6253790074e+00	-3.4406782342e+00	-1.8470077322e-01
0.1188            	-1.6268638245e+00	3.2873200525e-01	-3.6230895240e+00	-3.4384085865e+00	-1.8468093750e-01
0.119             	-1.6288565555e+00	3.2946785983e-01	-3.6257667895e+00	-3.4417399503e+00	-1.8402683919e-01
0.1192            	-1.6319842412e+00	3.3050022643e-01	-3.6306824417e+00	-3.4473254621e+00	-1.8335697959e-01
0.1194            	-1.6340509246e+00	3.3103692565e-01	-3.6335275819e+00	-3.4508147156e+00	-1.8271286637e-01
0.1196            	-1.6343520508e+00	3.3125183894e-01	-3.6340314218e+00	-3.4513677617e+00	-1.8266366009e-01
0.1198            	-1.6330296450e+00	3.3116405972e-01	-3.6320501267e+00	-3.4490547083e+00	-1.8299541838e-01
0.12              	-1.6310732811e+00	3.3092432801e-01	-3.6288274333e+00	-3.4454869978e+00	-1.8334043558e-01
0.1202            	-1.6302978005e+00	3.3115431221e-01	-3.6273754753e+00	-3.4439855381e+00	-1.8338993713e-01
0.1204            	-1.6312312777e+00	3.3194434557e-01	-3.6282247251e+00	-3.4453436402e+00	-1.8288108485e-01
0.1206            	-1.6330561803e+00	3.3300991756e-01	-3.6309663436e+00	-3.4485393521e+00	-1.8242699156e-01
0.1208            	-1.6356800800e+00	3.3373374904e-01	-3.6348043837e+00	-3.4530822719e+00	-1.8172211180e-01
0.121             	-1.6344897205e+00	3.3342295351e-01	-3.6326679388e+00	-3.4508236899e+00	-1.8184424885e-01
0.1212            	-1.6299863771e+00	3.3238625980e-01	-3.6255069147e+00	-3.4427398344e+00	-1.8276708031e-01
0.1214            	-1.6262908427e+00	3.3188427776e-01	-3.6189838139e+00	-3.4357827497e+00	-1.8320106426e-01
0.1216            	-1.6255447410e+00	3.3192415162e-01	-3.6172413111e+00	-3.4341653966e+00	-1.8307591453e-01
0.1218            	-1.6283989679e+00	3.3307626190e-01	-3.6207182057e+00	-3.4387580708e+00	-1.8196013492e-01
0.122             	-1.6309905354e+00	3.3405347109e-01	-3.6238624685e+00	-3.4429217696e+00	-1.8094069890e-01
0.1222            	-1.6323412270e+00	3.3479517775e-01	-3.6253221062e+00	-3.4450022801e+00	-1.8031982615e-01
0.1224            	-1.6335097427e+00	3.3574161851e-01	-3.6268066697e+00	-3.4469130775e+00	-1.7989359213e-01
0.1226            	-1.6344201571e+00	3.3627568719e-01	-3.6278999797e+00	-3.4483701470e+00	-1.7952983272e-01
0.1228            	-1.6344989965e+00	3.3656846070e-01	-3.6280091781e+00	-3.4485035855e+00	-1.7950559254e-01
0.123             	-1.6346558568e+00	3.3684134132e-01	-3.6286189400e+00	-3.4489653268e+00	-1.7965361325e-01
0.1232            	-1.6337594488e+00	3.3690144083e-01	-3.6270974077e+00	-3.4473081526e+00	-1.7978925503e-01
0.1234            	-1.6312790688e+00	3.3664078856e-01	-3.6233217677e+00	-3.4429399527e+00	-1.8038181501e-01
0.1236            	-1.6292185592e+00	3.3664231319e-01	-3.6197368631e+00	-3.4390869907e+00	-1.8064987236e-01
0.1238            	-1.6281228925e+00	3.3694238407e-01	-3.6173984476e+00	-3.4368221164e+00	-1.8057633127e-01
0.124             	-1.6276856578e+00	3.3752924903e-01	-3.6159107294e+00	-3.4356410225e+00	-1.8026970690e-01
0.1242            	-1.6288138987e+00	3.3853258774e-01	-3.6169221965e+00	-3.4372749969e+00	-1.7964719957e-01
0.1244            	-1.6297876114e+00	3.3909550763e-01	-3.6177474682e+00	-3.4386613455e+00	-1.7908612271e-01
0.1246            	-1.6287545519e+00	3.3896562634e-01	-3.6153744578e+00	-3.4364417808e+00	-1.7893267699e-01
0.1248            	-1.6265802176e+00	3.3876238286e-01	-3.6110973974e+00	-3.4321289162e+00	-1.7896848114e-01
0.125             	-1.6250241151e+00	3.3888316916e-01	-3.6075044997e+00	-3.4287763649e+00	-1.7872813480e-01
0.1252            	-1.6244735688e+00	3.3925585129e-01	-3.6053688877e+00	-3.4271580127e+00	-1.7821087504e-01
0.1254            	-1.6254942637e+00	3.4007010391e-01	-3.6060284061e+00	-3.4285084668e+00	-1.7751993932e-01
0.1256            	-1.6269217880e+00	3.4107647240e-01	-3.6072392440e+00	-3.4305414100e+00	-1.7669783400e-01
0.1258            	-1.6302818308e+00	3.4255452109e-01	-3.6116264323e+00	-3.4360950470e+00	-1.7553138533e-01
0.126             	-1.6327373116e+00	3.4365076224e-01	-3.6150187866e+00	-3.4402467048e+00	-1.7477208174e-01
0.1262            	-1.6316297091e+00	3.4351815065e-01	-3.6128271813e+00	-3.4380432997e+00	-1.7478388155e-01
0.1264            	-1.6285929027e+00	3.4306908422e-01	-3.6075795600e+00	-3.4323826827e+00	-1.7519687733e-01
0.1266            	-1.6240948475e+00	3.4240342642e-01	-3.6004478928e+00	-3.4243187939e+00	-1.7612909887e-01
0.1268            	-1.6222219836e+00	3.4243924236e-01	-3.5970035913e+00	-3.4207237792e+00	-1.7627981206e-01
0.127             	-1.6235120452e+00	3.4309420947e-01	-3.5979355423e+00	-3.4224798163e+00	-1.7545572601e-01
0.1272            	-1.6256792550e+00	3.4407283555e-01	-3.6002056682e+00	-3.4257820890e+00	-1.7442357914e-01
0.1274            	-1.6261514087e+00	3.4482131423e-01	-3.5995949641e+00	-3.4259488907e+00	-1.7364607337e-01
0.1276            	-1.6268935824e+00	3.4595927363e-01	-3.5998657981e+00	-3.4268264815e+00	-1.7303931667e-01
0.1278            	-1.6263902524e+00	3.4613173172e-01	-3.5989550056e+00	-3.4258677552e+00	-1.7308725041e-01
0.128             	-1.6253610795e+00	3.4605966882e-01	-3.5967986540e+00	-3.4237604065e+00	-1.7303824748e-01
0.1282            	-1.6247478259e+00	3.4652885410e-01	-3.5949407479e+00	-3.4222181999e+00	-1.7272254802e-01
0.1284            	-1.6259483284e+00	3.4785751799e-01	-3.5960753609e+00	-3.4239860089e+00	-1.7208935203e-01
0.1286            	-1.6259532676e+00	3.4852935100e-01	-3.5945977676e+00	-3.4232521514e+00	-1.7134561617e-01
0.1288            	-1.6250586266e+00	3.4875511498e-01	-3.5928427311e+00	-3.4214799922e+00	-1.7136273897e-01
0.129             	-1.6245713853e+00	3.4938188660e-01	-3.5912791264e+00	-3.4202109485e+00	-1.7106817788e-01
0.1292            	-1.6226365579e+00	3.4941434492e-01	-3.5874376289e+00	-3.4163553723e+00	-1.7108225657e-01
0.1294            	-1.6206669794e+00	3.4958035353e-01	-3.5834510506e+00	-3.4123925047e+00	-1.7105854594e-01
0.1296            	-1.6199057927e+00	3.5011901374e-01	-3.5815502667e+00	-3.4106809261e+00	-1.7086934060e-01
0.1298            	-1.6193106510e+00	3.5040212550e-01	-3.5799652110e+00	-3.4092932565e+00	-1.7067195448e-01
0.13              	-1.6191566919e+00	3.5090928462e-01	-3.5784933860e+00	-3.4084033849e+00	-1.7009000108e-01
0.1302            	-1.6188576680e+00	3.5145262050e-01	-3.5772967934e+00	-3.4075060647e+00	-1.6979072868e-01
0.1304            	-1.6186333855e+00	3.5157766942e-01	-3.5755094892e+00	-3.4063881301e+00	-1.6912135913e-01
0.1306            	-1.6184172536e+00	3.5192989455e-01	-3.5738201211e+00	-3.4053273141e+00	-1.6849280702e-01
0.1308            	-1.6181295026e+00	3.5241439369e-01	-3.5727757719e+00	-3.4045173885e+00	-1.6825838334e-01
0.131             	-1.6175213444e+00	3.5247546470e-01	-3.5707555945e+00	-3.4028991416e+00	-1.6785645288e-01
0.1312            	-1.6168830891e+00	3.5315694735e-01	-3.5689920600e+00	-3.4013791191e+00	-1.6761294090e-01
0.1314            	-1.6159497574e+00	3.5352050158e-01	-3.5664297536e+00	-3.3991646342e+00	-1.6726511943e-01
0.1316            	-1.6145193821e+00	3.5372417625e-01	-3.5633283573e+00	-3.3961835607e+00	-1.6714479660e-01
0.1318            	-1.6128667977e+00	3.5404807711e-01	-3.5600568053e+00	-3.3928952003e+00	-1.6716160500e-01
0.132             	-1.6120404035e+00	3.5450707352e-01	-3.5578835116e+00	-3.3909821593e+00	-1.6690135232e-01
0.1322            	-1.6098478398e+00	3.5476724133e-01	-3.5539731116e+00	-3.3868343956e+00	-1.6713871599e-01
0.1324            	-1.6082298466e+00	3.5504597611e-01	-3.5502904938e+00	-3.3833750935e+00	-1.6691540031e-01
0.1326            	-1.6043298515e+00	3.5431334294e-01	-3.5430911538e+00	-3.3758754284e+00	-1.6721572542e-01
0.1328            	-1.6001620144e+00	3.5371101392e-01	-3.5351064417e+00	-3.3677152353e+00	-1.6739120644e-01
0.133             	-1.5979764008e+00	3.5372171755e-01	-3.5302452976e+00	-3.3630990496e+00	-1.6714624797e-01
0.1332            	-1.5961836396e+00	3.5404211473e-01	-3.5261694121e+00	-3.3592683456e+00	-1.6690106645e-01
0.1334            	-1.5965010826e+00	3.5511974688e-01	-3.5251619401e+00	-3.3590820526e+00	-1.6607988749e-01
0.1336            	-1.5976189898e+00	3.5586164561e-01	-3.5260603589e+00	-3.3606491693e+00	-1.6541118965e-01
0.1338            	-1.5983655734e+00	3.5750982865e-01	-3.5268172758e+00	-3.3617742113e+00	-1.6504306450e-01
0.134             	-1.5997142605e+00	3.5878428725e-01	-3.5283699759e+00	-3.3638992485e+00	-1.6447072744e-01
0.1342            	-1.5958020106e+00	3.5819901254e-01	-3.5220468970e+00	-3.3568254591e+00	-1.6522143792e-01
0.1344            	-1.5889321691e+00	3.5696945835e-01	-3.5112242271e+00	-3.3445442827e+00	-1.6667994445e-01
0.1346            	-1.5814225727e+00	3.5595193881e-01	-3.4989436188e+00	-3.3308943821e+00	-1.6804923668e-01
0.1348            	-1.5717791306e+00	3.5285668738e-01	-3.4831580693e+00	-3.3133581653e+00	-1.6979990401e-01
0.135             	-1.5646241614e+00	3.5155489296e-01	-3.4710241674e+00	-3.3001362451e+00	-1.7088792231e-01
0.1352            	-1.5633592674e+00	3.5204619962e-01	-3.4670840485e+00	-3.2969012916e+00	-1.7018275686e-01
0.1354            	-1.5626363335e+00	3.5225555320e-01	-3.4646188762e+00	-3.2949457716e+00	-1.6967310456e-01
0.1356            	-1.5617220938e+00	3.5280218077e-01	-3.4617653811e+00	-3.2926047844e+00	-1.6916059671e-01
0.1358            	-1.5600587747e+00	3.5351458875e-01	-3.4577084157e+00	-3.2889129826e+00	-1.6879543311e-01
0.136             	-1.5551431352e+00	3.5259528147e-01	-3.4492055105e+00	-3.2797458905e+00	-1.6945962001e-01
0.1362            	-1.5499260778e+00	3.5176607597e-01	-3.4394890023e+00	-3.2696705789e+00	-1.6981842338e-01
0.1364            	-1.5448548705e+00	3.5152358381e-01	-3.4302357190e+00	-3.2599727300e+00	-1.7026298905e-01
0.1366            	-1.5391539075e+00	3.5113035789e-01	-3.4201589948e+00	-3.2492334049e+00	-1.7092558988e-01
0.1368            	-1.5366116093e+00	3.5154961557e-01	-3.4141035795e+00	-3.2436633991e+00	-1.7044018047e-01
0.137             	-1.5352758186e+00	3.5148150341e-01	-3.4103147475e+00	-3.2404331924e+00	-1.6988155515e-01
0.1372            	-1.5314729710e+00	3.5215634164e-01	-3.4030188194e+00	-3.2329823807e+00	-1.7003643871e-01
0.1374            	-1.5277752931e+00	3.5251874649e-01	-3.3957787517e+00	-3.2256646689e+00	-1.7011408281e-01
0.1376            	-1.5222407996e+00	3.5166961939e-01	-3.3856624419e+00	-3.2150720205e+00	-1.7059042134e-01
0.1378            	-1.5161445572e+00	3.4993178966e-01	-3.3741688838e+00	-3.2032289991e+00	-1.7093988475e-01
0.138             	-1.5092176970e+00	3.4902488216e-01	-3.3620589363e+00	-3.1902471651e+00	-1.7181177120e-01
0.1382            	-1.5051125037e+00	3.4820161849e-01	-3.3530866012e+00	-3.1816558043e+00	-1.7143079693e-01
0.1384            	-1.5058329937e+00	3.5090299255e-01	-3.3514444127e+00	-3.1815552001e+00	-1.6988921264e-01
0.1386            	-1.5107892601e+00	3.5424966894e-01	-3.3564476525e+00	-3.1890130864e+00	-1.6743456612e-01
0.1388            	-1.5098743545e+00	3.5563661587e-01	-3.3536320192e+00	-3.1866903642e+00	-1.6694165508e-01
0.139             	-1.5035017205e+00	3.5478994990e-01	-3.3411895729e+00	-3.1740965070e+00	-1.6709306594e-01
0.1392            	-1.4931232766e+00	3.5439027127e-01	-3.3238243968e+00	-3.1550354750e+00	-1.6878892178e-01
0.1394            	-1.4839781380e+00	3.5336075553e-01	-3.3100966563e+00	-3.1390264662e+00	-1.7107019012e-01
0.1396            	-1.4730321304e+00	3.5239362767e-01	-3.2906503324e+00	-3.1183572966e+00	-1.7229303582e-01
0.1398            	-1.4602494905e+00	3.5125821909e-01	-3.2682191094e+00	-3.0943590452e+00	-1.7386006417e-01
0.14              	-1.4473635638e+00	3.4934783495e-01	-3.2454092172e+00	-3.0700681723e+00	-1.7534104482e-01
0.1402            	-1.4381291722e+00	3.4745107621e-01	-3.2275727841e+00	-3.0519155643e+00	-1.7565721981e-01
0.1404            	-1.4425514518e+00	3.5001737301e-01	-3.2309714181e+00	-3.0580371609e+00	-1.7293425722e-01
0.1406            	-1.4587290393e+00	3.5763642974e-01	-3.2510664394e+00	-3.0842622590e+00	-1.6680418038e-01
0.1408            	-1.4696754861e+00	3.6494316430e-01	-3.2649949804e+00	-3.1021729763e+00	-1.6282200403e-01
0.141             	-1.4715518134e+00	3.6967228432e-01	-3.2661440677e+00	-3.1046238473e+00	-1.6152022042e-01
0.1412            	-1.4644621011e+00	3.7133554902e-01	-3.2544479183e+00	-3.0916860602e+00	-1.6276185804e-01
0.1414            	-1.4519323929e+00	3.7119894464e-01	-3.2355908157e+00	-3.0697278007e+00	-1.6586301492e-01
0.1416            	-1.4406688225e+00	3.7118190808e-01	-3.2171876936e+00	-3.0492626693e+00	-1.6792502432e-01
0.1418            	-1.4310380707e+00	3.7150079399e-01	-3.2011713012e+00	-3.0316237213e+00	-1.6954757994e-01
0.142             	-1.4234819263e+00	3.7235198953e-01	-3.1875661757e+00	-3.0172650141e+00	-1.7030116155e-01
0.1422            	-1.4161381720e+00	3.7259743386e-01	-3.1743308484e+00	-3.0033035961e+00	-1.7102725222e-01
0.1424            	-1.4062229272e+00	3.7068692995e-01	-3.1590307397e+00	-2.9857382971e+00	-1.7329244261e-01
0.1426            	-1.3969552564e+00	3.6913801557e-01	-3.1441894731e+00	-2.9690499929e+00	-1.7513948017e-01
0.1428            	-1.3892279178e+00	3.6856985569e-01	-3.1305535037e+00	-2.9545046697e+00	-1.7604883403e-01
0.143             	-1.3831477037e+00	3.6887555930e-01	-3.1182928746e+00	-2.9422941410e+00	-1.7599873357e-01
0.1432            	-1.3790191650e+00	3.7018287519e-01	-3.1081268899e+00	-2.9330826099e+00	-1.7504427999e-01
0.1434            	-1.3739807261e+00	3.7100243510e-01	-3.0972263172e+00	-2.9225938847e+00	-1.7463243252e-01
0.1436            	-1.3695994472e+00	3.7180661712e-01	-3.0870495403e+00	-2.9131242173e+00	-1.7392532298e-01
0.1438            	-1.3646871874e+00	3.7307661450e-01	-3.0761525629e+00	-2.9027634689e+00	-1.7338909403e-01
0.144             	-1.3601262364e+00	3.7440609656e-01	-3.0655656994e+00	-2.8929090860e+00	-1.7265661331e-01
0.1442            	-1.3560351007e+00	3.7588570696e-01	-3.0552043237e+00	-2.8836372625e+00	-1.7156706116e-01
0.1444            	-1.3516461456e+00	3.7707477630e-01	-3.0446495233e+00	-2.8739709072e+00	-1.7067861610e-01
0.1446            	-1.3468576793e+00	3.7880521971e-01	-3.0335733825e+00	-2.8636443705e+00	-1.6992901199e-01
0.1448            	-1.3430546804e+00	3.8024510187e-01	-3.0234938772e+00	-2.8548016190e+00	-1.6869225826e-01
0.145             	-1.3391490424e+00	3.8149104922e-01	-3.0132249555e+00	-2.8457615202e+00	-1.6746343532e-01
0.1452            	-1.3350876331e+00	3.8306029408e-01	-3.0027923629e+00	-2.8364838146e+00	-1.6630854832e-01
0.1454            	-1.3311723612e+00	3.8485040773e-01	-2.9925726915e+00	-2.8274587069e+00	-1.6511398450e-01
0.1456            	-1.3264173738e+00	3.8629744998e-01	-2.9811742800e+00	-2.8170045138e+00	-1.6416976613e-01
0.1458            	-1.3214725421e+00	3.8812868310e-01	-2.9696967952e+00	-2.8063209397e+00	-1.6337585555e-01
0.146             	-1.3172243321e+00	3.9008860389e-01	-2.9589529702e+00	-2.7967008172e+00	-1.6225215299e-01
0.1462            	-1.3131750889e+00	3.9104157117e-01	-2.9483529451e+00	-2.7873515615e+00	-1.6100138363e-01
0.1464            	-1.3106559321e+00	3.9322929266e-01	-2.9394027195e+00	-2.7803572918e+00	-1.5904542768e-01
0.1466            	-1.3061395787e+00	3.9572997583e-01	-2.9284359639e+00	-2.7703575606e+00	-1.5807840323e-01
0.1468            	-1.3017720385e+00	3.9881481653e-01	-2.9174914590e+00	-2.7605177680e+00	-1.5697369100e-01
0.147             	-1.2983561258e+00	4.0155467056e-01	-2.9075447270e+00	-2.7521284893e+00	-1.5541623767e-01
0.1472            	-1.2957054483e+00	4.0374449281e-01	-2.8985128611e+00	-2.7449618789e+00	-1.5355098226e-01
0.1474            	-1.2935875120e+00	4.0644676151e-01	-2.8902521934e+00	-2.7387136088e+00	-1.5153858470e-01
0.1476            	-1.2920411608e+00	4.0898801173e-01	-2.8827037260e+00	-2.7333930238e+00	-1.4931070217e-01
0.1478            	-1.2901227647e+00	4.1157283795e-01	-2.8746337181e+00	-2.7274396238e+00	-1.4719409433e-01
0.148             	-1.2883848692e+00	4.1419460212e-01	-2.8668231969e+00	-2.7217964676e+00	-1.4502672932e-01
0.1482            	-1.2860994475e+00	4.1644503180e-01	-2.8585525596e+00	-2.7153757273e+00	-1.4317683233e-01
0.1484            	-1.2843122920e+00	4.1898808421e-01	-2.8509251975e+00	-2.7097748908e+00	-1.4115030674e-01
0.1486            	-1.2826194877e+00	4.2166066142e-01	-2.8433674430e+00	-2.7043032093e+00	-1.3906423380e-01
0.1488            	-1.2806949923e+00	4.2421099371e-01	-2.8354137303e+00	-2.6984018574e+00	-1.3701187291e-01
0.149             	-1.2781700922e+00	4.2629471288e-01	-2.8272598966e+00	-2.6918000406e+00	-1.3545985609e-01
0.1492            	-1.2755061132e+00	4.2850166356e-01	-2.8188733701e+00	-2.6849427982e+00	-1.3393057183e-01
0.1494            	-1.2740960731e+00	4.3187175872e-01	-2.8113451586e+00	-2.6797686524e+00	-1.3157650620e-01
0.1496            	-1.2717325666e+00	4.3429383047e-01	-2.8028619252e+00	-2.6731635292e+00	-1.2969839600e-01
0.1498            	-1.2689041052e+00	4.3666678021e-01	-2.7940479108e+00	-2.6659280606e+00	-1.2811985024e-01
0.15              	-1.2661970992e+00	4.3907392483e-01	-2.7854544480e+00	-2.6589243232e+00	-1.2653012476e-01
0.1502            	-1.2633042863e+00	4.4132295563e-01	-2.7766654333e+00	-2.6516370029e+00	-1.2502843039e-01
0.1504            	-1.2603172983e+00	4.4342317213e-01	-2.7674813763e+00	-2.6440579864e+00	-1.2342338989e-01
0.1506            	-1.2572306184e+00	4.4553981128e-01	-2.7582944228e+00	-2.6363778298e+00	-1.2191659305e-01
0.1508            	-1.2542521838e+00	4.4775012708e-01	-2.7494759642e+00	-2.6289901659e+00	-1.2048579832e-01
0.151             	-1.2511844437e+00	4.4990401849e-01	-2.7403695084e+00	-2.6213691980e+00	-1.1900031046e-01
0.1512            	-1.2481767213e+00	4.5209563421e-01	-2.7312718652e+00	-2.6138126539e+00	-1.1745921132e-01
0.1514            	-1.2451784526e+00	4.5438467717e-01	-2.7220892978e+00	-2.6062231015e+00	-1.1586619625e-01
0.1516            	-1.2420245081e+00	4.5658994145e-01	-2.7127538240e+00	-2.5984014201e+00	-1.1435240389e-01
0.1518            	-1.2391888133e+00	4.5901396225e-01	-2.7037120599e+00	-2.5910448433e+00	-1.1266721664e-01
0.152             	-1.2371412139e+00	4.6184416903e-01	-2.6953886979e+00	-2.5848355629e+00	-1.1055313501e-01
0.1522            	-1.2344462955e+00	4.6453381132e-01	-2.6865972286e+00	-2.5777449098e+00	-1.0885231880e-01
0.1524            	-1.2315751423e+00	4.6694696444e-01	-2.6772701232e+00	-2.5702102040e+00	-1.0705991927e-01
0.1526            	-1.2296603513e+00	4.6999140932e-01	-2.6693560848e+00	-2.5643383937e+00	-1.0501769113e-01
0.1528            	-1.2280712205e+00	4.7303064649e-01	-2.6616438748e+00	-2.5588931579e+00	-1.0275071688e-01
0.153             	-1.2264498171e+00	4.7612898364e-01	-2.6539837870e+00	-2.5534417106e+00	-1.0054207636e-01
0.1532            	-1.2249127393e+00	4.7916138673e-01	-2.6463186418e+00	-2.5480720602e+00	-9.8246581575e-02
0.1534            	-1.2237417457e+00	4.8242976466e-01	-2.6392071796e+00	-2.5433453355e+00	-9.5861844075e-02
0.1536            	-1.2223244667e+00	4.8561574854e-01	-2.6318939639e+00	-2.5382714487e+00	-9.3622515253e-02
0.1538            	-1.2213216225e+00	4.8888177385e-01	-2.6250954817e+00	-2.5338693633e+00	-9.1226118383e-02
0.154             	-1.2204170257e+00	4.9236373233e-01	-2.6184419093e+00	-2.5296379804e+00	-8.8803928897e-02
0.1542            	-1.2192321585e+00	4.9547535156e-01	-2.6113679588e+00	-2.5249161379e+00	-8.6451820868e-02
0.1544            	-1.2169737016e+00	4.9967102592e-01	-2.6032814034e+00	-2.5186144033e+00	-8.4667000143e-02
0.1546            	-1.2142785014e+00	5.0433327846e-01	-2.5947991003e+00	-2.5116780515e+00	-8.3121048761e-02
0.1548            	-1.2122137389e+00	5.0836048864e-01	-2.5869665653e+00	-2.5056970216e+00	-8.1269543777e-02
0.155             	-1.2106867909e+00	5.1191856609e-01	-2.5795675383e+00	-2.5004705601e+00	-7.9096978196e-02
0.1552            	-1.2088815736e+00	5.1530420114e-01	-2.5719787060e+00	-2.4948709266e+00	-7.7107779412e-02
0.1554            	-1.2072932606e+00	5.1885401956e-01	-2.5647047591e+00	-2.4896456401e+00	-7.5059118976e-02
0.1556            	-1.2055900343e+00	5.2213908067e-01	-2.5570941027e+00	-2.4841370857e+00	-7.2957017038e-02
0.1558            	-1.2035347565e+00	5.2533577075e-01	-2.5490554642e+00	-2.4780624886e+00	-7.0992975639e-02
0.156             	-1.2015598756e+00	5.2868329951e-01	-2.5411594317e+00	-2.4721395915e+00	-6.9019840251e-02
0.1562            	-1.1989169308e+00	5.3199307999e-01	-2.5324409094e+00	-2.4651373855e+00	-6.7303523953e-02
0.1564            	-1.1963036764e+00	5.3527064805e-01	-2.5237683077e+00	-2.4581878302e+00	-6.5580477436e-02
0.1566            	-1.1939242626e+00	5.3856797973e-01	-2.5152815267e+00	-2.4515650260e+00	-6.3716500710e-02
0.1568            	-1.1913222341e+00	5.4174188293e-01	-2.5065283169e+00	-2.4445863926e+00	-6.1941924345e-02
0.157             	-1.1884098933e+00	5.4487585390e-01	-2.4976033570e+00	-2.4372115718e+00	-6.0391785176e-02
0.1572            	-1.1863375321e+00	5.4832677202e-01	-2.4893568967e+00	-2.4310159804e+00	-5.8340916275e-02
0.1574            	-1.1833057653e+00	5.5128410095e-01	-2.4799349538e+00	-2.4232732422e+00	-5.6661711584e-02
0.1576            	-1.1794427669e+00	5.5403235799e-01	-2.4695283835e+00	-2.4142069586e+00	-5.5321424892e-02
0.1578            	-1.1771644051e+00	5.5700357866e-01	-2.4609674006e+00	-2.4076481054e+00	-5.3319295200e-02
0.158             	-1.1745177179e+00	5.6016144210e-01	-2.4518876125e+00	-2.4004615242e+00	-5.1426088306e-02
0.1582            	-1.1702227194e+00	5.6286433004e-01	-2.4412191731e+00	-2.3908323059e+00	-5.0386867137e-02
0.1584            	-1.1675421069e+00	5.6572509308e-01	-2.4321176908e+00	-2.3836009523e+00	-4.8516738465e-02
0.1586            	-1.1623462583e+00	5.6857802999e-01	-2.4202314791e+00	-2.3724619979e+00	-4.7769481227e-02
0.1588            	-1.1607438552e+00	5.7084437057e-01	-2.4122891185e+00	-2.3668884145e+00	-4.5400704084e-02
0.159             	-1.1554804989e+00	5.7313204201e-01	-2.4003707487e+00	-2.3556658732e+00	-4.4704875458e-02
0.1592            	-1.1563001405e+00	5.7629235720e-01	-2.3997875937e+00	-2.3561939373e+00	-4.3593656366e-02
0.1594            	-1.1516987924e+00	5.7836651302e-01	-2.3843471772e+00	-2.3438723810e+00	-4.0474796153e-02
0.1596            	-1.1458675567e+00	5.8038380127e-01	-2.3719137755e+00	-2.3318244444e+00	-4.0089331086e-02
0.1598            	-1.1427200036e+00	5.8239792638e-01	-2.3629348995e+00	-2.3241874533e+00	-3.8747446209e-02
0.16              	-1.1401084345e+00	5.8452182915e-01	-2.3544127664e+00	-2.3173148177e+00	-3.7097948720e-02
0.1602            	-1.1377841742e+00	5.8666432264e-01	-2.3463918940e+00	-2.3109801212e+00	-3.5411772803e-02
0.1604            	-1.1350030930e+00	5.8871337446e-01	-2.3379630464e+00	-2.3039846163e+00	-3.3978430198e-02
0.1606            	-1.1328689580e+00	5.9042078533e-01	-2.3303495736e+00	-2.2980437448e+00	-3.2305828764e-02
0.1608            	-1.1314457622e+00	5.9306548535e-01	-2.3238128175e+00	-2.2933521709e+00	-3.0460646589e-02
0.161             	-1.1316909867e+00	5.9588298491e-01	-2.3192525874e+00	-2.2913172804e+00	-2.7935307011e-02
0.1612            	-1.1305133038e+00	5.9955701105e-01	-2.3132330037e+00	-2.2871298056e+00	-2.6103198013e-02
0.1614            	-1.1299683822e+00	6.0234100450e-01	-2.3076578897e+00	-2.2837973270e+00	-2.3860562630e-02
0.1616            	-1.1293252497e+00	6.0485437585e-01	-2.3021797435e+00	-2.2804151215e+00	-2.1764622007e-02
0.1618            	-1.1278868140e+00	6.0792261747e-01	-2.2958664298e+00	-2.2758200289e+00	-2.0046400884e-02
0.162             	-1.1271489044e+00	6.1180749235e-01	-2.2905202917e+00	-2.2724090503e+00	-1.8111241394e-02
0.1622            	-1.1270936167e+00	6.1413855467e-01	-2.2854376886e+00	-2.2698124610e+00	-1.5625227559e-02
0.1624            	-1.1268271970e+00	6.1753516469e-01	-2.2805452842e+00	-2.2670998391e+00	-1.3445445141e-02
0.1626            	-1.1237479094e+00	6.2178267657e-01	-2.2729510468e+00	-2.2602234328e+00	-1.2727614019e-02
0.1628            	-1.1224505968e+00	6.2255904233e-01	-2.2666419539e+00	-2.2557715738e+00	-1.0870380172e-02
0.163             	-1.1227801415e+00	6.2632230556e-01	-2.2625909224e+00	-2.2540756027e+00	-8.5153197303e-03
0.1632            	-1.1193585184e+00	6.3033005604e-01	-2.2546148076e+00	-2.2466659222e+00	-7.9488853931e-03
0.1634            	-1.1174124194e+00	6.3120895583e-01	-2.2476536638e+00	-2.2412392513e+00	-6.4144125508e-03
0.1636            	-1.1181703899e+00	6.3440621975e-01	-2.2440743644e+00	-2.2402075721e+00	-3.8667922961e-03
0.1638            	-1.1156628880e+00	6.3794490743e-01	-2.2372460218e+00	-2.2342858989e+00	-2.9601228345e-03
0.164             	-1.1128754397e+00	6.4044847597e-01	-2.2298608405e+00	-2.2278058599e+00	-2.0549805741e-03
0.1642            	-1.1104074573e+00	6.4250364344e-01	-2.2229276075e+00	-2.2218712610e+00	-1.0563464795e-03
0.1644            	-1.1088337112e+00	6.4490996150e-01	-2.2169719770e+00	-2.2173196997e+00	3.4772271231e-04
0.1646            	-1.1068243639e+00	6.4703516240e-01	-2.2105209157e+00	-2.2120848217e+00	1.5639060607e-03
0.1648            	-1.1056290642e+00	6.4966979119e-01	-2.2051081751e+00	-2.2081831518e+00	3.0749766533e-03
0.165             	-1.1043229837e+00	6.5195493161e-01	-2.1995930553e+00	-2.2041195113e+00	4.5264559980e-03
0.1652            	-1.1041350107e+00	6.5350446305e-01	-2.1951477148e+00	-2.2017088681e+00	6.5611532751e-03
0.1654            	-1.1002639239e+00	6.5411253335e-01	-2.1868372894e+00	-2.1936825686e+00	6.8452792025e-03
0.1656            	-1.0978200292e+00	6.5761819688e-01	-2.1804307160e+00	-2.1880353872e+00	7.6046712343e-03
0.1658            	-1.0976014333e+00	6.5987635761e-01	-2.1762893236e+00	-2.1857460951e+00	9.4567715029e-03
0.166             	-1.0942354133e+00	6.6094622342e-01	-2.1686829513e+00	-2.1785768890e+00	9.8939376521e-03
0.1662            	-1.0931212359e+00	6.6394759827e-01	-2.1636423187e+00	-2.1749423952e+00	1.1300076500e-02
0.1664            	-1.0912293457e+00	6.6489004422e-01	-2.1576147919e+00	-2.1700367416e+00	1.2421949693e-02
0.1666            	-1.0898546684e+00	6.6813834052e-01	-2.1524613943e+00	-2.1660853656e+00	1.3623971299e-02
0.1668            	-1.0869299182e+00	6.6944173850e-01	-2.1454161270e+00	-2.1596379817e+00	1.4221854728e-02
0.167             	-1.0870399779e+00	6.7147358164e-01	-2.1418817030e+00	-2.1579808294e+00	1.6099126386e-02
0.1672            	-1.0851373782e+00	6.7435089350e-01	-2.1362379792e+00	-2.1532563678e+00	1.7018388567e-02
0.1674            	-1.0832317265e+00	6.7624562190e-01	-2.1305770431e+00	-2.1485202480e+00	1.7943204927e-02
0.1676            	-1.0818198556e+00	6.7791803805e-01	-2.1254698189e+00	-2.1445547650e+00	1.9084946126e-02
0.1678            	-1.0806989449e+00	6.8046326531e-01	-2.1208718940e+00	-2.1411348919e+00	2.0262997886e-02
0.168             	-1.0799880249e+00	6.8309657303e-01	-2.1167225095e+00	-2.1383492797e+00	2.1626770104e-02
0.1682            	-1.0784385294e+00	6.8548827826e-01	-2.1117108382e+00	-2.1342939485e+00	2.2583110295e-02
0.1684            	-1.0774267824e+00	6.8789124423e-01	-2.1072273269e+00	-2.1310404458e+00	2.3813118922e-02
0.1686            	-1.0763311485e+00	6.9016889764e-01	-2.1027556303e+00	-2.1277089637e+00	2.4953333371e-02
0.1688            	-1.0752020547e+00	6.9240743481e-01	-2.0983195182e+00	-2.1243618138e+00	2.6042295665e-02
0.169             	-1.0746088050e+00	6.9477807772e-01	-2.0944744170e+00	-2.1218460135e+00	2.7371596553e-02
0.1692            	-1.0732336690e+00	6.9732635703e-01	-2.0898314481e+00	-2.1181493931e+00	2.8317944958e-02
0.1694            	-1.0727275052e+00	6.9966611761e-01	-2.0861197500e+00	-2.1157873802e+00	2.9667630149e-02
0.1696            	-1.0714846647e+00	7.0181948804e-01	-2.0815208541e+00	-2.1122450917e+00	3.0724237670e-02
0.1698            	-1.0703251307e+00	7.0403528725e-01	-2.0772340861e+00	-2.1089421738e+00	3.1708087661e-02
0.17              	-1.0694255848e+00	7.0652248226e-01	-2.0731656751e+00	-2.1060084224e+00	3.2842747283e-02
0.1702            	-1.0685940428e+00	7.0888918763e-01	-2.0692995028e+00	-2.1032437942e+00	3.3944291385e-02
0.1704            	-1.0672730595e+00	7.1105543942e-01	-2.0647145908e+00	-2.0996303549e+00	3.4915764062e-02
0.1706            	-1.0655786750e+00	7.1286539006e-01	-2.0597569454e+00	-2.0954571477e+00	3.5700202287e-02
0.1708            	-1.0649704720e+00	7.1534609675e-01	-2.0561802632e+00	-2.0930606036e+00	3.6880340345e-02
0.171             	-1.0635937255e+00	7.1757839469e-01	-2.0515741806e+00	-2.0893808158e+00	3.7806635186e-02
0.1712            	-1.0619376871e+00	7.1962570160e-01	-2.0467595443e+00	-2.0853174592e+00	3.8557914927e-02
0.1714            	-1.0602990694e+00	7.2158211367e-01	-2.0419471648e+00	-2.0812726518e+00	3.9325486963e-02
0.1716            	-1.0598847812e+00	7.2429273219e-01	-2.0383840112e+00	-2.0790767868e+00	4.0692775661e-02
0.1718            	-1.0577666092e+00	7.2615634284e-01	-2.0329829485e+00	-2.0742580834e+00	4.1275134910e-02
0.172             	-1.0567499282e+00	7.2824542638e-01	-2.0286520587e+00	-2.0710759576e+00	4.2423898860e-02
0.1722            	-1.0549102118e+00	7.3040585516e-01	-2.0235537959e+00	-2.0666871097e+00	4.3133313845e-02
0.1724            	-1.0525080164e+00	7.3207590589e-01	-2.0178591906e+00	-2.0614376117e+00	4.3578421112e-02
0.1726            	-1.0516313221e+00	7.3421552167e-01	-2.0137638260e+00	-2.0585132351e+00	4.4749409134e-02
0.1728            	-1.0489146834e+00	7.3573441405e-01	-2.0078105729e+00	-2.0528199699e+00	4.5009396932e-02
0.173             	-1.0472899178e+00	7.3743876303e-01	-2.0028553731e+00	-2.0487176043e+00	4.5862231230e-02
0.1732            	-1.0452658316e+00	7.3923992412e-01	-1.9976314256e+00	-2.0440815444e+00	4.6450118852e-02
0.1734            	-1.0432684605e+00	7.4116200294e-01	-1.9925551257e+00	-2.0395460233e+00	4.6990897659e-02
0.1736            	-1.0415214693e+00	7.4278134986e-01	-1.9875610073e+00	-2.0353019730e+00	4.7740965649e-02
0.1738            	-1.0394390988e+00	7.4440971849e-01	-1.9822662850e+00	-2.0305722413e+00	4.8305956329e-02
0.174             	-1.0374220487e+00	7.4593083390e-01	-1.9771630723e+00	-2.0260035848e+00	4.8840512513e-02
0.1742            	-1.0358297120e+00	7.4763591695e-01	-1.9725379215e+00	-2.0220986727e+00	4.9560751264e-02
0.1744            	-1.0335322251e+00	7.4930009667e-01	-1.9671855357e+00	-2.0171249930e+00	4.9939457253e-02
0.1746            	-1.0322635031e+00	7.5106814843e-01	-1.9628961936e+00	-2.0137115999e+00	5.0815406257e-02
0.1748            	-1.0299384000e+00	7.5250738295e-01	-1.9575064420e+00	-2.0086916210e+00	5.1185178980e-02
0.175             	-1.0279983141e+00	7.5419291607e-01	-1.9526055359e+00	-2.0043010820e+00	5.1695546091e-02
0.1752            	-1.0266965695e+00	7.5614486344e-01	-1.9483262369e+00	-2.0008596879e+00	5.2533451039e-02
0.1754            	-1.0242448124e+00	7.5750841635e-01	-1.9429581554e+00	-1.9957238901e+00	5.2765734687e-02
0.1756            	-1.0225531708e+00	7.5906992195e-01	-1.9384215960e+00	-1.9917639688e+00	5.3342372826e-02
0.1758            	-1.0215591931e+00	7.6106937877e-01	-1.9345926169e+00	-1.9888555016e+00	5.4262884680e-02
0.176             	-1.0193117280e+00	7.6261822408e-01	-1.9294971772e+00	-1.9840603166e+00	5.4563139458e-02
0.1762            	-1.0171441995e+00	7.6400534422e-01	-1.9244773202e+00	-1.9793828596e+00	5.4905539397e-02
0.1764            	-1.0156203724e+00	7.6571702297e-01	-1.9201229227e+00	-1.9756818337e+00	5.5558911048e-02
0.1766            	-1.0145680965e+00	7.6786390924e-01	-1.9162452330e+00	-1.9726907130e+00	5.6445479928e-02
0.1768            	-1.0132909442e+00	7.6946265221e-01	-1.9122270681e+00	-1.9694044782e+00	5.7177410145e-02
0.177             	-1.0110961652e+00	7.7093556296e-01	-1.9071896187e+00	-1.9646909745e+00	5.7501355810e-02
0.1772            	-1.0090187636e+00	7.7254277862e-01	-1.9023680462e+00	-1.9602027867e+00	5.7834740461e-02
0.1774            	-1.0075345611e+00	7.7427656552e-01	-1.8981972336e+00	-1.9566331779e+00	5.8435944300e-02
0.1776            	-1.0061810042e+00	7.7610323572e-01	-1.8941904108e+00	-1.9532762096e+00	5.9085798808e-02
0.1778            	-1.0051792652e+00	7.7820128888e-01	-1.8906973774e+00	-1.9505279538e+00	5.9830576462e-02
0.178             	-1.0039089970e+00	7.8006903071e-01	-1.8868319989e+00	-1.9473249965e+00	6.0492997544e-02
0.1782            	-1.0026628140e+00	7.8201379698e-01	-1.8830455363e+00	-1.9441855821e+00	6.1140045798e-02
0.1784            	-1.0014210784e+00	7.8398304831e-01	-1.8792806819e+00	-1.9410614193e+00	6.1780737419e-02
0.1786            	-1.0001841133e+00	7.8608688176e-01	-1.8755350281e+00	-1.9379516274e+00	6.2416599296e-02
0.1788            	-9.9881827878e-01	7.8797800270e-01	-1.8716825215e+00	-1.9346595395e+00	6.2977018021e-02
0.179             	-9.9764789757e-01	7.8991571447e-01	-1.8680854898e+00	-1.9316906425e+00	6.3605152667e-02
0.1792            	-9.9679779137e-01	7.9193736151e-01	-1.8648387286e+00	-1.9292171557e+00	6.4378427053e-02
0.1794            	-9.9594613634e-01	7.9421176722e-01	-1.8616478655e+00	-1.9267700691e+00	6.5122203574e-02
0.1796            	-9.9457607029e-01	7.9619669158e-01	-1.8579808057e+00	-1.9235664731e+00	6.5585667459e-02
0.1798            	-9.9307655960e-01	7.9826717279e-01	-1.8541838513e+00	-1.9201684853e+00	6.5984633941e-02
0.18              	-9.9194915056e-01	8.0022888886e-01	-1.8505585336e+00	-1.9172284174e+00	6.6669883766e-02
0.1802            	-9.9052795864e-01	8.0214672811e-01	-1.8466982178e+00	-1.9138770676e+00	6.7178849715e-02
0.1804            	-9.8934089394e-01	8.0422365348e-01	-1.8432443116e+00	-1.9109630497e+00	6.7718738132e-02
0.1806            	-9.8769119046e-01	8.0627320463e-01	-1.8390807616e+00	-1.9072315713e+00	6.8150809656e-02
0.1808            	-9.8608647549e-01	8.0793335332e-01	-1.8351772910e+00	-1.9036751210e+00	6.8497829997e-02
0.181             	-9.8440994383e-01	8.0978330339e-01	-1.8311782194e+00	-1.8999990535e+00	6.8820834123e-02
0.1812            	-9.8266517004e-01	8.1152228934e-01	-1.8270006328e+00	-1.8961654864e+00	6.9164853659e-02
0.1814            	-9.8049219854e-01	8.1297341678e-01	-1.8223968632e+00	-1.8916906301e+00	6.9293766941e-02
0.1816            	-9.7843003913e-01	8.1441728236e-01	-1.8179134729e+00	-1.8873867756e+00	6.9473302659e-02
0.1818            	-9.7666254054e-01	8.1585704637e-01	-1.8137387182e+00	-1.8835318997e+00	6.9793181415e-02
0.182             	-9.7491873967e-01	8.1766304466e-01	-1.8096672179e+00	-1.8797523486e+00	7.0085130725e-02
0.1822            	-9.7289715109e-01	8.1909357075e-01	-1.8052241662e+00	-1.8755092342e+00	7.0285067993e-02
0.1824            	-9.7120727595e-01	8.2069647294e-01	-1.8010744548e+00	-1.8717445034e+00	7.0670048530e-02
0.1826            	-9.6935414291e-01	8.2236613665e-01	-1.7967882241e+00	-1.8677482549e+00	7.0960030863e-02
0.1828            	-9.6731113314e-01	8.2408233980e-01	-1.7923957139e+00	-1.8635089901e+00	7.1113276173e-02
0.183             	-9.6525538530e-01	8.2556131013e-01	-1.7878822873e+00	-1.8591965290e+00	7.1314241644e-02
0.1832            	-9.6335157419e-01	8.2696715492e-01	-1.7835114793e+00	-1.8551073138e+00	7.1595834559e-02
0.1834            	-9.6124863761e-01	8.2844257930e-01	-1.7791472851e+00	-1.8508222802e+00	7.1674995048e-02
0.1836            	-9.5962035964e-01	8.3030567132e-01	-1.7751565589e+00	-1.8471986391e+00	7.2042080188e-02
0.1838            	-9.5754314839e-01	8.3177956774e-01	-1.7707543214e+00	-1.8429203091e+00	7.2165987708e-02
0.184             	-9.5548972579e-01	8.3302228588e-01	-1.7662783943e+00	-1.8386289229e+00	7.2350528646e-02
0.1842            	-9.5392112524e-01	8.3458665229e-01	-1.7624339778e+00	-1.8351381141e+00	7.2704136341e-02
0.1844            	-9.5213421468e-01	8.3634228166e-01	-1.7584908585e+00	-1.8313796439e+00	7.2888785437e-02
0.1846            	-9.5035853664e-01	8.3792524576e-01	-1.7546044924e+00	-1.8276607828e+00	7.3056290430e-02
0.1848            	-9.4876289421e-01	8.3968829021e-01	-1.7508134448e+00	-1.8241696166e+00	7.3356171811e-02
0.185             	-9.4702370821e-01	8.4136442131e-01	-1.7469278279e+00	-1.8204876221e+00	7.3559794272e-02
0.1852            	-9.4527652113e-01	8.4303574053e-01	-1.7429294459e+00	-1.8167412441e+00	7.3811798169e-02
0.1854            	-9.4345996964e-01	8.4463983389e-01	-1.7389901104e+00	-1.8129550248e+00	7.3964914455e-02
0.1856            	-9.4204309092e-01	8.4646751344e-01	-1.7353328897e+00	-1.8097095358e+00	7.4376646086e-02
0.1858            	-9.4022967548e-01	8.4793566440e-01	-1.7315310759e+00	-1.8059952134e+00	7.4464137506e-02
0.186             	-9.3847235405e-01	8.4965812500e-01	-1.7275659897e+00	-1.8022553489e+00	7.4689359174e-02
0.1862            	-9.3666147976e-01	8.5106993607e-01	-1.7238143218e+00	-1.7985686406e+00	7.4754318871e-02
0.1864            	-9.3502865987e-01	8.5276150963e-01	-1.7203414178e+00	-1.7951993687e+00	7.4857950988e-02
0.1866            	-9.3321248761e-01	8.5421010198e-01	-1.7165429454e+00	-1.7914839603e+00	7.4941014897e-02
0.1868            	-9.3139087115e-01	8.5569490845e-01	-1.7127505178e+00	-1.7877661301e+00	7.5015612237e-02
0.187             	-9.2959026762e-01	8.5714576297e-01	-1.7089885686e+00	-1.7840845519e+00	7.5095983333e-02
0.1872            	-9.2812802099e-01	8.5890715226e-01	-1.7054726920e+00	-1.7808643670e+00	7.5391675002e-02
0.1874            	-9.2665669799e-01	8.6054451805e-01	-1.7020390450e+00	-1.7776762205e+00	7.5637175479e-02
0.1876            	-9.2505711124e-01	8.6215670799e-01	-1.6983927771e+00	-1.7742534998e+00	7.5860722680e-02
0.1878            	-9.2347473675e-01	8.6379031032e-01	-1.6948581305e+00	-1.7709038020e+00	7.6045671487e-02
0.188             	-9.2193156880e-01	8.6551582359e-01	-1.6914045625e+00	-1.7676338501e+00	7.6229287547e-02
0.1882            	-9.2034228608e-01	8.6711551965e-01	-1.6878789189e+00	-1.7642817455e+00	7.6402826620e-02
0.1884            	-9.1863190245e-01	8.6867278333e-01	-1.6841788618e+00	-1.7607213334e+00	7.6542471533e-02
0.1886            	-9.1699045143e-01	8.7044811537e-01	-1.6806202507e+00	-1.7573005768e+00	7.6680326071e-02
0.1888            	-9.1545122355e-01	8.7197095805e-01	-1.6772462817e+00	-1.7540743644e+00	7.6828082696e-02
0.189             	-9.1398606985e-01	8.7376148337e-01	-1.6738767169e+00	-1.7509244283e+00	7.7047711388e-02
0.1892            	-9.1240958833e-01	8.7557956242e-01	-1.6706522649e+00	-1.7477357208e+00	7.7083455870e-02
0.1894            	-9.1102062587e-01	8.7724183362e-01	-1.6673475571e+00	-1.7446944044e+00	7.7346847313e-02
0.1896            	-9.0932656168e-01	8.7908564624e-01	-1.6638641526e+00	-1.7412586380e+00	7.7394485384e-02
0.1898            	-9.0776636885e-01	8.8093172382e-01	-1.6605584629e+00	-1.7380456003e+00	7.7487137414e-02
0.19              	-9.0635228330e-01	8.8274813443e-01	-1.6573846844e+00	-1.7350446255e+00	7.7659941109e-02
0.1902            	-9.0469998974e-01	8.8445351170e-01	-1.6540066033e+00	-1.7317032914e+00	7.7696688096e-02
0.1904            	-9.0313874331e-01	8.8619100013e-01	-1.6507837094e+00	-1.7285305980e+00	7.7746888603e-02
0.1906            	-9.0161046072e-01	8.8786359771e-01	-1.6474826806e+00	-1.7253518010e+00	7.7869120424e-02
0.1908            	-8.9977460892e-01	8.8940596199e-01	-1.6437422129e+00	-1.7216457154e+00	7.7903502486e-02
0.191             	-8.9775688528e-01	8.9049361069e-01	-1.6395555565e+00	-1.7175346635e+00	7.7979107023e-02
0.1912            	-8.9544088881e-01	8.9216501998e-01	-1.6357792385e+00	-1.7133305080e+00	7.7551269568e-02
0.1914            	-8.9335135467e-01	8.9337995717e-01	-1.6322267020e+00	-1.7094647057e+00	7.7238003690e-02
0.1916            	-8.9151594350e-01	8.9478423576e-01	-1.6279402314e+00	-1.7054860592e+00	7.7545827804e-02
0.1918            	-8.8960664853e-01	8.9608181513e-01	-1.6245349132e+00	-1.7018741051e+00	7.7339191950e-02
0.192             	-8.8704339559e-01	8.9688725653e-01	-1.6201247387e+00	-1.6971057649e+00	7.6981026258e-02
0.1922            	-8.8464739979e-01	8.9829041692e-01	-1.6158962165e+00	-1.6925955080e+00	7.6699291535e-02
0.1924            	-8.8280617125e-01	8.9980077069e-01	-1.6119780752e+00	-1.6887952089e+00	7.6817133629e-02
0.1926            	-8.8119216079e-01	9.0132122686e-01	-1.6084179437e+00	-1.6854011326e+00	7.6983188934e-02
0.1928            	-8.7877693225e-01	9.0255746291e-01	-1.6039322028e+00	-1.6807430336e+00	7.6810830865e-02
0.193             	-8.7646048588e-01	9.0395594552e-01	-1.6003205762e+00	-1.6766207740e+00	7.6300197780e-02
0.1932            	-8.7486140875e-01	9.0565510784e-01	-1.5963807713e+00	-1.6730517944e+00	7.6671023105e-02
0.1934            	-8.7265665624e-01	9.0658761288e-01	-1.5924431170e+00	-1.6688782147e+00	7.6435097737e-02
0.1936            	-8.7002073760e-01	9.0773242688e-01	-1.5884023884e+00	-1.6642219318e+00	7.5819543386e-02
0.1938            	-8.6820543605e-01	9.0931119240e-01	-1.5846365293e+00	-1.6605237007e+00	7.5887171428e-02
0.194             	-8.6606315444e-01	9.1066979027e-01	-1.5808490361e+00	-1.6564876725e+00	7.5638636406e-02
0.1942            	-8.6377684439e-01	9.1168517689e-01	-1.5769147658e+00	-1.6522342273e+00	7.5319461475e-02
0.1944            	-8.6232245270e-01	9.1336933017e-01	-1.5738841977e+00	-1.6492645516e+00	7.5380353847e-02
0.1946            	-8.6010087731e-01	9.1447655015e-01	-1.5699241809e+00	-1.6450629678e+00	7.5138786840e-02
0.1948            	-8.5777112200e-01	9.1573327831e-01	-1.5661216589e+00	-1.6408319515e+00	7.4710292536e-02
0.195             	-8.5624870311e-01	9.1732618223e-01	-1.5628516838e+00	-1.6376745450e+00	7.4822861206e-02
0.1952            	-8.5395089900e-01	9.1875420665e-01	-1.5588832017e+00	-1.6333924999e+00	7.4509298133e-02
0.1954            	-8.5234119962e-01	9.2034785648e-01	-1.5557705327e+00	-1.6302264660e+00	7.4455933265e-02
0.1956            	-8.5014929632e-01	9.2149484734e-01	-1.5519742558e+00	-1.6261364242e+00	7.4162168428e-02
0.1958            	-8.4784100083e-01	9.2292549092e-01	-1.5482583009e+00	-1.6219701513e+00	7.3711850398e-02
0.196             	-8.4601933995e-01	9.2448795326e-01	-1.5450252564e+00	-1.6185319681e+00	7.3506711755e-02
0.1962            	-8.4374210309e-01	9.2569309698e-01	-1.5409672408e+00	-1.6142257235e+00	7.3258482679e-02
0.1964            	-8.4210076645e-01	9.2676353875e-01	-1.5376872837e+00	-1.6109444083e+00	7.3257124586e-02
0.1966            	-8.3946495673e-01	9.2807971570e-01	-1.5335054734e+00	-1.6062176934e+00	7.2712220047e-02
0.1968            	-8.3773287388e-01	9.2958192705e-01	-1.5301708852e+00	-1.6028183165e+00	7.2647431260e-02
0.197             	-8.3529500513e-01	9.3069781828e-01	-1.5260831658e+00	-1.5983365881e+00	7.2253422216e-02
0.1972            	-8.3353331467e-01	9.3179007816e-01	-1.5228837308e+00	-1.5949751801e+00	7.2091449274e-02
0.1974            	-8.3091168667e-01	9.3282910716e-01	-1.5185480998e+00	-1.5901857366e+00	7.1637636765e-02
0.1976            	-8.2909525114e-01	9.3429509666e-01	-1.5152239462e+00	-1.5867072242e+00	7.1483278042e-02
0.1978            	-8.2663142001e-01	9.3541553145e-01	-1.5111434960e+00	-1.5822031680e+00	7.1059672019e-02
0.198             	-8.2491852835e-01	9.3673633026e-01	-1.5081465206e+00	-1.5789917887e+00	7.0845268043e-02
0.1982            	-8.2238558825e-01	9.3789861199e-01	-1.5039908763e+00	-1.5743810264e+00	7.0390150095e-02
0.1984            	-8.2083153316e-01	9.3945585026e-01	-1.5009520816e+00	-1.5713075740e+00	7.0355492341e-02
0.1986            	-8.1833374826e-01	9.4053016061e-01	-1.4969318275e+00	-1.5667996620e+00	6.9867834535e-02
0.1988            	-8.1693791886e-01	9.4171808125e-01	-1.4941021561e+00	-1.5639889969e+00	6.9886840803e-02
0.199             	-8.1431540040e-01	9.4320016407e-01	-1.4902032819e+00	-1.5594170414e+00	6.9213759437e-02
0.1992            	-8.1222865168e-01	9.4440225902e-01	-1.4868944627e+00	-1.5556758830e+00	6.8781420327e-02
0.1994            	-8.1063608034e-01	9.4613749234e-01	-1.4837616749e+00	-1.5525169178e+00	6.8755242873e-02
0.1996            	-8.0836616343e-01	9.4746001161e-01	-1.4800725711e+00	-1.5484024490e+00	6.8329877865e-02
0.1998            	-8.0708440100e-01	9.4911071039e-01	-1.4774458589e+00	-1.5458073305e+00	6.8361471542e-02
0.2               	-8.0457235246e-01	9.5043070815e-01	-1.4735279009e+00	-1.5413363029e+00	6.7808402009e-02
0.2002            	-8.0256451365e-01	9.5154095743e-01	-1.4700082847e+00	-1.5375686560e+00	6.7560371313e-02
0.2004            	-8.0075556999e-01	9.5332267220e-01	-1.4668627030e+00	-1.5341869215e+00	6.7324218484e-02
0.2006            	-7.9838762757e-01	9.5467552275e-01	-1.4631048378e+00	-1.5299400465e+00	6.6835208651e-02
0.2008            	-7.9663908798e-01	9.5501295486e-01	-1.4597182836e+00	-1.5264982298e+00	6.6779946175e-02
0.201             	-7.9379164267e-01	9.5675509282e-01	-1.4556563140e+00	-1.5216197997e+00	6.5963485675e-02
0.2012            	-7.9107540754e-01	9.5751220371e-01	-1.4515019010e+00	-1.5168263581e+00	6.5324457020e-02
0.2014            	-7.8952161713e-01	9.5842330831e-01	-1.4483774790e+00	-1.5137103566e+00	6.5332877646e-02
0.2016            	-7.8677371134e-01	9.5982044137e-01	-1.4443272607e+00	-1.5089373417e+00	6.4610080993e-02
0.2018            	-7.8429127290e-01	9.6085267644e-01	-1.4404004237e+00	-1.5044914847e+00	6.4091061061e-02
0.202             	-7.8245241307e-01	9.6118764329e-01	-1.4369121855e+00	-1.5009085058e+00	6.3996320323e-02
0.2022            	-7.8007480143e-01	9.6331657316e-01	-1.4332159892e+00	-1.4966827960e+00	6.3466806824e-02
0.2024            	-7.7748628025e-01	9.6443030139e-01	-1.4291146188e+00	-1.4920435897e+00	6.2928970838e-02
0.2026            	-7.7499277184e-01	9.6528660828e-01	-1.4251792511e+00	-1.4875823974e+00	6.2403146296e-02
0.2028            	-7.7319104742e-01	9.6687747205e-01	-1.4219428842e+00	-1.4841624895e+00	6.2219605295e-02
0.203             	-7.7089254202e-01	9.6816230680e-01	-1.4183701686e+00	-1.4800776263e+00	6.1707457717e-02
0.2032            	-7.6838221685e-01	9.6918136364e-01	-1.4144762423e+00	-1.4756203380e+00	6.1144095681e-02
0.2034            	-7.6621503415e-01	9.6993939196e-01	-1.4109284618e+00	-1.4716792651e+00	6.0750803247e-02
0.2036            	-7.6437215206e-01	9.7189532789e-01	-1.4078064407e+00	-1.4682753724e+00	6.0468931716e-02
0.2038            	-7.6174819434e-01	9.7288975649e-01	-1.4038651472e+00	-1.4636807680e+00	5.9815620734e-02
0.204             	-7.5941784535e-01	9.7402786169e-01	-1.4002818967e+00	-1.4595587937e+00	5.9276896990e-02
0.2042            	-7.5681034205e-01	9.7442995966e-01	-1.3964328553e+00	-1.4550267697e+00	5.8593914413e-02
0.2044            	-7.5511974680e-01	9.7589368994e-01	-1.3935194414e+00	-1.4518794675e+00	5.8360026097e-02
0.2046            	-7.5280404782e-01	9.7702490127e-01	-1.3900541375e+00	-1.4478311166e+00	5.7776979062e-02
0.2048            	-7.5046813363e-01	9.7825867244e-01	-1.3864665001e+00	-1.4437013837e+00	5.7234883592e-02
0.205             	-7.4807491471e-01	9.7936173695e-01	-1.3827826888e+00	-1.4394662591e+00	5.6683570303e-02
0.2052            	-7.4572435574e-01	9.8049651561e-01	-1.3792435742e+00	-1.4353461428e+00	5.6102568653e-02
0.2054            	-7.4393323303e-01	9.8127101574e-01	-1.3759443335e+00	-1.4319053998e+00	5.5961066287e-02
0.2056            	-7.4188490832e-01	9.8315947748e-01	-1.3727387835e+00	-1.4282543001e+00	5.5515516579e-02
0.2058            	-7.3933784870e-01	9.8416396974e-01	-1.3689400310e+00	-1.4238078642e+00	5.4867833195e-02
0.206             	-7.3699203108e-01	9.8509340794e-01	-1.3652673849e+00	-1.4196257235e+00	5.4358338641e-02
0.2062            	-7.3415778177e-01	9.8608735766e-01	-1.3613607820e+00	-1.4148381728e+00	5.3477390778e-02
0.2064            	-7.3162112750e-01	9.8698372422e-01	-1.3574885916e+00	-1.4103654233e+00	5.2876831681e-02
0.2066            	-7.2895655124e-01	9.8761098987e-01	-1.3535527987e+00	-1.4057329506e+00	5.2180151903e-02
0.2068            	-7.2645675988e-01	9.8840922525e-01	-1.3498067207e+00	-1.4013601202e+00	5.1553399551e-02
0.207             	-7.2411793586e-01	9.8927970130e-01	-1.3460061907e+00	-1.3971210312e+00	5.1114840506e-02
0.2072            	-7.2188363030e-01	9.8965651926e-01	-1.3425178697e+00	-1.3931425652e+00	5.0624695450e-02
0.2074            	-7.1943696292e-01	9.9140725426e-01	-1.3388929245e+00	-1.3888834252e+00	4.9990500697e-02
0.2076            	-7.1688368762e-01	9.9256252356e-01	-1.3351046692e+00	-1.3844360222e+00	4.9331352997e-02
0.2078            	-7.1479365301e-01	9.9361053159e-01	-1.3317281983e+00	-1.3806577522e+00	4.8929553844e-02
0.208             	-7.1211610953e-01	9.9423120862e-01	-1.3277653087e+00	-1.3759987639e+00	4.8233455180e-02
0.2082            	-7.0985909777e-01	9.9552329183e-01	-1.3243849968e+00	-1.3720515962e+00	4.7666599374e-02
0.2084            	-7.0720587049e-01	9.9615120191e-01	-1.3205678936e+00	-1.3674898173e+00	4.6921923677e-02
0.2086            	-7.0505843039e-01	9.9731265187e-01	-1.3173068986e+00	-1.3637118797e+00	4.6404981081e-02
0.2088            	-7.0283555087e-01	9.9845332899e-01	-1.3139928592e+00	-1.3598319805e+00	4.5839121265e-02
0.209             	-7.0070076226e-01	9.9969882345e-01	-1.3107547978e+00	-1.3560781612e+00	4.5323363339e-02
0.2092            	-6.9864075227e-01	1.0010726011e+00	-1.3076139940e+00	-1.3524477493e+00	4.4833755291e-02
0.2094            	-6.9664616119e-01	1.0024048142e+00	-1.3046992188e+00	-1.3489957706e+00	4.4296551777e-02
0.2096            	-6.9463225693e-01	1.0037716659e+00	-1.3016319951e+00	-1.3454482545e+00	4.3816259361e-02
0.2098            	-6.9235501756e-01	1.0047968514e+00	-1.2982143620e+00	-1.3414621986e+00	4.3247836562e-02
0.21              	-6.9009013619e-01	1.0050030590e+00	-1.2945928452e+00	-1.3373865588e+00	4.2793713583e-02
0.2102            	-6.8731903225e-01	1.0066634794e+00	-1.2907500416e+00	-1.3326940530e+00	4.1944011471e-02
0.2104            	-6.8469025549e-01	1.0078471419e+00	-1.2871231058e+00	-1.3282518084e+00	4.1128702609e-02
0.2106            	-6.8225315354e-01	1.0089941142e+00	-1.2836131569e+00	-1.3240597320e+00	4.0446575101e-02
0.2108            	-6.7970622015e-01	1.0098055302e+00	-1.2799715381e+00	-1.3196919892e+00	3.9720451113e-02
0.211             	-6.7718963701e-01	1.0106670589e+00	-1.2763564801e+00	-1.3153678770e+00	3.9011396977e-02
0.2112            	-6.7459966051e-01	1.0114112420e+00	-1.2726605535e+00	-1.3109299373e+00	3.8269383732e-02
0.2114            	-6.7212220978e-01	1.0121381820e+00	-1.2690919308e+00	-1.3066681752e+00	3.7576244366e-02
0.2116            	-6.6991876986e-01	1.0129757564e+00	-1.2657592047e+00	-1.3027983722e+00	3.7039167525e-02
0.2118            	-6.6671865284e-01	1.0134459150e+00	-1.2613875077e+00	-1.2974124067e+00	3.6024899007e-02
0.212             	-6.6418197390e-01	1.0144182672e+00	-1.2577075204e+00	-1.2930357341e+00	3.5328213714e-02
0.2122            	-6.6173704451e-01	1.0154108983e+00	-1.2541942547e+00	-1.2888341719e+00	3.4639917147e-02
0.2124            	-6.5949383941e-01	1.0163367059e+00	-1.2508688962e+00	-1.2849282875e+00	3.4059391326e-02
0.2126            	-6.5668428930e-01	1.0167602598e+00	-1.2469573982e+00	-1.2801629884e+00	3.3205590216e-02
0.2128            	-6.5399481714e-01	1.0176591827e+00	-1.2433424169e+00	-1.2756660256e+00	3.2323608712e-02
0.213             	-6.5159988233e-01	1.0181435691e+00	-1.2398762099e+00	-1.2715379873e+00	3.1661777354e-02
0.2132            	-6.4913429255e-01	1.0194975474e+00	-1.2365164966e+00	-1.2673925409e+00	3.0876044248e-02
0.2134            	-6.4674774971e-01	1.0203186972e+00	-1.2331209606e+00	-1.2633082300e+00	3.0187269404e-02
0.2136            	-6.4454421686e-01	1.0214384665e+00	-1.2298406892e+00	-1.2594645614e+00	2.9623872268e-02
0.2138            	-6.4158001513e-01	1.0216001844e+00	-1.2261387695e+00	-1.2546493999e+00	2.8510630392e-02
0.214             	-6.3928180512e-01	1.0224417303e+00	-1.2229735042e+00	-1.2507685572e+00	2.7795052997e-02
0.2142            	-6.3690790706e-01	1.0234111360e+00	-1.2197801822e+00	-1.2467979982e+00	2.7017815965e-02
0.2144            	-6.3418821796e-01	1.0238928597e+00	-1.2161699938e+00	-1.2422732148e+00	2.6103221072e-02
0.2146            	-6.3171166953e-01	1.0246790682e+00	-1.2126950790e+00	-1.2380592090e+00	2.5364130040e-02
0.2148            	-6.2918518271e-01	1.0256077074e+00	-1.2091467383e+00	-1.2337585518e+00	2.4611813586e-02
0.215             	-6.2674336519e-01	1.0266908244e+00	-1.2057577340e+00	-1.2296222322e+00	2.3864498189e-02
0.2152            	-6.2421417034e-01	1.0277813588e+00	-1.2021110468e+00	-1.2252696937e+00	2.3158646934e-02
0.2154            	-6.2160640351e-01	1.0285920013e+00	-1.1986575155e+00	-1.2209351613e+00	2.2277645757e-02
0.2156            	-6.1883223578e-01	1.0291511475e+00	-1.1949532536e+00	-1.2163088626e+00	2.1355608965e-02
0.2158            	-6.1616758967e-01	1.0297436220e+00	-1.1912463216e+00	-1.2117907505e+00	2.0544428850e-02
0.216             	-6.1333971454e-01	1.0300804695e+00	-1.1874348990e+00	-1.2070571640e+00	1.9622265065e-02
0.2162            	-6.1059544150e-01	1.0306254837e+00	-1.1836250803e+00	-1.2024079817e+00	1.8782901349e-02
0.2164            	-6.0791534539e-01	1.0312908006e+00	-1.1798629456e+00	-1.1978468182e+00	1.7983872601e-02
0.2166            	-6.0521905914e-01	1.0319876445e+00	-1.1760853260e+00	-1.1932617221e+00	1.7176396143e-02
0.2168            	-6.0246881381e-01	1.0325191271e+00	-1.1722846249e+00	-1.1886111263e+00	1.6326501374e-02
0.217             	-5.9986087803e-01	1.0332257421e+00	-1.1686229307e+00	-1.1841723434e+00	1.5549412688e-02
0.2172            	-5.9735944647e-01	1.0338846282e+00	-1.1652874360e+00	-1.1800031645e+00	1.4715728445e-02
0.2174            	-5.9486386750e-01	1.0347565524e+00	-1.1617939537e+00	-1.1757608443e+00	1.3966890652e-02
0.2176            	-5.9212664130e-01	1.0351489139e+00	-1.1581924802e+00	-1.1712228814e+00	1.3030401182e-02
0.2178            	-5.8957195558e-01	1.0357414217e+00	-1.1548540153e+00	-1.1669989632e+00	1.2144947941e-02
0.218             	-5.8708935485e-01	1.0365406297e+00	-1.1515113095e+00	-1.1628450096e+00	1.1333700083e-02
0.2182            	-5.8463962900e-01	1.0373778334e+00	-1.1482023223e+00	-1.1587407901e+00	1.0538467849e-02
0.2184            	-5.8211607337e-01	1.0380620561e+00	-1.1449015009e+00	-1.1545668238e+00	9.6653229284e-03
0.2186            	-5.7962632662e-01	1.0387748438e+00	-1.1416452469e+00	-1.1504489501e+00	8.8037031783e-03
0.2188            	-5.7718326358e-01	1.0395363340e+00	-1.1385032859e+00	-1.1464349065e+00	7.9316206414e-03
0.219             	-5.7452395464e-01	1.0401677671e+00	-1.1349729238e+00	-1.1420104165e+00	7.0374927460e-03
0.2192            	-5.7191627302e-01	1.0408931927e+00	-1.1314867460e+00	-1.1376596460e+00	6.1729000008e-03
0.2194            	-5.6937250638e-01	1.0416943254e+00	-1.1280646538e+00	-1.1334048333e+00	5.3401794865e-03
0.2196            	-5.6679393741e-01	1.0424252641e+00	-1.1245271691e+00	-1.1290575220e+00	4.5303528625e-03
0.2198            	-5.6405215008e-01	1.0430248764e+00	-1.1210157949e+00	-1.1245600475e+00	3.5442526322e-03
0.22              	-5.6132592383e-01	1.0435669040e+00	-1.1174261896e+00	-1.1200390186e+00	2.6128290132e-03
0.2202            	-5.5856496248e-01	1.0440030358e+00	-1.1138311362e+00	-1.1154805306e+00	1.6493943938e-03
0.2204            	-5.5572217610e-01	1.0443047513e+00	-1.1101644529e+00	-1.1108044025e+00	6.3994964968e-04
0.2206            	-5.5294398601e-01	1.0445939562e+00	-1.1065613239e+00	-1.1062246479e+00	-3.3667592034e-04
0.2208            	-5.5013572367e-01	1.0449039345e+00	-1.1028534803e+00	-1.1015624638e+00	-1.2910164995e-03
0.221             	-5.4736270328e-01	1.0454409107e+00	-1.0990904217e+00	-1.0969079141e+00	-2.1825075605e-03
0.2212            	-5.4454345607e-01	1.0459031291e+00	-1.0952834508e+00	-1.0921851815e+00	-3.0982693111e-03
0.2214            	-5.4171964845e-01	1.0463033422e+00	-1.0914771498e+00	-1.0874582233e+00	-4.0189264344e-03
0.2216            	-5.3898556865e-01	1.0468187854e+00	-1.0877944447e+00	-1.0828827910e+00	-4.9116536866e-03
0.2218            	-5.3643074839e-01	1.0474302662e+00	-1.0848932661e+00	-1.0788773814e+00	-6.0158846366e-03
0.222             	-5.3366969951e-01	1.0479270047e+00	-1.0810134309e+00	-1.0741764149e+00	-6.8370159199e-03
0.2222            	-5.3107080594e-01	1.0483740330e+00	-1.0779487001e+00	-1.0700451560e+00	-7.9035440926e-03
0.2224            	-5.2844301916e-01	1.0488314358e+00	-1.0744047846e+00	-1.0656454115e+00	-8.7593731338e-03
0.2226            	-5.2576833609e-01	1.0492112662e+00	-1.0710982178e+00	-1.0613174450e+00	-9.7807728167e-03
0.2228            	-5.2307135450e-01	1.0497758390e+00	-1.0676616824e+00	-1.0569021957e+00	-1.0759486695e-02
0.223             	-5.2051181211e-01	1.0503568550e+00	-1.0644788221e+00	-1.0527512232e+00	-1.1727598960e-02
0.2232            	-5.1796954456e-01	1.0508699730e+00	-1.0613583396e+00	-1.0486487143e+00	-1.2709625224e-02
0.2234            	-5.1543609650e-01	1.0514345475e+00	-1.0582347349e+00	-1.0445534640e+00	-1.3681270952e-02
0.2236            	-5.1279175628e-01	1.0519680551e+00	-1.0548904843e+00	-1.0402369984e+00	-1.4653485878e-02
0.2238            	-5.1017787063e-01	1.0525660400e+00	-1.0515024714e+00	-1.0359291063e+00	-1.5573365050e-02
0.224             	-5.0754701754e-01	1.0533082348e+00	-1.0481382407e+00	-1.0316161379e+00	-1.6522102802e-02
0.2242            	-5.0486491786e-01	1.0538614139e+00	-1.0446784620e+00	-1.0272041489e+00	-1.7474313158e-02
0.2244            	-5.0207860153e-01	1.0542681353e+00	-1.0412151684e+00	-1.0226861857e+00	-1.8528982677e-02
0.2246            	-4.9926015293e-01	1.0546112758e+00	-1.0376479562e+00	-1.0180841310e+00	-1.9563825186e-02
0.2248            	-4.9636875144e-01	1.0547860481e+00	-1.0340253642e+00	-1.0133814335e+00	-2.0643930647e-02
0.225             	-4.9346380335e-01	1.0548031862e+00	-1.0304622101e+00	-1.0086949084e+00	-2.1767301679e-02
0.2252            	-4.9054600012e-01	1.0547411369e+00	-1.0268394876e+00	-1.0039657439e+00	-2.2873743693e-02
0.2254            	-4.8777670233e-01	1.0551087761e+00	-1.0233002861e+00	-9.9942684536e-01	-2.3873440706e-02
0.2256            	-4.8496297682e-01	1.0554015925e+00	-1.0196545120e+00	-9.9479023282e-01	-2.4864279184e-02
0.2258            	-4.8213777196e-01	1.0557885540e+00	-1.0160092367e+00	-9.9014239030e-01	-2.5866846388e-02
0.226             	-4.7934580118e-01	1.0561512790e+00	-1.0124489278e+00	-9.8557026506e-01	-2.6878662692e-02
0.2262            	-4.7661796193e-01	1.0566445525e+00	-1.0089672830e+00	-9.8110160344e-01	-2.7865679583e-02
0.2264            	-4.7377202070e-01	1.0567614521e+00	-1.0055170598e+00	-9.7653055061e-01	-2.8986509215e-02
0.2266            	-4.7099587038e-01	1.0569569391e+00	-1.0020502284e+00	-9.7202098457e-01	-3.0029243807e-02
0.2268            	-4.6817180376e-01	1.0571032133e+00	-9.9866075702e-01	-9.6750218227e-01	-3.1158574757e-02
0.227             	-4.6540364641e-01	1.0573078830e+00	-9.9536298473e-01	-9.6308513877e-01	-3.2277845957e-02
0.2272            	-4.6270258573e-01	1.0576096116e+00	-9.9203252758e-01	-9.5871884952e-01	-3.3313678061e-02
0.2274            	-4.6000378096e-01	1.0580217319e+00	-9.8870872197e-01	-9.5435814194e-01	-3.4350580029e-02
0.2276            	-4.5738920227e-01	1.0584608273e+00	-9.8545166520e-01	-9.5011503487e-01	-3.5336630326e-02
0.2278            	-4.5481258236e-01	1.0588042888e+00	-9.8238655854e-01	-9.4600586163e-01	-3.6380696909e-02
0.228             	-4.5212809500e-01	1.0590460740e+00	-9.7917758423e-01	-9.4171688711e-01	-3.7460697120e-02
0.2282            	-4.4941421792e-01	1.0593691499e+00	-9.7582638366e-01	-9.3732740975e-01	-3.8498973912e-02
0.2284            	-4.4672271403e-01	1.0599991154e+00	-9.7244884488e-01	-9.3294713647e-01	-3.9501708405e-02
0.2286            	-4.4397842260e-01	1.0603542484e+00	-9.6901766066e-01	-9.2848725294e-01	-4.0530407729e-02
0.2288            	-4.4131776916e-01	1.0608474997e+00	-9.6561627882e-01	-9.2412590857e-01	-4.1490370249e-02
0.229             	-4.3852652961e-01	1.0611647531e+00	-9.6220301233e-01	-9.1962803578e-01	-4.2574976552e-02
0.2292            	-4.3574483476e-01	1.0613359036e+00	-9.5874990589e-01	-9.1511978771e-01	-4.3630118181e-02
0.2294            	-4.3295606858e-01	1.0615176478e+00	-9.5529222811e-01	-9.1060218264e-01	-4.4690045471e-02
0.2296            	-4.3000739092e-01	1.0613752322e+00	-9.5178892983e-01	-9.0590185583e-01	-4.5887073998e-02
0.2298            	-4.2719007912e-01	1.0615530397e+00	-9.4828553743e-01	-9.0133284783e-01	-4.6952689596e-02
0.23              	-4.2435367379e-01	1.0617626730e+00	-9.4473442600e-01	-8.9672088679e-01	-4.8013539215e-02
0.2302            	-4.2153048138e-01	1.0620401900e+00	-9.4115125972e-01	-8.9210611124e-01	-4.9045148484e-02
0.2304            	-4.1867871186e-01	1.0622553745e+00	-9.3756395683e-01	-8.8746069027e-01	-5.0103266555e-02
0.2306            	-4.1581201809e-01	1.0623906522e+00	-9.3397383014e-01	-8.8279893317e-01	-5.1174896978e-02
0.2308            	-4.1314003060e-01	1.0627042487e+00	-9.3074150557e-01	-8.7851078339e-01	-5.2230722183e-02
0.231             	-4.1032643942e-01	1.0629269269e+00	-9.2728931692e-01	-8.7397109788e-01	-5.3318219037e-02
0.2312            	-4.0753413076e-01	1.0629959918e+00	-9.2399498980e-01	-8.6953162566e-01	-5.4463364145e-02
0.2314            	-4.0480813852e-01	1.0631735202e+00	-9.2069601392e-01	-8.6515614548e-01	-5.5539868439e-02
0.2316            	-4.0205170098e-01	1.0633217332e+00	-9.1742904238e-01	-8.6076622217e-01	-5.6662820213e-02
0.2318            	-3.9928652495e-01	1.0633465518e+00	-9.1421037507e-01	-8.5639171249e-01	-5.7818662579e-02
0.232             	-3.9656921911e-01	1.0634747710e+00	-9.1100861287e-01	-8.5207352555e-01	-5.8935087325e-02
0.2322            	-3.9390775720e-01	1.0636313967e+00	-9.0793052623e-01	-8.4787302032e-01	-6.0057505918e-02
0.2324            	-3.9121734871e-01	1.0640227298e+00	-9.0475813232e-01	-8.4359641487e-01	-6.1161717444e-02
0.2326            	-3.8850424871e-01	1.0642051481e+00	-9.0154834413e-01	-8.3927842078e-01	-6.2269923355e-02
0.2328            	-3.8576968970e-01	1.0644241536e+00	-8.9824052981e-01	-8.3488995460e-01	-6.3350575205e-02
0.233             	-3.8305367969e-01	1.0648465032e+00	-8.9491006084e-01	-8.3050871011e-01	-6.4401350733e-02
0.2332            	-3.8027270160e-01	1.0650759422e+00	-8.9157479667e-01	-8.2606009993e-01	-6.5514696741e-02
0.2334            	-3.7737966727e-01	1.0650249943e+00	-8.8815346873e-01	-8.2145640164e-01	-6.6697067092e-02
0.2336            	-3.7455895179e-01	1.0652237937e+00	-8.8469487826e-01	-8.1690639092e-01	-6.7788487341e-02
0.2338            	-3.7422775321e-01	1.0652493675e+00	-8.8741358545e-01	-8.1793454593e-01	-6.9479039517e-02
0.234             	-3.6872578597e-01	1.0649390393e+00	-8.7776162974e-01	-8.0760660084e-01	-7.0155028903e-02
0.2342            	-3.6586334101e-01	1.0646202266e+00	-8.7440081654e-01	-8.0306374928e-01	-7.1337067256e-02
0.2344            	-3.6304438543e-01	1.0644412069e+00	-8.7111317409e-01	-7.9860097248e-01	-7.2512201609e-02
0.2346            	-3.6006389852e-01	1.0643940497e+00	-8.6747126333e-01	-7.9379953019e-01	-7.3671733143e-02
0.2348            	-3.5718763806e-01	1.0644770401e+00	-8.6397749678e-01	-7.8917638645e-01	-7.4801110335e-02
0.235             	-3.5429720483e-01	1.0644968611e+00	-8.6046080904e-01	-7.8452760935e-01	-7.5933199688e-02
0.2352            	-3.5148930935e-01	1.0646326144e+00	-8.5712176543e-01	-7.8005019207e-01	-7.7071573362e-02
0.2354            	-3.4866203734e-01	1.0646937545e+00	-8.5371699586e-01	-7.7552053527e-01	-7.8196460587e-02
0.2356            	-3.4592132757e-01	1.0648713328e+00	-8.5044684695e-01	-7.7114475105e-01	-7.9302095903e-02
0.2358            	-3.4311048662e-01	1.0649191334e+00	-8.4719754133e-01	-7.6670925729e-01	-8.0488284043e-02
0.236             	-3.4031715964e-01	1.0649116468e+00	-8.4395137506e-01	-7.6229284717e-01	-8.1658527893e-02
0.2362            	-3.3750781652e-01	1.0647488752e+00	-8.4074751035e-01	-7.5788157170e-01	-8.2865938655e-02
0.2364            	-3.3471355879e-01	1.0646995807e+00	-8.3750246303e-01	-7.5346479030e-01	-8.4037672727e-02
0.2366            	-3.3196667268e-01	1.0645481999e+00	-8.3442146405e-01	-7.4917740471e-01	-8.5244059346e-02
0.2368            	-3.2919172105e-01	1.0647015990e+00	-8.3124652926e-01	-7.4481498568e-01	-8.6431543585e-02
0.237             	-3.2648289416e-01	1.0646403714e+00	-8.2820835245e-01	-7.4058707039e-01	-8.7621282068e-02
0.2372            	-3.2371530953e-01	1.0646133230e+00	-8.2503823287e-01	-7.3623442597e-01	-8.8803806900e-02
0.2374            	-3.2094261008e-01	1.0648248583e+00	-8.2175817836e-01	-7.3182169925e-01	-8.9936479102e-02
0.2376            	-3.1813276689e-01	1.0648037898e+00	-8.1847807002e-01	-7.2737180191e-01	-9.1106268119e-02
0.2378            	-3.1534768722e-01	1.0649075002e+00	-8.1517232086e-01	-7.2293384765e-01	-9.2238473210e-02
0.238             	-3.1250196200e-01	1.0649462750e+00	-8.1190678703e-01	-7.1845535551e-01	-9.3451431511e-02
0.2382            	-3.0963994716e-01	1.0647919694e+00	-8.0854621319e-01	-7.1391305376e-01	-9.4633159432e-02
0.2384            	-3.0679985829e-01	1.0647684248e+00	-8.0514812496e-01	-7.0937392077e-01	-9.5774204192e-02
0.2386            	-3.0388910712e-01	1.0642812507e+00	-8.0185343735e-01	-7.0481582580e-01	-9.7037611555e-02
0.2388            	-3.0107042983e-01	1.0640762822e+00	-7.9858681293e-01	-7.0036383630e-01	-9.8222976631e-02
0.239             	-2.9820426279e-01	1.0641705155e+00	-7.9521384491e-01	-6.9581118525e-01	-9.9402659665e-02
0.2392            	-2.9524069784e-01	1.0639033481e+00	-7.9164191578e-01	-6.9106165573e-01	-1.0058026005e-01
0.2394            	-2.9234893645e-01	1.0637780583e+00	-7.8825693494e-01	-6.8647740393e-01	-1.0177953102e-01
0.2396            	-2.8946083313e-01	1.0635872451e+00	-7.8490092169e-01	-6.8191129398e-01	-1.0298962771e-01
0.2398            	-2.8664645213e-01	1.0636736033e+00	-7.8156351384e-01	-6.7742820905e-01	-1.0413530479e-01
0.24              	-2.8384313849e-01	1.0634883260e+00	-7.7836897549e-01	-6.7302762623e-01	-1.0534134926e-01
0.2402            	-2.8104056227e-01	1.0633587732e+00	-7.7518409717e-01	-6.6863261085e-01	-1.0655148632e-01
0.2404            	-2.7824730370e-01	1.0631799511e+00	-7.7203917030e-01	-6.6426688885e-01	-1.0777228145e-01
0.2406            	-2.7545543056e-01	1.0630836197e+00	-7.6886451010e-01	-6.5988768561e-01	-1.0897682449e-01
0.2408            	-2.7264152439e-01	1.0628291024e+00	-7.6575826086e-01	-6.5552065482e-01	-1.1023760604e-01
0.241             	-2.6976258158e-01	1.0628157683e+00	-7.6250237884e-01	-6.5101377100e-01	-1.1148860784e-01
0.2412            	-2.6700579884e-01	1.0625185389e+00	-7.5944169001e-01	-6.4672664384e-01	-1.1271504617e-01
0.2414            	-2.6427812257e-01	1.0622744061e+00	-7.5649500203e-01	-6.4252562359e-01	-1.1396937845e-01
0.2416            	-2.6146185524e-01	1.0621198895e+00	-7.5330590370e-01	-6.3811480709e-01	-1.1519109661e-01
0.2418            	-2.5863469012e-01	1.0618510050e+00	-7.5012176087e-01	-6.3369557056e-01	-1.1642619032e-01
0.242             	-2.5580768476e-01	1.0617352159e+00	-7.4684818140e-01	-6.2923177546e-01	-1.1761640594e-01
0.2422            	-2.5299956545e-01	1.0616265065e+00	-7.4365555423e-01	-6.2482734256e-01	-1.1882821166e-01
0.2424            	-2.5016269745e-01	1.0614613296e+00	-7.4038118264e-01	-6.2035328877e-01	-1.2002789388e-01
0.2426            	-2.4728177944e-01	1.0612251967e+00	-7.3712181214e-01	-6.1584268551e-01	-1.2127912663e-01
0.2428            	-2.4445093166e-01	1.0607975955e+00	-7.3390715114e-01	-6.1140450723e-01	-1.2250264391e-01
0.243             	-2.4164356115e-01	1.0603692910e+00	-7.3073446599e-01	-6.0701079414e-01	-1.2372367185e-01
0.2432            	-2.3868869860e-01	1.0599212943e+00	-7.2742788538e-01	-6.0240264129e-01	-1.2502524409e-01
0.2434            	-2.3589535656e-01	1.0594725077e+00	-7.2427250838e-01	-5.9803161075e-01	-1.2624089763e-01
0.2436            	-2.3302251160e-01	1.0592697109e+00	-7.2084197477e-01	-5.9344349898e-01	-1.2739847579e-01
0.2438            	-2.3018929209e-01	1.0592197960e+00	-7.1755435735e-01	-5.8896647077e-01	-1.2858788658e-01
0.244             	-2.2732972839e-01	1.0590709083e+00	-7.1426527133e-01	-5.8446236405e-01	-1.2980290728e-01
0.2442            	-2.2449284878e-01	1.0587981784e+00	-7.1107723465e-01	-5.8003146610e-01	-1.3104576855e-01
0.2444            	-2.2168531685e-01	1.0585775486e+00	-7.0788485087e-01	-5.7562774228e-01	-1.3225710859e-01
0.2446            	-2.1889386971e-01	1.0582820575e+00	-7.0477486736e-01	-5.7128130339e-01	-1.3349356397e-01
0.2448            	-2.1605773004e-01	1.0579028930e+00	-7.0166185065e-01	-5.6688865536e-01	-1.3477319529e-01
0.245             	-2.1327100735e-01	1.0575065396e+00	-6.9854098645e-01	-5.6254150057e-01	-1.3599948588e-01
0.2452            	-2.1041334172e-01	1.0569982448e+00	-6.9537992347e-01	-5.5810330345e-01	-1.3727662002e-01
0.2454            	-2.0756862862e-01	1.0564792586e+00	-6.9232203235e-01	-5.5372964479e-01	-1.3859238756e-01
0.2456            	-2.0485097045e-01	1.0559831686e+00	-6.8934265906e-01	-5.4952229998e-01	-1.3982035908e-01
0.2458            	-2.0211254502e-01	1.0553405248e+00	-6.8643557961e-01	-5.4533033482e-01	-1.4110524478e-01
0.246             	-1.9932033287e-01	1.0546815173e+00	-6.8343209012e-01	-5.4103637794e-01	-1.4239571219e-01
0.2462            	-1.9648504107e-01	1.0542461497e+00	-6.8030242647e-01	-5.3663625431e-01	-1.4366617216e-01
0.2464            	-1.9366641504e-01	1.0537941520e+00	-6.7712690675e-01	-5.3222986842e-01	-1.4489703833e-01
0.2466            	-1.9085513488e-01	1.0533566599e+00	-6.7400042290e-01	-5.2785534633e-01	-1.4614507657e-01
0.2468            	-1.8805442444e-01	1.0530173609e+00	-6.7087203370e-01	-5.2349044129e-01	-1.4738159241e-01
0.247             	-1.8513484193e-01	1.0528887634e+00	-6.6757172816e-01	-5.1892070601e-01	-1.4865102215e-01
0.2472            	-1.8232712444e-01	1.0525810854e+00	-6.6435481640e-01	-5.1450453265e-01	-1.4985028376e-01
0.2474            	-1.7944845499e-01	1.0518502406e+00	-6.6117963066e-01	-5.1003827032e-01	-1.5114136034e-01
0.2476            	-1.7669974747e-01	1.0512993468e+00	-6.5813766720e-01	-5.0576858107e-01	-1.5236908613e-01
0.2478            	-1.7391613938e-01	1.0507113290e+00	-6.5505623198e-01	-5.0144425537e-01	-1.5361197661e-01
0.248             	-1.7112661774e-01	1.0503375204e+00	-6.5190157446e-01	-4.9707740497e-01	-1.5482416949e-01
0.2482            	-1.6826661138e-01	1.0500162674e+00	-6.4863509610e-01	-4.9258415943e-01	-1.5605093667e-01
0.2484            	-1.6541150129e-01	1.0496373404e+00	-6.4541022521e-01	-4.8811661389e-01	-1.5729361132e-01
0.2486            	-1.6258777357e-01	1.0494176494e+00	-6.4222896783e-01	-4.8370225748e-01	-1.5852671034e-01
0.2488            	-1.5966246875e-01	1.0491313386e+00	-6.3897437343e-01	-4.7914965547e-01	-1.5982471797e-01
0.249             	-1.5682409794e-01	1.0486640134e+00	-6.3588018623e-01	-4.7476419106e-01	-1.6111599517e-01
0.2492            	-1.5399879315e-01	1.0481200309e+00	-6.3285726850e-01	-4.7042742740e-01	-1.6242984110e-01
0.2494            	-1.5123479917e-01	1.0475894171e+00	-6.2999515956e-01	-4.6623237895e-01	-1.6376278061e-01
0.2496            	-1.4845048134e-01	1.0469259655e+00	-6.2699735217e-01	-4.6194915742e-01	-1.6504819475e-01
0.2498            	-1.4567849936e-01	1.0463585373e+00	-6.2396357262e-01	-4.5766028567e-01	-1.6630328695e-01
0.25              	-1.4295805818e-01	1.0457908619e+00	-6.2113671111e-01	-4.5352641373e-01	-1.6761029738e-01
0.2502            	-1.4022964395e-01	1.0452960243e+00	-6.1832277309e-01	-4.4939103050e-01	-1.6893174259e-01
0.2504            	-1.3752148326e-01	1.0446780350e+00	-6.1555238776e-01	-4.4529767714e-01	-1.7025471063e-01
0.2506            	-1.3467327423e-01	1.0441844429e+00	-6.1252407725e-01	-4.4093531286e-01	-1.7158876439e-01
0.2508            	-1.3188427596e-01	1.0436636505e+00	-6.0941304509e-01	-4.3659079850e-01	-1.7282224659e-01
0.251             	-1.2908402041e-01	1.0431615497e+00	-6.0640510582e-01	-4.3228657332e-01	-1.7411853250e-01
0.2512            	-1.2624592054e-01	1.0425856538e+00	-6.0322262573e-01	-4.2785723341e-01	-1.7536539233e-01
0.2514            	-1.2344757209e-01	1.0419792561e+00	-6.0010657552e-01	-4.2350085985e-01	-1.7660571567e-01
0.2516            	-1.2064857194e-01	1.0412317381e+00	-5.9706267120e-01	-4.1917990754e-01	-1.7788276366e-01
0.2518            	-1.1783101786e-01	1.0402766890e+00	-5.9403749057e-01	-4.1484976315e-01	-1.7918772742e-01
0.252             	-1.1507744709e-01	1.0394993576e+00	-5.9109502534e-01	-4.1062495977e-01	-1.8047006558e-01
0.2522            	-1.1232149069e-01	1.0387906446e+00	-5.8812144593e-01	-4.0638221365e-01	-1.8173923228e-01
0.2524            	-1.0944352517e-01	1.0383442367e+00	-5.8495130883e-01	-4.0191917959e-01	-1.8303212925e-01
0.2526            	-1.0663907566e-01	1.0378717973e+00	-5.8177884672e-01	-3.9752849903e-01	-1.8425034770e-01
0.2528            	-1.0380695087e-01	1.0372476827e+00	-5.7862900187e-01	-3.9312145180e-01	-1.8550755007e-01
0.253             	-1.0097995434e-01	1.0366171895e+00	-5.7556340439e-01	-3.8876165654e-01	-1.8680174785e-01
0.2532            	-9.8172896038e-02	1.0361382169e+00	-5.7253494609e-01	-3.8444036908e-01	-1.8809457701e-01
0.2534            	-9.5427777133e-02	1.0356940553e+00	-5.6948646141e-01	-3.8017100784e-01	-1.8931545357e-01
0.2536            	-9.2631496787e-02	1.0351017047e+00	-5.6650219210e-01	-3.7588259283e-01	-1.9061959926e-01
0.2538            	-8.9947995428e-02	1.0344031347e+00	-5.6362321064e-01	-3.7175960075e-01	-1.9186360989e-01
0.254             	-8.7018567206e-02	1.0336599266e+00	-5.6057699840e-01	-3.6730706640e-01	-1.9326993199e-01
0.2542            	-8.4317534885e-02	1.0329298694e+00	-5.5772856454e-01	-3.6318181716e-01	-1.9454674739e-01
0.2544            	-8.1628870243e-02	1.0321814830e+00	-5.5485737806e-01	-3.5905755927e-01	-1.9579981879e-01
0.2546            	-7.8925631479e-02	1.0314345245e+00	-5.5198303711e-01	-3.5491715003e-01	-1.9706588708e-01
0.2548            	-7.6323468975e-02	1.0306329399e+00	-5.4935715045e-01	-3.5100204420e-01	-1.9835510625e-01
0.255             	-7.3643355808e-02	1.0298587014e+00	-5.4648941978e-01	-3.4688806570e-01	-1.9960135408e-01
0.2552            	-7.0920268080e-02	1.0291011734e+00	-5.4360446135e-01	-3.4272249875e-01	-2.0088196259e-01
0.2554            	-6.8188993755e-02	1.0283064893e+00	-5.4069069354e-01	-3.3853434053e-01	-2.0215635302e-01
0.2556            	-6.5440190939e-02	1.0274659785e+00	-5.3775913619e-01	-3.3431975903e-01	-2.0343937715e-01
0.2558            	-6.2584598950e-02	1.0266582567e+00	-5.3471619263e-01	-3.2994269527e-01	-2.0477349737e-01
0.256             	-5.9842516306e-02	1.0256677925e+00	-5.3184374682e-01	-3.2576438971e-01	-2.0607935710e-01
0.2562            	-5.7122017257e-02	1.0245334142e+00	-5.2894811688e-01	-3.2159607570e-01	-2.0735204118e-01
0.2564            	-5.4409178234e-02	1.0234377092e+00	-5.2614137303e-01	-3.1747986475e-01	-2.0866150828e-01
0.2566            	-5.1751907284e-02	1.0224135946e+00	-5.2339334665e-01	-3.1344858061e-01	-2.0994476604e-01
0.2568            	-4.9046517640e-02	1.0216275990e+00	-5.2047218260e-01	-3.0928260894e-01	-2.1118957366e-01
0.257             	-4.6313585665e-02	1.0209434813e+00	-5.1747352296e-01	-3.0505034714e-01	-2.1242317581e-01
0.2572            	-4.3501456206e-02	1.0206297290e+00	-5.1448518929e-01	-3.0074405085e-01	-2.1374113844e-01
0.2574            	-4.0757701322e-02	1.0199197270e+00	-5.1148590651e-01	-2.9650065457e-01	-2.1498525193e-01
0.2576            	-3.8023611736e-02	1.0192233177e+00	-5.0851643795e-01	-2.9228183071e-01	-2.1623460724e-01
0.2578            	-3.5412974834e-02	1.0183569480e+00	-5.0590277528e-01	-2.8836436248e-01	-2.1753841281e-01
0.258             	-3.2758637708e-02	1.0175313013e+00	-5.0319014649e-01	-2.8435371095e-01	-2.1883643554e-01
0.2582            	-3.0101091380e-02	1.0166414182e+00	-5.0032599932e-01	-2.8026409104e-01	-2.2006190828e-01
0.2584            	-2.7457595550e-02	1.0156720580e+00	-4.9751492531e-01	-2.7621505821e-01	-2.2129986711e-01
0.2586            	-2.4849439855e-02	1.0145903347e+00	-4.9484945138e-01	-2.7227416554e-01	-2.2257528583e-01
0.2588            	-2.2122341801e-02	1.0135664540e+00	-4.9197184748e-01	-2.6810826554e-01	-2.2386358194e-01
0.259             	-1.9550627407e-02	1.0124475746e+00	-4.8933134049e-01	-2.6421629765e-01	-2.2511504284e-01
0.2592            	-1.7025992617e-02	1.0114346914e+00	-4.8679661693e-01	-2.6042430108e-01	-2.2637231585e-01
0.2594            	-1.4475210587e-02	1.0104036454e+00	-4.8421057179e-01	-2.5658049648e-01	-2.2763007531e-01
0.2596            	-1.1868484712e-02	1.0094623015e+00	-4.8153426094e-01	-2.5263561518e-01	-2.2889864576e-01
0.2598            	-9.2716130671e-03	1.0084060997e+00	-4.7880144298e-01	-2.4867233456e-01	-2.3012910842e-01
0.26              	-6.6603788422e-03	1.0074282699e+00	-4.7613255185e-01	-2.4472665477e-01	-2.3140589708e-01
0.2602            	-3.9159299390e-03	1.0064113701e+00	-4.7328840198e-01	-2.4056013093e-01	-2.3272827105e-01
0.2604            	-1.3354570230e-03	1.0053225324e+00	-4.7057917815e-01	-2.3662504610e-01	-2.3395413205e-01
0.2606            	1.2813888409e-03	1.0039664031e+00	-4.6793455871e-01	-2.3268589052e-01	-2.3524866820e-01
0.2608            	3.8503803597e-03	1.0025730831e+00	-4.6534434441e-01	-2.2882179184e-01	-2.3652255256e-01
0.261             	6.3270838360e-03	1.0014237310e+00	-4.6283677327e-01	-2.2509130280e-01	-2.3774547047e-01
0.2612            	8.8601548254e-03	1.0003156666e+00	-4.6026975966e-01	-2.2127472500e-01	-2.3899503465e-01
0.2614            	1.1423172305e-02	9.9931211918e-01	-4.5757076702e-01	-2.1736221121e-01	-2.4020855581e-01
0.2616            	1.4147843849e-02	9.9874797846e-01	-4.5469301048e-01	-2.1319866139e-01	-2.4149434909e-01
0.2618            	1.6800820267e-02	9.9787415896e-01	-4.5180343710e-01	-2.0910089828e-01	-2.4270253882e-01
0.262             	1.9419821457e-02	9.9697240402e-01	-4.4909242212e-01	-2.0512638960e-01	-2.4396603251e-01
0.2622            	2.2028252364e-02	9.9603999425e-01	-4.4637019784e-01	-2.0115684656e-01	-2.4521335129e-01
0.2624            	2.4549200740e-02	9.9531122944e-01	-4.4378854927e-01	-1.9734507390e-01	-2.4644347538e-01
0.2626            	2.7080758991e-02	9.9417485062e-01	-4.4122345573e-01	-1.9353096888e-01	-2.4769248686e-01
0.2628            	2.9638199803e-02	9.9309629017e-01	-4.3862522581e-01	-1.8967441310e-01	-2.4895081271e-01
0.263             	3.2177683446e-02	9.9191841549e-01	-4.3604904779e-01	-1.8584684045e-01	-2.5020220734e-01
0.2632            	3.4817850055e-02	9.9070485874e-01	-4.3337067621e-01	-1.8186748805e-01	-2.5150318816e-01
0.2634            	3.7271684438e-02	9.8921725596e-01	-4.3092510381e-01	-1.7819086747e-01	-2.5273423634e-01
0.2636            	3.9706675851e-02	9.8777108932e-01	-4.2854663069e-01	-1.7456663949e-01	-2.5397999119e-01
0.2638            	4.2167307438e-02	9.8635181557e-01	-4.2607363238e-01	-1.7086950875e-01	-2.5520412363e-01
0.264             	4.4664197675e-02	9.8497504804e-01	-4.2356764051e-01	-1.6711962258e-01	-2.5644801793e-01
0.2642            	4.7173783500e-02	9.8368828258e-01	-4.2111984159e-01	-1.6338613730e-01	-2.5773370430e-01
0.2644            	4.9690688638e-02	9.8241545203e-01	-4.1859963532e-01	-1.5960912902e-01	-2.5899050630e-01
0.2646            	5.2304377571e-02	9.8120395550e-01	-4.1595594411e-01	-1.5567359449e-01	-2.6028234963e-01
0.2648            	5.4893872953e-02	9.8002650184e-01	-4.1323473104e-01	-1.5172349257e-01	-2.6151123847e-01
0.265             	5.7428897670e-02	9.7872905463e-01	-4.1062000023e-01	-1.4788110245e-01	-2.6273889779e-01
0.2652            	5.9863651349e-02	9.7734706224e-01	-4.0816402578e-01	-1.4421836154e-01	-2.6394566424e-01
0.2654            	6.2296501505e-02	9.7588239572e-01	-4.0576863416e-01	-1.4058781558e-01	-2.6518081859e-01
0.2656            	6.4714871962e-02	9.7458083047e-01	-4.0333216064e-01	-1.3695120836e-01	-2.6638095228e-01
0.2658            	6.7172141498e-02	9.7346977169e-01	-4.0079216838e-01	-1.3322394269e-01	-2.6756822569e-01
0.266             	6.9796922905e-02	9.7245756667e-01	-3.9794354227e-01	-1.2917484823e-01	-2.6876869404e-01
0.2662            	7.2352759596e-02	9.7140451165e-01	-3.9534066760e-01	-1.2531757420e-01	-2.7002309340e-01
0.2664            	7.4937497365e-02	9.7021111175e-01	-3.9263525694e-01	-1.2138013110e-01	-2.7125512583e-01
0.2666            	7.7464021582e-02	9.6915004557e-01	-3.9004142969e-01	-1.1755669326e-01	-2.7248473643e-01
0.2668            	7.9930060612e-02	9.6793661840e-01	-3.8751287405e-01	-1.1382637641e-01	-2.7368649764e-01
0.267             	8.2444552650e-02	9.6686637464e-01	-3.8493131846e-01	-1.1002110658e-01	-2.7491021188e-01
0.2672            	8.4846641329e-02	9.6561866253e-01	-3.8254190923e-01	-1.0642431329e-01	-2.7611759595e-01
0.2674            	8.7267976043e-02	9.6435216898e-01	-3.8012498188e-01	-1.0279451490e-01	-2.7733046698e-01
0.2676            	8.9669756597e-02	9.6308500906e-01	-3.7772850326e-01	-9.9194495034e-02	-2.7853400823e-01
0.2678            	9.1985969453e-02	9.6164303247e-01	-3.7541622761e-01	-9.5722144351e-02	-2.7969408326e-01
0.268             	9.4372689995e-02	9.6022468382e-01	-3.7306325160e-01	-9.2158935807e-02	-2.8090431580e-01
0.2682            	9.6709085457e-02	9.5872696835e-01	-3.7078382776e-01	-8.8682828422e-02	-2.8210099934e-01
0.2684            	9.9018032504e-02	9.5713873451e-01	-3.6853121442e-01	-8.5247574704e-02	-2.8328363971e-01
0.2686            	1.0132188341e-01	9.5553403091e-01	-3.6628262337e-01	-8.1819428273e-02	-2.8446319510e-01
0.2688            	1.0363659983e-01	9.5391914694e-01	-3.6400254549e-01	-7.8364672919e-02	-2.8563787257e-01
0.269             	1.0600975866e-01	9.5234137637e-01	-3.6162531819e-01	-7.4802900434e-02	-2.8682241776e-01
0.2692            	1.0837078888e-01	9.5081422776e-01	-3.5928354646e-01	-7.1270984352e-02	-2.8801256211e-01
0.2694            	1.1064068753e-01	9.4934320382e-01	-3.5699521292e-01	-6.7856918931e-02	-2.8913829399e-01
0.2696            	1.1293275837e-01	9.4782116413e-01	-3.5478348502e-01	-6.4458984140e-02	-2.9032450088e-01
0.2698            	1.1527239024e-01	9.4638934766e-01	-3.5250573330e-01	-6.0980476408e-02	-2.9152525689e-01
0.27              	1.1760396346e-01	9.4490828120e-01	-3.5015768645e-01	-5.7474879761e-02	-2.9268280669e-01
0.2702            	1.1986377165e-01	9.4347260127e-01	-3.4800287081e-01	-5.4137663756e-02	-2.9386520705e-01
0.2704            	1.2214797068e-01	9.4204557206e-01	-3.4573547470e-01	-5.0719766669e-02	-2.9501570803e-01
0.2706            	1.2451940967e-01	9.4083060301e-01	-3.4336570681e-01	-4.7163443735e-02	-2.9620226307e-01
0.2708            	1.2698091607e-01	9.3952334606e-01	-3.4079046908e-01	-4.3414318472e-02	-2.9737615061e-01
0.271             	1.2932894739e-01	9.3817057945e-01	-3.3841278852e-01	-3.9877446869e-02	-2.9853534165e-01
0.2712            	1.3154779121e-01	9.3667955221e-01	-3.3628397082e-01	-3.6594194204e-02	-2.9968977662e-01
0.2714            	1.3381200164e-01	9.3533611375e-01	-3.3406329145e-01	-3.3219644087e-02	-3.0084364737e-01
0.2716            	1.3605701955e-01	9.3392049875e-01	-3.3185850705e-01	-2.9872233981e-02	-3.0198627307e-01
0.2718            	1.3832128645e-01	9.3258613184e-01	-3.2962566811e-01	-2.6491547605e-02	-3.0313412051e-01
0.272             	1.4050981330e-01	9.3115048578e-01	-3.2756161844e-01	-2.3270995916e-02	-3.0429062252e-01
0.2722            	1.4269867626e-01	9.2968073325e-01	-3.2547385167e-01	-2.0038249576e-02	-3.0543560210e-01
0.2724            	1.4489044142e-01	9.2815955004e-01	-3.2335852117e-01	-1.6788819164e-02	-3.0656970201e-01
0.2726            	1.4710210079e-01	9.2663028789e-01	-3.2122120722e-01	-1.3508502816e-02	-3.0771270441e-01
0.2728            	1.4925817483e-01	9.2508383096e-01	-3.1916184190e-01	-1.0322746123e-02	-3.0883909578e-01
0.273             	1.5141241257e-01	9.2354640440e-01	-3.1710819684e-01	-7.1416858436e-03	-3.0996651099e-01
0.2732            	1.5361711359e-01	9.2199958302e-01	-3.1496344919e-01	-3.8646110103e-03	-3.1109883818e-01
0.2734            	1.5572543044e-01	9.2040996072e-01	-3.1296733431e-01	-7.5823671696e-04	-3.1220909760e-01
0.2736            	1.5790897622e-01	9.1893240553e-01	-3.1094556867e-01	2.4361918822e-03	-3.1338176055e-01
0.2738            	1.6011637342e-01	9.1731756804e-01	-3.0877959343e-01	5.7265767086e-03	-3.1450617014e-01
0.274             	1.6232717491e-01	9.1576572208e-01	-3.0673263847e-01	8.9608556783e-03	-3.1569349414e-01
0.2742            	1.6442798619e-01	9.1420720769e-01	-3.0482030735e-01	1.2017832514e-02	-3.1683813986e-01
0.2744            	1.6655951501e-01	9.1269968354e-01	-3.0286379430e-01	1.5127617867e-02	-3.1799141216e-01
0.2746            	1.6871854108e-01	9.1109254454e-01	-3.0076858293e-01	1.8334249615e-02	-3.1910283254e-01
0.2748            	1.7087928419e-01	9.0954574947e-01	-2.9869881692e-01	2.1529875731e-02	-3.2022869265e-01
0.275             	1.7307835414e-01	9.0798710595e-01	-2.9651345297e-01	2.4821627660e-02	-3.2133508063e-01
0.2752            	1.7541161162e-01	9.0688585264e-01	-2.9422945542e-01	2.8296883910e-02	-3.2252633933e-01
0.2754            	1.7771074651e-01	9.0548748025e-01	-2.9193511901e-01	3.1743187011e-02	-3.2367830602e-01
0.2756            	1.7993986349e-01	9.0406350428e-01	-2.8977758643e-01	3.5051070273e-02	-3.2482865670e-01
0.2758            	1.8210521327e-01	9.0270564563e-01	-2.8766058023e-01	3.8274923156e-02	-3.2593550338e-01
0.276             	1.8424219389e-01	9.0127357333e-01	-2.8562778115e-01	4.1428303316e-02	-3.2705608446e-01
0.2762            	1.8635812822e-01	8.9981553469e-01	-2.8360591652e-01	4.4555169966e-02	-3.2816108648e-01
0.2764            	1.8843509933e-01	8.9829669272e-01	-2.8166834815e-01	4.7600925254e-02	-3.2926927340e-01
0.2766            	1.9048110726e-01	8.9674014395e-01	-2.7977053723e-01	5.0595838645e-02	-3.3036637588e-01
0.2768            	1.9250986470e-01	8.9509391332e-01	-2.7790615475e-01	5.3556787318e-02	-3.3146294207e-01
0.277             	1.9456936116e-01	8.9347276099e-01	-2.7595335607e-01	5.6592683128e-02	-3.3254603920e-01
0.2772            	1.9661006367e-01	8.9182049396e-01	-2.7402675392e-01	5.9596686711e-02	-3.3362344063e-01
0.2774            	1.9863906087e-01	8.9017472117e-01	-2.7214112679e-01	6.2568497476e-02	-3.3470962426e-01
0.2776            	2.0066136810e-01	8.8853507283e-01	-2.7027203858e-01	6.5525348812e-02	-3.3579738739e-01
0.2778            	2.0264152079e-01	8.8678998475e-01	-2.6860108633e-01	6.8340977627e-02	-3.3694206396e-01
0.278             	2.0467600886e-01	8.8517354316e-01	-2.6670634747e-01	7.1322835127e-02	-3.3802918260e-01
0.2782            	2.0670330409e-01	8.8359268396e-01	-2.6494493693e-01	7.4230835627e-02	-3.3917577255e-01
0.2784            	2.0879295307e-01	8.8208352957e-01	-2.6297191272e-01	7.7306996709e-02	-3.4027890943e-01
0.2786            	2.1071411884e-01	8.8034354465e-01	-2.6126011713e-01	8.0084060282e-02	-3.4134417741e-01
0.2788            	2.1259087137e-01	8.7857655264e-01	-2.5973934526e-01	8.2721198739e-02	-3.4246054399e-01
0.279             	2.1444991527e-01	8.7682895342e-01	-2.5822108358e-01	8.5339373485e-02	-3.4356045706e-01
0.2792            	2.1641385027e-01	8.7512242698e-01	-2.5657847304e-01	8.8124613752e-02	-3.4470308680e-01
0.2794            	2.1835910347e-01	8.7344080741e-01	-2.5480225054e-01	9.0957978198e-02	-3.4576022874e-01
0.2796            	2.2029378025e-01	8.7170211332e-01	-2.5306495094e-01	9.3761304784e-02	-3.4682625572e-01
0.2798            	2.2246040362e-01	8.7030074985e-01	-2.5097255613e-01	9.6974125551e-02	-3.4794668168e-01
0.28              	2.2460906780e-01	8.6884074161e-01	-2.4882146283e-01	1.0019833639e-01	-3.4901979922e-01
0.2802            	2.2661773727e-01	8.6740867418e-01	-2.4700538048e-01	1.0311504703e-01	-3.5012042751e-01
0.2804            	2.2863163530e-01	8.6617582409e-01	-2.4510729644e-01	1.0607798708e-01	-3.5118528352e-01
0.2806            	2.3049597510e-01	8.6460605964e-01	-2.4350506996e-01	1.0874344012e-01	-3.5224851008e-01
0.2808            	2.3247456678e-01	8.6318664835e-01	-2.4165333122e-01	1.1164790116e-01	-3.5330123239e-01
0.281             	2.3438311813e-01	8.6158846977e-01	-2.3993638713e-01	1.1441492456e-01	-3.5435131169e-01
0.2812            	2.3627678493e-01	8.5986515714e-01	-2.3816876836e-01	1.1719240075e-01	-3.5536116911e-01
0.2814            	2.3814585231e-01	8.5825126694e-01	-2.3646760383e-01	1.1991205040e-01	-3.5637965423e-01
0.2816            	2.3999097851e-01	8.5655433853e-01	-2.3484913170e-01	1.2256641266e-01	-3.5741554436e-01
0.2818            	2.4186576881e-01	8.5490389624e-01	-2.3321020698e-01	1.2526066532e-01	-3.5847087230e-01
0.282             	2.4368262487e-01	8.5319416957e-01	-2.3159348406e-01	1.2788588284e-01	-3.5947936690e-01
0.2822            	2.4557558309e-01	8.5156647562e-01	-2.2989968373e-01	1.3062574123e-01	-3.6052542496e-01
0.2824            	2.4738309861e-01	8.4982155437e-01	-2.2829806902e-01	1.3323406410e-01	-3.6153213312e-01
0.2826            	2.4922004211e-01	8.4815704336e-01	-2.2672627116e-01	1.3585690653e-01	-3.6258317769e-01
0.2828            	2.5111754903e-01	8.4661504815e-01	-2.2504182142e-01	1.3859663832e-01	-3.6363845974e-01
0.283             	2.5291313240e-01	8.4494444194e-01	-2.2351462218e-01	1.4115582131e-01	-3.6467044349e-01
0.2832            	2.5475184530e-01	8.4332519626e-01	-2.2194313164e-01	1.4378027948e-01	-3.6572341111e-01
0.2834            	2.5651536537e-01	8.4161428394e-01	-2.2047658119e-01	1.4627707477e-01	-3.6675365596e-01
0.2836            	2.5829336751e-01	8.3993408623e-01	-2.1896457967e-01	1.4881107767e-01	-3.6777565734e-01
0.2838            	2.6000180546e-01	8.3807999781e-01	-2.1750797926e-01	1.5124781583e-01	-3.6875579509e-01
0.284             	2.6172638548e-01	8.3626694540e-01	-2.1603227599e-01	1.5371024749e-01	-3.6974252348e-01
0.2842            	2.6352730787e-01	8.3450376507e-01	-2.1440419322e-01	1.5632521126e-01	-3.7072940447e-01
0.2844            	2.6534611363e-01	8.3281847593e-01	-2.1275786227e-01	1.5896718250e-01	-3.7172504476e-01
0.2846            	2.6727700765e-01	8.3119633873e-01	-2.1092701761e-01	1.6181349885e-01	-3.7274051646e-01
0.2848            	2.6910102014e-01	8.2963738861e-01	-2.0934101787e-01	1.6443051121e-01	-3.7377152908e-01
0.285             	2.7093105808e-01	8.2843735987e-01	-2.0782793207e-01	1.6701709205e-01	-3.7484502412e-01
0.2852            	2.7274223701e-01	8.2671569990e-01	-2.0611326391e-01	1.6968560506e-01	-3.7579886897e-01
0.2854            	2.7453003346e-01	8.2525349645e-01	-2.0451811771e-01	1.7227097460e-01	-3.7678909231e-01
0.2856            	2.7634355427e-01	8.2371009767e-01	-2.0290163449e-01	1.7489273703e-01	-3.7779437151e-01
0.2858            	2.7806073260e-01	8.2206144508e-01	-2.0136324287e-01	1.7737911117e-01	-3.7874235404e-01
0.286             	2.7973156458e-01	8.2034769469e-01	-1.9987324071e-01	1.7979494422e-01	-3.7966818493e-01
0.2862            	2.8138883183e-01	8.1860668287e-01	-1.9850258230e-01	1.8213754068e-01	-3.8064012298e-01
0.2864            	2.8308120454e-01	8.1688039723e-01	-1.9707543243e-01	1.8454348832e-01	-3.8161892076e-01
0.2866            	2.8472962913e-01	8.1510816034e-01	-1.9566287520e-01	1.8689819153e-01	-3.8256106673e-01
0.2868            	2.8638143369e-01	8.1331985140e-01	-1.9422349170e-01	1.8926968784e-01	-3.8349317954e-01
0.287             	2.8807229745e-01	8.1160819327e-01	-1.9274843286e-01	1.9169808103e-01	-3.8444651388e-01
0.2872            	2.8978066001e-01	8.0991527320e-01	-1.9128627022e-01	1.9413752491e-01	-3.8542379512e-01
0.2874            	2.9148347134e-01	8.0826109752e-01	-1.8981331942e-01	1.9657681163e-01	-3.8639013105e-01
0.2876            	2.9322572784e-01	8.0658954975e-01	-1.8838241705e-01	1.9903451931e-01	-3.8741693636e-01
0.2878            	2.9485601195e-01	8.0487640189e-01	-1.8702517200e-01	2.0134342595e-01	-3.8836859795e-01
0.288             	2.9654439582e-01	8.0312571690e-01	-1.8560017428e-01	2.0374430868e-01	-3.8934448296e-01
0.2882            	2.9807371829e-01	8.0130544496e-01	-1.8437021836e-01	2.0588860911e-01	-3.9025882748e-01
0.2884            	2.9970491261e-01	7.9947668554e-01	-1.8300062058e-01	2.0820460232e-01	-3.9120522290e-01
0.2886            	3.0130012549e-01	7.9761809909e-01	-1.8167148795e-01	2.1046438151e-01	-3.9213586946e-01
0.2888            	3.0292984649e-01	7.9575207178e-01	-1.8024355713e-01	2.1280806793e-01	-3.9305162506e-01
0.289             	3.0457924554e-01	7.9387595512e-01	-1.7880656042e-01	2.1517596534e-01	-3.9398252575e-01
0.2892            	3.0640061438e-01	7.9221286313e-01	-1.7703191280e-01	2.1788465798e-01	-3.9491657078e-01
0.2894            	3.0815012928e-01	7.9062026856e-01	-1.7547812157e-01	2.2041106849e-01	-3.9588919006e-01
0.2896            	3.0994089283e-01	7.8912544566e-01	-1.7392587874e-01	2.2297795346e-01	-3.9690383220e-01
0.2898            	3.1169092483e-01	7.8753291799e-01	-1.7234630002e-01	2.2551777482e-01	-3.9786407485e-01
0.29              	3.1345094982e-01	7.8595905226e-01	-1.7068128394e-01	2.2811030785e-01	-3.9879159179e-01
0.2902            	3.1505885225e-01	7.8428385506e-01	-1.6930890863e-01	2.3040439793e-01	-3.9971330656e-01
0.2904            	3.1675404781e-01	7.8271133172e-01	-1.6770618172e-01	2.3290095695e-01	-4.0060713867e-01
0.2906            	3.1841082532e-01	7.8111806643e-01	-1.6622753451e-01	2.3529705807e-01	-4.0152459258e-01
0.2908            	3.1994197485e-01	7.7934679255e-01	-1.6494459043e-01	2.3746967963e-01	-4.0241427007e-01
0.291             	3.2146982964e-01	7.7762714569e-01	-1.6354268753e-01	2.3969848587e-01	-4.0324117340e-01
0.2912            	3.2294129815e-01	7.7581775080e-01	-1.6223789815e-01	2.4182234908e-01	-4.0406024722e-01
0.2914            	3.2445757430e-01	7.7403139894e-01	-1.6085746348e-01	2.4402884256e-01	-4.0488630604e-01
0.2916            	3.2596484800e-01	7.7224966771e-01	-1.5955627709e-01	2.4618670946e-01	-4.0574298654e-01
0.2918            	3.2752922999e-01	7.7051546859e-01	-1.5814881773e-01	2.4845482113e-01	-4.0660363886e-01
0.292             	3.2909134310e-01	7.6881408852e-01	-1.5677781833e-01	2.5070243393e-01	-4.0748025226e-01
0.2922            	3.3072866950e-01	7.6709813028e-01	-1.5531203321e-01	2.5307265290e-01	-4.0838468610e-01
0.2924            	3.3225563966e-01	7.6529344103e-01	-1.5400900636e-01	2.5525113648e-01	-4.0926014284e-01
0.2926            	3.3379989083e-01	7.6351639478e-01	-1.5268667070e-01	2.5745655548e-01	-4.1014322618e-01
0.2928            	3.3530049779e-01	7.6173006752e-01	-1.5139603191e-01	2.5960248184e-01	-4.1099851375e-01
0.293             	3.3665779991e-01	7.5991163255e-01	-1.5029156026e-01	2.6151201978e-01	-4.1180358004e-01
0.2932            	3.3815125545e-01	7.5812772057e-01	-1.4903320323e-01	2.6363465383e-01	-4.1266785706e-01
0.2934            	3.3953015844e-01	7.5627193463e-01	-1.4789659445e-01	2.6558186121e-01	-4.1347845566e-01
0.2936            	3.4096163000e-01	7.5441735741e-01	-1.4670182671e-01	2.6761071665e-01	-4.1431254336e-01
0.2938            	3.4243976270e-01	7.5265694353e-01	-1.4536714124e-01	2.6975619208e-01	-4.1512333332e-01
0.294             	3.4397529437e-01	7.5095059770e-01	-1.4396685920e-01	2.7199186477e-01	-4.1595872397e-01
0.2942            	3.4544828604e-01	7.4926877406e-01	-1.4266281299e-01	2.7411687954e-01	-4.1677969253e-01
0.2944            	3.4709316255e-01	7.4774612212e-01	-1.4119144395e-01	2.7649744058e-01	-4.1768888453e-01
0.2946            	3.4843162484e-01	7.4607547139e-01	-1.4003689210e-01	2.7841317879e-01	-4.1845007090e-01
0.2948            	3.5000224182e-01	7.4450338318e-01	-1.3868508893e-01	2.8065969735e-01	-4.1934478629e-01
0.295             	3.5159576724e-01	7.4281434217e-01	-1.3726210018e-01	2.8296471714e-01	-4.2022681733e-01
0.2952            	3.5267655992e-01	7.4096554485e-01	-1.3621302766e-01	2.8457004608e-01	-4.2078307375e-01
0.2954            	3.5428853204e-01	7.3939352163e-01	-1.3484293919e-01	2.8686706244e-01	-4.2171000163e-01
0.2956            	3.5562572804e-01	7.3763531372e-01	-1.3370640095e-01	2.8877252757e-01	-4.2247892852e-01
0.2958            	3.5706529247e-01	7.3597744124e-01	-1.3247277307e-01	2.9082890593e-01	-4.2330167900e-01
0.296             	3.5842201733e-01	7.3425716208e-01	-1.3132784135e-01	2.9275809666e-01	-4.2408593801e-01
0.2962            	3.5980066648e-01	7.3254077463e-01	-1.3014932469e-01	2.9472600413e-01	-4.2487532882e-01
0.2964            	3.6121715086e-01	7.3090559183e-01	-1.2887231844e-01	2.9678099164e-01	-4.2565331008e-01
0.2966            	3.6265707865e-01	7.2929015334e-01	-1.2764511532e-01	2.9883452099e-01	-4.2647963631e-01
0.2968            	3.6408660861e-01	7.2761240154e-01	-1.2651262601e-01	3.0083029560e-01	-4.2734292161e-01
0.297             	3.6553545806e-01	7.2597217319e-01	-1.2530044818e-01	3.0288523398e-01	-4.2818568215e-01
0.2972            	3.6697485125e-01	7.2428765374e-01	-1.2401310133e-01	3.0496830059e-01	-4.2898140192e-01
0.2974            	3.6835260767e-01	7.2253042005e-01	-1.2289663732e-01	3.0690428901e-01	-4.2980092633e-01
0.2976            	3.6977411388e-01	7.2081681307e-01	-1.2174321250e-01	3.0890250763e-01	-4.3064572012e-01
0.2978            	3.7107264666e-01	7.1902290650e-01	-1.2068860991e-01	3.1072834171e-01	-4.3141695161e-01
0.298             	3.7232112590e-01	7.1718405578e-01	-1.1964045729e-01	3.1250089726e-01	-4.3214135454e-01
0.2982            	3.7365322738e-01	7.1537639297e-01	-1.1851916017e-01	3.1439364730e-01	-4.3291280747e-01
0.2984            	3.7491833816e-01	7.1351749845e-01	-1.1745023767e-01	3.1619321933e-01	-4.3364345700e-01
0.2986            	3.7634638461e-01	7.1181391348e-01	-1.1624637829e-01	3.1822319546e-01	-4.3446957376e-01
0.2988            	3.7779018267e-01	7.1019335515e-01	-1.1501270540e-01	3.2028382997e-01	-4.3529653537e-01
0.299             	3.7931024697e-01	7.0864324012e-01	-1.1369142368e-01	3.2246453513e-01	-4.3615595881e-01
0.2992            	3.8069253676e-01	7.0709425629e-01	-1.1253100038e-01	3.2442703657e-01	-4.3695803694e-01
0.2994            	3.8207233181e-01	7.0553935734e-01	-1.1133859851e-01	3.2640303255e-01	-4.3774163107e-01
0.2996            	3.8348761652e-01	7.0392053358e-01	-1.1016127394e-01	3.2840697955e-01	-4.3856825349e-01
0.2998            	3.8475600811e-01	7.0228575287e-01	-1.0910618045e-01	3.3020291788e-01	-4.3930909833e-01
0.3               	3.8604527707e-01	7.0061288892e-01	-1.0807433578e-01	3.3200810918e-01	-4.4008244496e-01
0.3002            	3.8729377392e-01	6.9898213051e-01	-1.0703109125e-01	3.3377822830e-01	-4.4080931954e-01
0.3004            	3.8855650683e-01	6.9731333634e-01	-1.0600099799e-01	3.3555600783e-01	-4.4155700583e-01
0.3006            	3.8977882512e-01	6.9565573785e-01	-1.0495187338e-01	3.3730288843e-01	-4.4225476181e-01
0.3008            	3.9097396163e-01	6.9398861518e-01	-1.0399474284e-01	3.3897659021e-01	-4.4297133305e-01
0.301             	3.9220303815e-01	6.9233571512e-01	-1.0303555609e-01	3.4068526010e-01	-4.4372081619e-01
0.3012            	3.9342396546e-01	6.9066732316e-01	-1.0203116672e-01	3.4240838210e-01	-4.4443954883e-01
0.3014            	3.9470876103e-01	6.8910624693e-01	-1.0097058789e-01	3.4422346709e-01	-4.4519405498e-01
0.3016            	3.9593142745e-01	6.8745190161e-01	-1.0004563833e-01	3.4590860829e-01	-4.4595424662e-01
0.3018            	3.9732411342e-01	6.8592433588e-01	-9.8870601354e-02	3.4788881274e-01	-4.4675941410e-01
0.302             	3.9860148398e-01	6.8426625844e-01	-9.7852537714e-02	3.4967521512e-01	-4.4752775284e-01
0.3022            	3.9985683999e-01	6.8262852608e-01	-9.6796964726e-02	3.5145835762e-01	-4.4825532235e-01
0.3024            	4.0109290200e-01	6.8090418578e-01	-9.5938165844e-02	3.5312381908e-01	-4.4906198492e-01
0.3026            	4.0215638159e-01	6.7909047989e-01	-9.5137283915e-02	3.5458773963e-01	-4.4972502355e-01
0.3028            	4.0315820828e-01	6.7719870357e-01	-9.4385637116e-02	3.5596538972e-01	-4.5035102684e-01
0.303             	4.0443915761e-01	6.7541879416e-01	-9.3424275106e-02	3.5772702006e-01	-4.5115129516e-01
0.3032            	4.0558849785e-01	6.7365479632e-01	-9.2353446202e-02	3.5941177475e-01	-4.5176522095e-01
0.3034            	4.0677914852e-01	6.7193733832e-01	-9.1310122000e-02	3.6112408752e-01	-4.5243420952e-01
0.3036            	4.0801756128e-01	6.7034887867e-01	-9.0328788571e-02	3.6285316700e-01	-4.5318195557e-01
0.3038            	4.0926935021e-01	6.6873200597e-01	-8.9387098440e-02	3.6457580099e-01	-4.5396289943e-01
0.304             	4.1056274563e-01	6.6717268588e-01	-8.8312524416e-02	3.6640648342e-01	-4.5471900783e-01
0.3042            	4.1170884998e-01	6.6562875790e-01	-8.7397518541e-02	3.6801009071e-01	-4.5540760925e-01
0.3044            	4.1287725581e-01	6.6406529413e-01	-8.6451888929e-02	3.6965131134e-01	-4.5610320027e-01
0.3046            	4.1403119724e-01	6.6243036153e-01	-8.5587971673e-02	3.7123721141e-01	-4.5682518308e-01
0.3048            	4.1516773998e-01	6.6077733824e-01	-8.4747820901e-02	3.7279382953e-01	-4.5754165043e-01
0.305             	4.1624946816e-01	6.5906954934e-01	-8.3892887902e-02	3.7430302421e-01	-4.5819591211e-01
0.3052            	4.1732377204e-01	6.5740713916e-01	-8.3042284961e-02	3.7580262956e-01	-4.5884491452e-01
0.3054            	4.1833029811e-01	6.5569435528e-01	-8.2310857799e-02	3.7717486921e-01	-4.5948572700e-01
0.3056            	4.1934538671e-01	6.5400176627e-01	-8.1545737122e-02	3.7857251815e-01	-4.6011825527e-01
0.3058            	4.2039509890e-01	6.5235192485e-01	-8.0780944371e-02	3.8000462672e-01	-4.6078557109e-01
0.306             	4.2148064124e-01	6.5071832048e-01	-7.9969062124e-02	3.8149611018e-01	-4.6146517231e-01
0.3062            	4.2258353780e-01	6.4911943391e-01	-7.9225360539e-02	3.8297085753e-01	-4.6219621807e-01
0.3064            	4.2363276027e-01	6.4747054661e-01	-7.8448369798e-02	3.8440857537e-01	-4.6285694517e-01
0.3066            	4.2472875531e-01	6.4588467253e-01	-7.7677463559e-02	3.8589002353e-01	-4.6356748709e-01
0.3068            	4.2576193382e-01	6.4426129437e-01	-7.7051805747e-02	3.8723603094e-01	-4.6428783669e-01
0.307             	4.2672266679e-01	6.4256066828e-01	-7.6541691502e-02	3.8845182104e-01	-4.6499351254e-01
0.3072            	4.2767072633e-01	6.4086132264e-01	-7.6045266982e-02	3.8964809283e-01	-4.6569335982e-01
0.3074            	4.2845469840e-01	6.3915793666e-01	-7.5801732787e-02	3.9055383201e-01	-4.6635556480e-01
0.3076            	4.2930116660e-01	6.3738273068e-01	-7.5498585343e-02	3.9155187393e-01	-4.6705045927e-01
0.3078            	4.3016664412e-01	6.3567172535e-01	-7.5200419358e-02	3.9256643444e-01	-4.6776685380e-01
0.308             	4.3098690743e-01	6.3392647471e-01	-7.4920694859e-02	3.9352656000e-01	-4.6844725486e-01
0.3082            	4.3173644487e-01	6.3212492818e-01	-7.4704403060e-02	3.9438424334e-01	-4.6908864640e-01
0.3084            	4.3260239101e-01	6.3043942999e-01	-7.4447432944e-02	3.9537867453e-01	-4.6982610748e-01
0.3086            	4.3341780311e-01	6.2887770748e-01	-7.4380954345e-02	3.9622732593e-01	-4.7060828028e-01
0.3088            	4.3432469808e-01	6.2734869651e-01	-7.4120737518e-02	3.9726432932e-01	-4.7138506683e-01
0.309             	4.3526812985e-01	6.2586183320e-01	-7.3867988134e-02	3.9833413579e-01	-4.7220212392e-01
0.3092            	4.3616232253e-01	6.2439687818e-01	-7.3653241231e-02	3.9933570191e-01	-4.7298894314e-01
0.3094            	4.3710033415e-01	6.2277924827e-01	-7.3311702766e-02	4.0044448276e-01	-4.7375618553e-01
0.3096            	4.3809443184e-01	6.2124436484e-01	-7.2831017902e-02	4.0167892289e-01	-4.7450994080e-01
0.3098            	4.3910958456e-01	6.1959591825e-01	-7.2229226269e-02	4.0299497143e-01	-4.7522419769e-01
0.31              	4.4007064168e-01	6.1793893588e-01	-7.1731375043e-02	4.0420495416e-01	-4.7593632920e-01
0.3102            	4.4108292057e-01	6.1630831880e-01	-7.1085098592e-02	4.0554037128e-01	-4.7662546987e-01
0.3104            	4.4209906043e-01	6.1466605054e-01	-7.0485554875e-02	4.0685628299e-01	-4.7734183787e-01
0.3106            	4.4304108313e-01	6.1293752649e-01	-6.9915028532e-02	4.0808356886e-01	-4.7799859740e-01
0.3108            	4.4394503550e-01	6.1130749402e-01	-6.9401604012e-02	4.0924423349e-01	-4.7864583750e-01
0.311             	4.4489710350e-01	6.0962084679e-01	-6.8811996528e-02	4.1049110523e-01	-4.7930310176e-01
0.3112            	4.4584713513e-01	6.0793685128e-01	-6.8169038975e-02	4.1176261565e-01	-4.7993165462e-01
0.3114            	4.4683219270e-01	6.0627460297e-01	-6.7504034069e-02	4.1308017566e-01	-4.8058420973e-01
0.3116            	4.4782273176e-01	6.0463664563e-01	-6.6810152537e-02	4.1441765549e-01	-4.8122780803e-01
0.3118            	4.4864265242e-01	6.0284175509e-01	-6.6290324674e-02	4.1549749009e-01	-4.8178781476e-01
0.312             	4.4955918569e-01	6.0111624825e-01	-6.5669185251e-02	4.1672459307e-01	-4.8239377832e-01
0.3122            	4.5032133244e-01	5.9928901616e-01	-6.5155831980e-02	4.1774341645e-01	-4.8289924843e-01
0.3124            	4.5119082940e-01	5.9752809580e-01	-6.4595348338e-02	4.1889315523e-01	-4.8348850357e-01
0.3126            	4.5187514023e-01	5.9560847964e-01	-6.4150974552e-02	4.1979965296e-01	-4.8395062751e-01
0.3128            	4.5257385823e-01	5.9370558021e-01	-6.3707640449e-02	4.2072003800e-01	-4.8442767845e-01
0.313             	4.5323337900e-01	5.9173494950e-01	-6.3324213989e-02	4.2157127200e-01	-4.8489548599e-01
0.3132            	4.5380654631e-01	5.8972226545e-01	-6.2960452339e-02	4.2232632014e-01	-4.8528677247e-01
0.3134            	4.5455067818e-01	5.8786407114e-01	-6.2394015511e-02	4.2335367043e-01	-4.8574768594e-01
0.3136            	4.5533911801e-01	5.8618218491e-01	-6.1891752476e-02	4.2439324177e-01	-4.8628499425e-01
0.3138            	4.5625688066e-01	5.8455757345e-01	-6.1245795534e-02	4.2563398289e-01	-4.8687977842e-01
0.314             	4.5725232662e-01	5.8295576460e-01	-6.0443670904e-02	4.2703049116e-01	-4.8747416207e-01
0.3142            	4.5827163951e-01	5.8144583018e-01	-5.9648826735e-02	4.2844722615e-01	-4.8809605288e-01
0.3144            	4.5926808445e-01	5.7983647836e-01	-5.8881117248e-02	4.2982752583e-01	-4.8870864308e-01
0.3146            	4.6019590813e-01	5.7822828446e-01	-5.8124636846e-02	4.3113358970e-01	-4.8925822655e-01
0.3148            	4.6137660917e-01	5.7664062751e-01	-5.7125072661e-02	4.3281407284e-01	-4.8993914550e-01
0.315             	4.6233634133e-01	5.7495506821e-01	-5.6294877816e-02	4.3418890242e-01	-4.9048378024e-01
0.3152            	4.6334059260e-01	5.7332242282e-01	-5.5447707328e-02	4.3561673894e-01	-4.9106444627e-01
0.3154            	4.6426990066e-01	5.7165156447e-01	-5.4672502189e-02	4.3693364956e-01	-4.9160615175e-01
0.3156            	4.6523198326e-01	5.6998791910e-01	-5.3855728619e-02	4.3830411895e-01	-4.9215984757e-01
0.3158            	4.6618040434e-01	5.6833622021e-01	-5.3087435196e-02	4.3963668674e-01	-4.9272412194e-01
0.316             	4.6715751462e-01	5.6673802435e-01	-5.2297692983e-02	4.4100866812e-01	-4.9330636111e-01
0.3162            	4.6821729060e-01	5.6516379489e-01	-5.1376714910e-02	4.4252893315e-01	-4.9390564806e-01
0.3164            	4.6937514279e-01	5.6364879461e-01	-5.0376411529e-02	4.4418693703e-01	-4.9456334856e-01
0.3166            	4.7032541183e-01	5.6203837850e-01	-4.9585280553e-02	4.4553277155e-01	-4.9511805211e-01
0.3168            	4.7131631579e-01	5.6043168230e-01	-4.8744341059e-02	4.4694414526e-01	-4.9568848632e-01
0.317             	4.7234815298e-01	5.5883529266e-01	-4.7874955041e-02	4.4841067546e-01	-4.9628563051e-01
0.3172            	4.7331774571e-01	5.5720927095e-01	-4.7081047516e-02	4.4977722195e-01	-4.9685826947e-01
0.3174            	4.7409041283e-01	5.5546383545e-01	-4.6476377408e-02	4.5085222412e-01	-4.9732860153e-01
0.3176            	4.7508563641e-01	5.5382567495e-01	-4.5659953509e-02	4.5225565966e-01	-4.9791561317e-01
0.3178            	4.7599730843e-01	5.5215528360e-01	-4.4955393197e-02	4.5351961183e-01	-4.9847500503e-01
0.318             	4.7678580736e-01	5.5044086786e-01	-4.4322494037e-02	4.5462456035e-01	-4.9894705438e-01
0.3182            	4.7752007338e-01	5.4864242238e-01	-4.3659714289e-02	4.5569021624e-01	-4.9934993053e-01
0.3184            	4.7805449221e-01	5.4677695508e-01	-4.3243818317e-02	4.5643258305e-01	-4.9967640136e-01
0.3186            	4.7896386151e-01	5.4515813730e-01	-4.2476321097e-02	4.5772570096e-01	-5.0020202206e-01
0.3188            	4.7993582783e-01	5.4373014643e-01	-4.1781849538e-02	4.5904490306e-01	-5.0082675260e-01
0.319             	4.8085258146e-01	5.4221138951e-01	-4.0981587137e-02	4.6036178789e-01	-5.0134337503e-01
0.3192            	4.8141610411e-01	5.4052601770e-01	-4.0516131680e-02	4.6115803827e-01	-5.0167416995e-01
0.3194            	4.8228715720e-01	5.3906481666e-01	-3.9827416436e-02	4.6237344899e-01	-5.0220086542e-01
0.3196            	4.8349599348e-01	5.3772093637e-01	-3.8788370297e-02	4.6410180833e-01	-5.0289017863e-01
0.3198            	4.8371397683e-01	5.3592351930e-01	-3.8674925822e-02	4.6437651392e-01	-5.0305143974e-01
0.32              	4.8398568193e-01	5.3417009484e-01	-3.8439893200e-02	4.6476573533e-01	-5.0320562853e-01
0.3202            	4.8490821191e-01	5.3272532814e-01	-3.7703123243e-02	4.6605665029e-01	-5.0375977354e-01
0.3204            	4.8575865577e-01	5.3124202621e-01	-3.7083607058e-02	4.6721685224e-01	-5.0430045930e-01
0.3206            	4.8564156817e-01	5.2932257680e-01	-3.7231223659e-02	4.6702595634e-01	-5.0425718000e-01
0.3208            	4.8615236462e-01	5.2765111330e-01	-3.6791267983e-02	4.6775673063e-01	-5.0454799861e-01
0.321             	4.8707971396e-01	5.2608303888e-01	-3.6088469797e-02	4.6903547907e-01	-5.0512394886e-01
0.3212            	4.8783792527e-01	5.2452467320e-01	-3.5501361578e-02	4.7008724448e-01	-5.0558860606e-01
0.3214            	4.8766846860e-01	5.2254231729e-01	-3.5693501907e-02	4.6982171765e-01	-5.0551521955e-01
0.3216            	4.8839910522e-01	5.2097369415e-01	-3.5060794155e-02	4.7086870814e-01	-5.0592950230e-01
0.3218            	4.8926931330e-01	5.1942077041e-01	-3.4379806641e-02	4.7207940998e-01	-5.0645921662e-01
0.322             	4.9001728373e-01	5.1783986671e-01	-3.3740636493e-02	4.7314696548e-01	-5.0688760197e-01
0.3222            	4.9009282143e-01	5.1593094388e-01	-3.3733747714e-02	4.7322594757e-01	-5.0695969528e-01
0.3224            	4.9098590369e-01	5.1438760515e-01	-3.2994588398e-02	4.7448860949e-01	-5.0748319789e-01
0.3226            	4.9170270062e-01	5.1277159783e-01	-3.2406061581e-02	4.7549966983e-01	-5.0790573141e-01
0.3228            	4.9216338707e-01	5.1093247140e-01	-3.2051414003e-02	4.7613768007e-01	-5.0818909407e-01
0.323             	4.9258781689e-01	5.0913438491e-01	-3.1728811814e-02	4.7672341098e-01	-5.0845222279e-01
0.3232            	4.9302839920e-01	5.0731061680e-01	-3.1427106096e-02	4.7731484616e-01	-5.0874195225e-01
0.3234            	4.9361131107e-01	5.0554851612e-01	-3.1003912516e-02	4.7810935481e-01	-5.0911326732e-01
0.3236            	4.9410610695e-01	5.0375168645e-01	-3.0608610578e-02	4.7880180166e-01	-5.0941041224e-01
0.3238            	4.9488653132e-01	5.0208440192e-01	-2.9947556803e-02	4.7991275292e-01	-5.0986030972e-01
0.324             	4.9513521969e-01	5.0040126396e-01	-2.9743902513e-02	4.8026326843e-01	-5.1000717094e-01
0.3242            	4.9657151181e-01	4.9908125395e-01	-2.8632472258e-02	4.8225527568e-01	-5.1088774794e-01
0.3244            	4.9756711436e-01	4.9762743546e-01	-2.7684190714e-02	4.8372501900e-01	-5.1140920972e-01
0.3246            	4.9817471612e-01	4.9607860793e-01	-2.7146419460e-02	4.8460150639e-01	-5.1174792585e-01
0.3248            	4.9935788986e-01	4.9464986287e-01	-2.6169932438e-02	4.8627292364e-01	-5.1244285608e-01
0.325             	4.9905352859e-01	4.9296036465e-01	-2.6051942908e-02	4.8602755714e-01	-5.1207950005e-01
0.3252            	5.0068241491e-01	4.9146905310e-01	-2.5010018801e-02	4.8817740551e-01	-5.1318742431e-01
0.3254            	5.0155921918e-01	4.8998009359e-01	-2.4227847173e-02	4.8944529559e-01	-5.1367314277e-01
0.3256            	5.0232759545e-01	4.8845157114e-01	-2.3528434856e-02	4.9056337802e-01	-5.1409181288e-01
0.3258            	5.0316903011e-01	4.8693423826e-01	-2.2813732479e-02	4.9176216387e-01	-5.1457589635e-01
0.326             	5.0408431509e-01	4.8546729304e-01	-2.2006471643e-02	4.9308107927e-01	-5.1508755091e-01
0.3262            	5.0486628533e-01	4.8389554864e-01	-2.1303155184e-02	4.9421470773e-01	-5.1551786292e-01
0.3264            	5.0570157259e-01	4.8237919088e-01	-2.0586929797e-02	4.9540810769e-01	-5.1599503748e-01
0.3266            	5.0685444680e-01	4.8100110011e-01	-1.9555928240e-02	4.9707648268e-01	-5.1663241092e-01
0.3268            	5.0714730316e-01	4.7938543816e-01	-1.9241382270e-02	4.9752661203e-01	-5.1676799430e-01
0.327             	5.0788419027e-01	4.7787526361e-01	-1.8607037712e-02	4.9858067142e-01	-5.1718770913e-01
0.3272            	5.0884333091e-01	4.7641082546e-01	-1.7775886366e-02	4.9995538772e-01	-5.1773127409e-01
0.3274            	5.0981259414e-01	4.7497572257e-01	-1.6901574986e-02	5.0136180665e-01	-5.1826338164e-01
0.3276            	5.1048545323e-01	4.7339209737e-01	-1.6278130870e-02	5.0234638780e-01	-5.1862451867e-01
0.3278            	5.1117289967e-01	4.7183912545e-01	-1.5675783010e-02	5.0333500817e-01	-5.1901079118e-01
0.328             	5.1169814634e-01	4.7016795540e-01	-1.5265103991e-02	5.0406559435e-01	-5.1933069834e-01
0.3282            	5.1230453501e-01	4.6854164928e-01	-1.4785607631e-02	5.0491173120e-01	-5.1969733883e-01
0.3284            	5.1298847119e-01	4.6691131877e-01	-1.4101587381e-02	5.0593767750e-01	-5.2003926488e-01
0.3286            	5.1333153199e-01	4.6517727267e-01	-1.3777907304e-02	5.0644257833e-01	-5.2022048564e-01
0.3288            	5.1410199320e-01	4.6362046163e-01	-1.3073757780e-02	5.0756511431e-01	-5.2063887209e-01
0.329             	5.1446273703e-01	4.6188090947e-01	-1.2753595913e-02	5.0808593908e-01	-5.2083953499e-01
0.3292            	5.1484793379e-01	4.6017003603e-01	-1.2378003339e-02	5.0865893212e-01	-5.2103693546e-01
0.3294            	5.1587008200e-01	4.5873870656e-01	-1.1388788820e-02	5.1017568759e-01	-5.2156447641e-01
0.3296            	5.1654739813e-01	4.5725975619e-01	-1.0814837407e-02	5.1113997942e-01	-5.2195481683e-01
0.3298            	5.1726193282e-01	4.5579439886e-01	-1.0081552825e-02	5.1222115641e-01	-5.2230270924e-01
0.33              	5.1825617910e-01	4.5443705865e-01	-9.1048660509e-03	5.1370374607e-01	-5.2280861212e-01
0.3302            	5.1904526830e-01	4.5297254711e-01	-8.2970810891e-03	5.1489672776e-01	-5.2319380885e-01
0.3304            	5.1980243909e-01	4.5148825396e-01	-7.5526031957e-03	5.1602613750e-01	-5.2357874069e-01
0.3306            	5.2044056847e-01	4.4992296452e-01	-6.9717859810e-03	5.1695467548e-01	-5.2392646146e-01
0.3308            	5.2116944194e-01	4.4841233913e-01	-6.2070069005e-03	5.1806593848e-01	-5.2427294539e-01
0.331             	5.2193192923e-01	4.4695394387e-01	-5.4502176911e-03	5.1920682038e-01	-5.2465703808e-01
0.3312            	5.2224500889e-01	4.4538959518e-01	-5.0734902277e-03	5.1970826377e-01	-5.2478175400e-01
0.3314            	5.2322941919e-01	4.4390753833e-01	-4.1551735493e-03	5.2115183242e-01	-5.2530700597e-01
0.3316            	5.2394189507e-01	4.4243018194e-01	-3.4588523777e-03	5.2221246888e-01	-5.2567132126e-01
0.3318            	5.2489224407e-01	4.4093228839e-01	-2.5334482056e-03	5.2362551997e-01	-5.2615896817e-01
0.332             	5.2582183149e-01	4.3948585209e-01	-1.6646278304e-03	5.2498951757e-01	-5.2665414540e-01
0.3322            	5.2683942328e-01	4.3805118513e-01	-6.9987157156e-04	5.2648948749e-01	-5.2718935907e-01
0.3324            	5.2790756716e-01	4.3664226765e-01	3.4000753067e-04	5.2807757093e-01	-5.2773756340e-01
0.3326            	5.2873827049e-01	4.3512404215e-01	1.1654625795e-03	5.2932100178e-01	-5.2815553920e-01
0.3328            	5.2930479440e-01	4.3352955860e-01	1.7211916807e-03	5.3016539024e-01	-5.2844419856e-01
0.333             	5.3027409832e-01	4.3205641338e-01	2.6732911442e-03	5.3161074389e-01	-5.2893745274e-01
0.3332            	5.3137215939e-01	4.3062513665e-01	3.7604017704e-03	5.3325236027e-01	-5.2949195850e-01
0.3334            	5.3241014484e-01	4.2914951559e-01	4.7139120797e-03	5.3476710088e-01	-5.3005318880e-01
0.3336            	5.3314569202e-01	4.2753107255e-01	5.4350668325e-03	5.3586322544e-01	-5.3042815860e-01
0.3338            	5.3383196139e-01	4.2595981128e-01	6.0806764667e-03	5.3687229962e-01	-5.3079162316e-01
0.334             	5.3456532968e-01	4.2435721330e-01	6.8008047509e-03	5.3796573205e-01	-5.3116492730e-01
0.3342            	5.3494652627e-01	4.2269359352e-01	7.2584816157e-03	5.3857576708e-01	-5.3131728546e-01
0.3344            	5.3544556338e-01	4.2109824521e-01	7.7913107150e-03	5.3934121874e-01	-5.3154990802e-01
0.3346            	5.3655808945e-01	4.1964065434e-01	8.8085057894e-03	5.4096234235e-01	-5.3215383656e-01
0.3348            	5.3735116051e-01	4.1815362120e-01	9.7045391442e-03	5.4220343008e-01	-5.3249889093e-01
0.335             	5.3819236000e-01	4.1666101412e-01	1.0588375365e-02	5.4348654768e-01	-5.3289817231e-01
0.3352            	5.3882514771e-01	4.1521128819e-01	1.1256290880e-02	5.4445329315e-01	-5.3319700227e-01
0.3354            	5.3957045643e-01	4.1388155336e-01	1.2124428458e-02	5.4563267066e-01	-5.3350824220e-01
0.3356            	5.4073266819e-01	4.1253166610e-01	1.3341836428e-02	5.4740358640e-01	-5.3406174997e-01
0.3358            	5.4154193357e-01	4.1120453903e-01	1.4204503593e-02	5.4864418536e-01	-5.3443968177e-01
0.336             	5.4193548427e-01	4.0962493733e-01	1.4725295903e-02	5.4929813223e-01	-5.3457283632e-01
0.3362            	5.4286549953e-01	4.0819838192e-01	1.5727330556e-02	5.5072916480e-01	-5.3500183425e-01
0.3364            	5.4218284881e-01	4.0668779156e-01	1.5733851847e-02	5.5004977473e-01	-5.3431592289e-01
0.3366            	5.4363446734e-01	4.0521282884e-01	1.6785867282e-02	5.5202740098e-01	-5.3524153369e-01
0.3368            	5.4444114348e-01	4.0369833569e-01	1.7589481124e-02	5.5323588405e-01	-5.3564640292e-01
0.337             	5.4531643955e-01	4.0225499291e-01	1.8605327179e-02	5.5461910314e-01	-5.3601377597e-01
0.3372            	5.4636945559e-01	4.0085880917e-01	1.9800810037e-02	5.5626986061e-01	-5.3646905058e-01
0.3374            	5.4750017721e-01	3.9940733578e-01	2.0995864127e-02	5.5799810927e-01	-5.3700224515e-01
0.3376            	5.4787152333e-01	3.9771189958e-01	2.1487635543e-02	5.5861534110e-01	-5.3712770556e-01
0.3378            	5.4806430738e-01	3.9608451966e-01	2.1866102342e-02	5.5899735855e-01	-5.3713125621e-01
0.338             	5.4974567329e-01	3.9479155017e-01	2.3643301883e-02	5.6156732423e-01	-5.3792402235e-01
0.3382            	5.5024394676e-01	3.9315047758e-01	2.4330202904e-02	5.6240904821e-01	-5.3807884530e-01
0.3384            	5.5132283104e-01	3.9168638552e-01	2.5561862968e-02	5.6410376252e-01	-5.3854189955e-01
0.3386            	5.5261883653e-01	3.9030883433e-01	2.7017446353e-02	5.6612755971e-01	-5.3911011336e-01
0.3388            	5.5328000632e-01	3.8868174260e-01	2.7786503566e-02	5.6717325811e-01	-5.3938675454e-01
0.339             	5.5365195005e-01	3.8703651491e-01	2.8323593052e-02	5.6781374658e-01	-5.3949015353e-01
0.3392            	5.5422485373e-01	3.8546877018e-01	2.9051813607e-02	5.6875076053e-01	-5.3969894693e-01
0.3394            	5.5540926581e-01	3.8395956931e-01	3.0332699457e-02	5.7057561554e-01	-5.4024291608e-01
0.3396            	5.5671292557e-01	3.8251955583e-01	3.1659111347e-02	5.7254248124e-01	-5.4088336990e-01
0.3398            	5.5695824372e-01	3.8078377699e-01	3.2126519022e-02	5.7302150324e-01	-5.4089498421e-01
0.34              	5.5802293621e-01	3.7922233491e-01	3.3236446356e-02	5.7464115939e-01	-5.4140471303e-01
0.3402            	5.5812874766e-01	3.7748553182e-01	3.3533544750e-02	5.7489552004e-01	-5.4136197529e-01
0.3404            	5.5860728127e-01	3.7602638098e-01	3.4396415114e-02	5.7580548883e-01	-5.4140907371e-01
0.3406            	5.5962508201e-01	3.7440740593e-01	3.5133369312e-02	5.7719176667e-01	-5.4205839736e-01
0.3408            	5.5993945671e-01	3.7286262099e-01	3.5856050005e-02	5.7786748172e-01	-5.4201143171e-01
0.341             	5.6154367133e-01	3.7167012186e-01	3.7248968855e-02	5.8016815576e-01	-5.4291918690e-01
0.3412            	5.6168575138e-01	3.6993135738e-01	3.7635001065e-02	5.8050325191e-01	-5.4286825085e-01
0.3414            	5.6226311749e-01	3.6858086586e-01	3.8337820722e-02	5.8143202786e-01	-5.4309420713e-01
0.3416            	5.6259984199e-01	3.6710912242e-01	3.8930928912e-02	5.8206530644e-01	-5.4313437753e-01
0.3418            	5.6163541500e-01	3.6526967430e-01	3.8313250357e-02	5.8079204018e-01	-5.4247878982e-01
0.342             	5.6170489119e-01	3.6374616407e-01	3.8678650329e-02	5.8104421636e-01	-5.4236556603e-01
0.3422            	5.6329281620e-01	3.6242325897e-01	4.0365251413e-02	5.8347544191e-01	-5.4311019050e-01
0.3424            	5.6280466141e-01	3.6066271868e-01	4.0381647185e-02	5.8299548500e-01	-5.4261383782e-01
0.3426            	5.6360239911e-01	3.5924286603e-01	4.1273953826e-02	5.8423937603e-01	-5.4296542220e-01
0.3428            	5.6361389084e-01	3.5753950266e-01	4.1744263067e-02	5.8448602237e-01	-5.4274175930e-01
0.343             	5.6409385734e-01	3.5597484210e-01	4.2522665129e-02	5.8535518990e-01	-5.4283252477e-01
0.3432            	5.6402403829e-01	3.5407961723e-01	4.2766980256e-02	5.8540752841e-01	-5.4264054816e-01
0.3434            	5.6260443718e-01	3.5204201797e-01	4.1896072805e-02	5.8355247358e-01	-5.4165640078e-01
0.3436            	5.6444971047e-01	3.5067272199e-01	4.3881465863e-02	5.8639044340e-01	-5.4250897754e-01
0.3438            	5.6377758560e-01	3.4871396851e-01	4.3570173479e-02	5.8556267234e-01	-5.4199249886e-01
0.344             	5.6389691771e-01	3.4703128381e-01	4.4136190070e-02	5.8596501275e-01	-5.4182882268e-01
0.3442            	5.6282460394e-01	3.4522096210e-01	4.3595849946e-02	5.8462252891e-01	-5.4102667896e-01
0.3444            	5.6451828877e-01	3.4366776207e-01	4.5294065752e-02	5.8716532164e-01	-5.4187125589e-01
0.3446            	5.6416694573e-01	3.4183937779e-01	4.5339303012e-02	5.8683659724e-01	-5.4149729423e-01
0.3448            	5.6481936629e-01	3.4014896309e-01	4.6374206016e-02	5.8800646930e-01	-5.4163226329e-01
0.345             	5.6471403387e-01	3.3838802134e-01	4.6616047773e-02	5.8802205776e-01	-5.4140600999e-01
0.3452            	5.6511414270e-01	3.3658109394e-01	4.7358192302e-02	5.8879323885e-01	-5.4143504655e-01
0.3454            	5.6601018949e-01	3.3484818679e-01	4.8622562518e-02	5.9032147075e-01	-5.4169890823e-01
0.3456            	5.6539570630e-01	3.3286757761e-01	4.8516723329e-02	5.8965406797e-01	-5.4113734464e-01
0.3458            	5.6701046208e-01	3.3127792057e-01	5.0444818688e-02	5.9223287142e-01	-5.4178805274e-01
0.346             	5.6574868733e-01	3.2919621317e-01	4.9624010958e-02	5.9056069281e-01	-5.4093668185e-01
0.3462            	5.6615209675e-01	3.2736202801e-01	5.0367313020e-02	5.9133575326e-01	-5.4096844024e-01
0.3464            	5.6718843511e-01	3.2555432077e-01	5.1704314974e-02	5.9304059259e-01	-5.4133627762e-01
0.3466            	5.6790290314e-01	3.2370952155e-01	5.2754116590e-02	5.9427996144e-01	-5.4152584485e-01
0.3468            	5.6890895132e-01	3.2199628105e-01	5.4155378898e-02	5.9598664077e-01	-5.4183126187e-01
0.347             	5.6968882613e-01	3.2035941084e-01	5.5286026124e-02	5.9733183919e-01	-5.4204581307e-01
0.3472            	5.7088290138e-01	3.1875707516e-01	5.6776218011e-02	5.9927101038e-01	-5.4249479237e-01
0.3474            	5.7185982437e-01	3.1710576906e-01	5.8176810856e-02	6.0094822980e-01	-5.4277141895e-01
0.3476            	5.7240632562e-01	3.1542815797e-01	5.9140991334e-02	6.0197682129e-01	-5.4283582995e-01
0.3478            	5.7289871148e-01	3.1374775908e-01	6.0044084378e-02	6.0292075367e-01	-5.4287666929e-01
0.348             	5.7366970096e-01	3.1206933286e-01	6.1141192092e-02	6.0424029701e-01	-5.4309910491e-01
0.3482            	5.7452689307e-01	3.1040882240e-01	6.2439423052e-02	6.0574660460e-01	-5.4330718155e-01
0.3484            	5.7532477689e-01	3.0875179513e-01	6.3664741551e-02	6.0715714767e-01	-5.4349240612e-01
0.3486            	5.7582631497e-01	3.0695941674e-01	6.4653018270e-02	6.0815282410e-01	-5.4349980583e-01
0.3488            	5.7655895748e-01	3.0528994744e-01	6.5866644236e-02	6.0949227960e-01	-5.4362563536e-01
0.349             	5.7726836823e-01	3.0362696669e-01	6.7008869471e-02	6.1077280297e-01	-5.4376393349e-01
0.3492            	5.7789400206e-01	3.0191740202e-01	6.8120946529e-02	6.1195447532e-01	-5.4383352879e-01
0.3494            	5.7761750508e-01	3.0018153186e-01	6.8555792696e-02	6.1189540143e-01	-5.4333960874e-01
0.3496            	5.7900035790e-01	2.9842013783e-01	7.0087256538e-02	6.1404398617e-01	-5.4395672963e-01
0.3498            	5.7997498660e-01	2.9674069155e-01	7.1582332153e-02	6.1576615267e-01	-5.4418382052e-01
0.35              	5.8076521132e-01	2.9499763161e-01	7.2766068098e-02	6.1714824537e-01	-5.4438217727e-01
0.3502            	5.8188040090e-01	2.9320405107e-01	7.4291307486e-02	6.1902605464e-01	-5.4473474716e-01
0.3504            	5.8264654599e-01	2.9156333565e-01	7.5432038562e-02	6.2036256527e-01	-5.4493052671e-01
0.3506            	5.8397196294e-01	2.8994194879e-01	7.7040149654e-02	6.2249203777e-01	-5.4545188812e-01
0.3508            	5.8498984367e-01	2.8827180510e-01	7.8424727468e-02	6.2420220741e-01	-5.4577747994e-01
0.351             	5.8573836140e-01	2.8660312129e-01	7.9726213617e-02	6.2560146821e-01	-5.4587525459e-01
0.3512            	5.8662323532e-01	2.8495651536e-01	8.0933457832e-02	6.2708996424e-01	-5.4615650640e-01
0.3514            	5.8747358459e-01	2.8333425744e-01	8.2175199932e-02	6.2856118456e-01	-5.4638598462e-01
0.3516            	5.8773070119e-01	2.8161528464e-01	8.2846667808e-02	6.2915403510e-01	-5.4630736729e-01
0.3518            	5.8860612609e-01	2.8001697849e-01	8.3949013980e-02	6.3058063308e-01	-5.4663161910e-01
0.352             	5.8879434368e-01	2.7827009258e-01	8.4482415049e-02	6.3103555121e-01	-5.4655313616e-01
0.3522            	5.8930453210e-01	2.7661120330e-01	8.5220917135e-02	6.3191499066e-01	-5.4669407353e-01
0.3524            	5.8918334428e-01	2.7487780911e-01	8.5535557964e-02	6.3195112326e-01	-5.4641556530e-01
0.3526            	5.8983093723e-01	2.7329197518e-01	8.6627251803e-02	6.3314456313e-01	-5.4651731133e-01
0.3528            	5.8975949077e-01	2.7164832817e-01	8.7027654372e-02	6.3327331795e-01	-5.4624566358e-01
0.353             	5.9027492009e-01	2.7010890028e-01	8.8085800820e-02	6.3431782050e-01	-5.4623201968e-01
0.3532            	5.9054264377e-01	2.6862641120e-01	8.8932675683e-02	6.3500898161e-01	-5.4607630593e-01
0.3534            	5.9129644800e-01	2.6720794278e-01	8.9965755074e-02	6.3627932554e-01	-5.4631357047e-01
0.3536            	5.9133333300e-01	2.6564051118e-01	9.0205002899e-02	6.3643583445e-01	-5.4623083156e-01
0.3538            	5.9153513209e-01	2.6411315658e-01	9.0761556301e-02	6.3691591024e-01	-5.4615435394e-01
0.354             	5.9102155666e-01	2.6256618789e-01	9.0813293162e-02	6.3642820324e-01	-5.4561491008e-01
0.3542            	5.9113314539e-01	2.6111026949e-01	9.1613777345e-02	6.3694003407e-01	-5.4532625672e-01
0.3544            	5.9070757272e-01	2.5953724694e-01	9.1680983369e-02	6.3654806441e-01	-5.4486708104e-01
0.3546            	5.8945636114e-01	2.5796367367e-01	9.0740187833e-02	6.3482645506e-01	-5.4408626723e-01
0.3548            	5.8949290038e-01	2.5650846370e-01	9.0883697675e-02	6.3493474922e-01	-5.4405105155e-01
0.355             	5.8989151525e-01	2.5497947402e-01	9.1700781851e-02	6.3574190617e-01	-5.4404112432e-01
0.3552            	5.8929730382e-01	2.5331027159e-01	9.1734606522e-02	6.3516460708e-01	-5.4343000056e-01
0.3554            	5.8857125743e-01	2.5171525547e-01	9.1495299100e-02	6.3431890698e-01	-5.4282360788e-01
0.3556            	5.8768096690e-01	2.5017589562e-01	9.0737307294e-02	6.3304962055e-01	-5.4231231325e-01
0.3558            	5.8829525263e-01	2.4866617771e-01	9.1554365280e-02	6.3407243527e-01	-5.4251806999e-01
0.356             	5.8816010203e-01	2.4707984202e-01	9.1999867620e-02	6.3416003584e-01	-5.4216016822e-01
0.3562            	5.8832062811e-01	2.4553426483e-01	9.2517150690e-02	6.3457920345e-01	-5.4206205276e-01
0.3564            	5.8888387106e-01	2.4391555173e-01	9.3267811467e-02	6.3551777680e-01	-5.4224996533e-01
0.3566            	5.8860755876e-01	2.4234802553e-01	9.3228293108e-02	6.3522170531e-01	-5.4199341221e-01
0.3568            	5.8884974863e-01	2.4088134688e-01	9.3830454304e-02	6.3576497579e-01	-5.4193452148e-01
0.357             	5.8879083843e-01	2.3931528468e-01	9.4415711225e-02	6.3599869405e-01	-5.4158298282e-01
0.3572            	5.8878368699e-01	2.3782717867e-01	9.4807516121e-02	6.3618744505e-01	-5.4137992893e-01
0.3574            	5.8914499394e-01	2.3633456751e-01	9.5185759135e-02	6.3673787350e-01	-5.4155211437e-01
0.3576            	5.8933999357e-01	2.3481522405e-01	9.5308989000e-02	6.3699448807e-01	-5.4168549907e-01
0.3578            	5.8867108249e-01	2.3324948341e-01	9.4935232067e-02	6.3613869853e-01	-5.4120346646e-01
0.358             	5.8999225294e-01	2.3186812455e-01	9.6162611905e-02	6.3807355889e-01	-5.4191094699e-01
0.3582            	5.9054577836e-01	2.3043457409e-01	9.7017251757e-02	6.3905440424e-01	-5.4203715248e-01
0.3584            	5.9097492201e-01	2.2901019778e-01	9.7621165590e-02	6.3978550481e-01	-5.4216433922e-01
0.3586            	5.9143398975e-01	2.2755641208e-01	9.7960426694e-02	6.4041420310e-01	-5.4245377640e-01
0.3588            	5.9179215539e-01	2.2609982806e-01	9.8226188753e-02	6.4090524976e-01	-5.4267906101e-01
0.359             	5.9147459385e-01	2.2459055464e-01	9.8005993789e-02	6.4047759074e-01	-5.4247159695e-01
0.3592            	5.9224214622e-01	2.2313176860e-01	9.8788847704e-02	6.4163657007e-01	-5.4284772237e-01
0.3594            	5.9309093623e-01	2.2175502134e-01	9.9774639685e-02	6.4297825608e-01	-5.4320361639e-01
0.3596            	5.9348240415e-01	2.2031038184e-01	1.0028190901e-01	6.4362335866e-01	-5.4334144965e-01
0.3598            	5.9410631006e-01	2.1902613791e-01	1.0103746335e-01	6.4462504173e-01	-5.4358757838e-01
0.36              	5.9474572957e-01	2.1778237158e-01	1.0181639196e-01	6.4565392555e-01	-5.4383753358e-01
0.3602            	5.9552890690e-01	2.1653011184e-01	1.0268908421e-01	6.4687344901e-01	-5.4418436480e-01
0.3604            	5.9627182902e-01	2.1527078919e-01	1.0348170376e-01	6.4801268090e-01	-5.4453097714e-01
0.3606            	5.9709120997e-01	2.1396022747e-01	1.0393261437e-01	6.4905751715e-01	-5.4512490278e-01
0.3608            	5.9789481870e-01	2.1270906896e-01	1.0459016125e-01	6.5018989933e-01	-5.4559973808e-01
0.361             	5.9870442031e-01	2.1148433949e-01	1.0530671683e-01	6.5135777872e-01	-5.4605106190e-01
0.3612            	5.9952484378e-01	2.1022954518e-01	1.0613188702e-01	6.5259078729e-01	-5.4645890027e-01
0.3614            	6.0066127209e-01	2.0911495794e-01	1.0752962288e-01	6.5442608353e-01	-5.4689646065e-01
0.3616            	6.0148590185e-01	2.0794228862e-01	1.0838097230e-01	6.5567638800e-01	-5.4729541570e-01
0.3618            	6.0253725774e-01	2.0678180726e-01	1.0929906412e-01	6.5718678980e-01	-5.4788772568e-01
0.362             	6.0382758107e-01	2.0563056910e-01	1.1044792426e-01	6.5905154320e-01	-5.4860361894e-01
0.3622            	6.0499175584e-01	2.0448436829e-01	1.1138618838e-01	6.6068485003e-01	-5.4929866166e-01
0.3624            	6.0623711413e-01	2.0329849690e-01	1.1231004951e-01	6.6239213889e-01	-5.5008208938e-01
0.3626            	6.0738770642e-01	2.0212118922e-01	1.1301348370e-01	6.6389444827e-01	-5.5088096457e-01
0.3628            	6.0877947481e-01	2.0096313494e-01	1.1414768005e-01	6.6585331484e-01	-5.5170563479e-01
0.363             	6.0984131888e-01	1.9984011644e-01	1.1507888575e-01	6.6738076176e-01	-5.5230187601e-01
0.3632            	6.1111062627e-01	1.9876282632e-01	1.1617003013e-01	6.6919564134e-01	-5.5302561120e-01
0.3634            	6.1229887753e-01	1.9767813229e-01	1.1714663953e-01	6.7087219730e-01	-5.5372555777e-01
0.3636            	6.1375580926e-01	1.9665518486e-01	1.1866009437e-01	6.7308585645e-01	-5.5442576208e-01
0.3638            	6.1501422810e-01	1.9562714099e-01	1.1994692913e-01	6.7498769266e-01	-5.5504076354e-01
0.364             	6.1644674510e-01	1.9463656477e-01	1.2141499664e-01	6.7715424342e-01	-5.5573924678e-01
0.3642            	6.1763923068e-01	1.9359894195e-01	1.2244455886e-01	6.7886151011e-01	-5.5641695125e-01
0.3644            	6.1859258285e-01	1.9256569743e-01	1.2334904749e-01	6.8026710660e-01	-5.5691805911e-01
0.3646            	6.2020119361e-01	1.9156426499e-01	1.2489852250e-01	6.8265045486e-01	-5.5775193236e-01
0.3648            	6.2159241661e-01	1.9054365365e-01	1.2611493872e-01	6.8464988597e-01	-5.5853494725e-01
0.365             	6.2263308076e-01	1.8950545705e-01	1.2710894634e-01	6.8618755393e-01	-5.5907860759e-01
0.3652            	6.2394271186e-01	1.8850949331e-01	1.2840652333e-01	6.8814597352e-01	-5.5973945020e-01
0.3654            	6.2575799916e-01	1.8751527299e-01	1.2995309618e-01	6.9073454726e-01	-5.6078145107e-01
0.3656            	6.2638799447e-01	1.8647544902e-01	1.3016768740e-01	6.9147183817e-01	-5.6130415077e-01
0.3658            	6.2781619282e-01	1.8550189476e-01	1.3118532543e-01	6.9340885553e-01	-5.6222353011e-01
0.366             	6.2865000077e-01	1.8456143589e-01	1.3164289278e-01	6.9447144716e-01	-5.6282855438e-01
0.3662            	6.2942307998e-01	1.8359150403e-01	1.3235258826e-01	6.9559937411e-01	-5.6324678585e-01
0.3664            	6.3055503671e-01	1.8273155286e-01	1.3330998166e-01	6.9721002754e-01	-5.6390004588e-01
0.3666            	6.3260667240e-01	1.8187001222e-01	1.3491777432e-01	7.0006555956e-01	-5.6514778524e-01
0.3668            	6.3301685636e-01	1.8103544882e-01	1.3510356644e-01	7.0056863958e-01	-5.6546507314e-01
0.367             	6.3447245950e-01	1.8008269763e-01	1.3584638719e-01	7.0239565310e-01	-5.6654926591e-01
0.3672            	6.3697987423e-01	1.7930342797e-01	1.3811127656e-01	7.0603551251e-01	-5.6792423594e-01
0.3674            	6.3852119737e-01	1.7852742183e-01	1.3945620667e-01	7.0824930071e-01	-5.6879309404e-01
0.3676            	6.3993416622e-01	1.7772570161e-01	1.4046312588e-01	7.1016572916e-01	-5.6970260328e-01
0.3678            	6.4167192806e-01	1.7700779481e-01	1.4198106169e-01	7.1266245891e-01	-5.7068139722e-01
0.368             	6.4366396959e-01	1.7636286368e-01	1.4348734668e-01	7.1540764293e-01	-5.7192029625e-01
0.3682            	6.4536726746e-01	1.7566647558e-01	1.4431209793e-01	7.1752331643e-01	-5.7321121850e-01
0.3684            	6.4733747738e-01	1.7508668764e-01	1.4681231042e-01	7.2074363259e-01	-5.7393132217e-01
0.3686            	6.4942131912e-01	1.7421187093e-01	1.4583480086e-01	7.2233871955e-01	-5.7650391869e-01
0.3688            	6.5180452728e-01	1.7337256746e-01	1.4826251162e-01	7.2593578310e-01	-5.7767327147e-01
0.369             	6.5420556868e-01	1.7278378167e-01	1.5007965960e-01	7.2924539848e-01	-5.7916573888e-01
0.3692            	6.5647882860e-01	1.7213315304e-01	1.5146610765e-01	7.3221188243e-01	-5.8074577478e-01
0.3694            	6.5855541626e-01	1.7161132240e-01	1.5368005044e-01	7.3539544148e-01	-5.8171539104e-01
0.3696            	6.6139328623e-01	1.7096522220e-01	1.5592216891e-01	7.3935437069e-01	-5.8343220177e-01
0.3698            	6.6335337428e-01	1.7040763379e-01	1.5790718601e-01	7.4230696728e-01	-5.8439978127e-01
0.37              	6.6583250408e-01	1.6977695393e-01	1.5966337052e-01	7.4566418934e-01	-5.8600081882e-01
0.3702            	6.6772330874e-01	1.6931365354e-01	1.6225865314e-01	7.4885263532e-01	-5.8659398217e-01
0.3704            	6.7039319765e-01	1.6877658058e-01	1.6502972083e-01	7.5290805807e-01	-5.8787833724e-01
0.3706            	6.7209101766e-01	1.6829550512e-01	1.6699212593e-01	7.5558708063e-01	-5.8859495469e-01
0.3708            	6.7434462293e-01	1.6765122664e-01	1.6861742605e-01	7.5865333596e-01	-5.9003590990e-01
0.371             	6.7665489369e-01	1.6704640710e-01	1.7014802920e-01	7.6172890829e-01	-5.9158087909e-01
0.3712            	6.7876889239e-01	1.6637138751e-01	1.7126705726e-01	7.6440242101e-01	-5.9313536376e-01
0.3714            	6.8116736942e-01	1.6568083126e-01	1.7240079674e-01	7.6736776779e-01	-5.9496697105e-01
0.3716            	6.8238282270e-01	1.6497052209e-01	1.7234839174e-01	7.6855701857e-01	-5.9620862683e-01
0.3718            	6.8523889437e-01	1.6430887387e-01	1.7493405179e-01	7.7270592027e-01	-5.9777186848e-01
0.372             	6.8698604296e-01	1.6404649274e-01	1.7812079141e-01	7.7604643866e-01	-5.9792564725e-01
0.3722            	6.8869325281e-01	1.6378360565e-01	1.8124657642e-01	7.7931654102e-01	-5.9806996460e-01
0.3724            	6.9066545944e-01	1.6263183650e-01	1.7934338617e-01	7.8033715253e-01	-6.0099376635e-01
0.3726            	6.9243271060e-01	1.6175088866e-01	1.7967825847e-01	7.8227183983e-01	-6.0259358137e-01
0.3728            	6.9417985519e-01	1.6211550796e-01	1.8661939747e-01	7.8748955392e-01	-6.0087015645e-01
0.373             	6.9535641160e-01	1.6101939253e-01	1.8403320745e-01	7.8737301532e-01	-6.0333980787e-01
0.3732            	6.9681232164e-01	1.5992392964e-01	1.8284995409e-01	7.8823729869e-01	-6.0538734459e-01
0.3734            	6.9832310187e-01	1.6031585799e-01	1.8985941625e-01	7.9325281000e-01	-6.0339339375e-01
0.3736            	6.9970394516e-01	1.5905767873e-01	1.8635724337e-01	7.9288256684e-01	-6.0652532347e-01
0.3738            	7.0076510253e-01	1.5813238307e-01	1.8594969172e-01	7.9373994839e-01	-6.0779025667e-01
0.374             	7.0196704165e-01	1.5831096402e-01	1.9086625843e-01	7.9740017087e-01	-6.0653391244e-01
0.3742            	7.0300008497e-01	1.5694224271e-01	1.8733463165e-01	7.9666740080e-01	-6.0933276915e-01
0.3744            	7.0425692397e-01	1.5715153850e-01	1.9308335912e-01	8.0079860353e-01	-6.0771524441e-01
0.3746            	7.0540456135e-01	1.5585875022e-01	1.8940227231e-01	8.0010569751e-01	-6.1070342520e-01
0.3748            	7.0625883127e-01	1.5617652545e-01	1.9489680964e-01	8.0370723609e-01	-6.0881042645e-01
0.375             	7.0760999293e-01	1.5492801680e-01	1.9093606818e-01	8.0307802702e-01	-6.1214195884e-01
0.3752            	7.0908519360e-01	1.5493466281e-01	1.9503431193e-01	8.0660234956e-01	-6.1156803763e-01
0.3754            	7.1035971517e-01	1.5395576676e-01	1.9262304875e-01	8.0667123955e-01	-6.1404819080e-01
0.3756            	7.1161308774e-01	1.5466836770e-01	1.9856406495e-01	8.1089512021e-01	-6.1233105526e-01
0.3758            	7.1317584279e-01	1.5308217173e-01	1.9439870400e-01	8.1037519479e-01	-6.1597649079e-01
0.376             	7.1460424227e-01	1.5343102261e-01	1.9941772288e-01	8.1431310371e-01	-6.1489538083e-01
0.3762            	7.1581597323e-01	1.5212544395e-01	1.9602391527e-01	8.1382793087e-01	-6.1780401560e-01
0.3764            	7.1715858666e-01	1.5218107004e-01	1.9895861031e-01	8.1663789182e-01	-6.1767928150e-01
0.3766            	7.1858315977e-01	1.5205244256e-01	2.0234947417e-01	8.1975789685e-01	-6.1740842268e-01
0.3768            	7.1974291969e-01	1.5093487338e-01	1.9906052192e-01	8.1927318065e-01	-6.2021265873e-01
0.377             	7.2114839092e-01	1.5116595630e-01	2.0368570871e-01	8.2299124527e-01	-6.1930553657e-01
0.3772            	7.2229714011e-01	1.4984988031e-01	2.0063579774e-01	8.2261503898e-01	-6.2197924124e-01
0.3774            	7.2350922952e-01	1.4958605518e-01	2.0187162176e-01	8.2444504040e-01	-6.2257341863e-01
0.3776            	7.2461863526e-01	1.4984343247e-01	2.0664491347e-01	8.2794109200e-01	-6.2129617853e-01
0.3778            	7.2581571462e-01	1.4854629851e-01	2.0346994928e-01	8.2755068926e-01	-6.2408073997e-01
0.378             	7.2669287632e-01	1.4814529073e-01	2.0370252129e-01	8.2854413696e-01	-6.2484161567e-01
0.3782            	7.2764922369e-01	1.4831993873e-01	2.0795957324e-01	8.3162901031e-01	-6.2366943707e-01
0.3784            	7.2843492937e-01	1.4698373672e-01	2.0439737239e-01	8.3063361557e-01	-6.2623624318e-01
0.3786            	7.2937685699e-01	1.4661993652e-01	2.0494211721e-01	8.3184791560e-01	-6.2690579838e-01
0.3788            	7.3018471986e-01	1.4663226494e-01	2.0786349830e-01	8.3411646901e-01	-6.2625297070e-01
0.379             	7.3085949925e-01	1.4637529697e-01	2.1046112463e-01	8.3609006157e-01	-6.2562893694e-01
0.3792            	7.3144755067e-01	1.4511407259e-01	2.0616065091e-01	8.3452787613e-01	-6.2836722522e-01
0.3794            	7.3250745769e-01	1.4480227621e-01	2.0708590514e-01	8.3605041026e-01	-6.2896450512e-01
0.3796            	7.3331752834e-01	1.4490283250e-01	2.1101351148e-01	8.3882428408e-01	-6.2781077260e-01
0.3798            	7.3383739801e-01	1.4356134710e-01	2.0720215741e-01	8.3743847672e-01	-6.3023631930e-01
0.38              	7.3438498450e-01	1.4318051732e-01	2.0732239109e-01	8.3804618005e-01	-6.3072378896e-01
0.3802            	7.3492425226e-01	1.4298888255e-01	2.0868310011e-01	8.3926580232e-01	-6.3058270221e-01
0.3804            	7.3543981438e-01	1.4308867334e-01	2.1253250046e-01	8.4170606461e-01	-6.2917356415e-01
0.3806            	7.3577952571e-01	1.4173619825e-01	2.0801564735e-01	8.3978734938e-01	-6.3177170204e-01
0.3808            	7.3614855177e-01	1.4130804023e-01	2.0772244389e-01	8.4000977371e-01	-6.3228732983e-01
0.381             	7.3671505352e-01	1.4097646524e-01	2.0890151277e-01	8.4116580990e-01	-6.3226429713e-01
0.3812            	7.3717195071e-01	1.4088172203e-01	2.1246153563e-01	8.4340271852e-01	-6.3094118290e-01
0.3814            	7.3752492195e-01	1.3943390797e-01	2.0752629773e-01	8.4128807081e-01	-6.3376177308e-01
0.3816            	7.3767233331e-01	1.3899473135e-01	2.0731853859e-01	8.4133160260e-01	-6.3401306401e-01
0.3818            	7.3774911521e-01	1.3859559158e-01	2.0731301269e-01	8.4140562155e-01	-6.3409260886e-01
0.382             	7.3786047760e-01	1.3855397103e-01	2.0954919377e-01	8.4263507449e-01	-6.3308588072e-01
0.3822            	7.3780773751e-01	1.3824230072e-01	2.1115212459e-01	8.4338379981e-01	-6.3223167521e-01
0.3824            	7.3782177201e-01	1.3698568766e-01	2.0619208366e-01	8.4091781384e-01	-6.3472573018e-01
0.3826            	7.3797673839e-01	1.3658124474e-01	2.0574258953e-01	8.4084803315e-01	-6.3510544362e-01
0.3828            	7.3832308867e-01	1.3623303621e-01	2.0586919744e-01	8.4125768739e-01	-6.3538848996e-01
0.383             	7.3846831747e-01	1.3624071150e-01	2.0823884913e-01	8.4258774203e-01	-6.3434889290e-01
0.3832            	7.3903870602e-01	1.3531382764e-01	2.0626046529e-01	8.4216893867e-01	-6.3590847337e-01
0.3834            	7.3960440733e-01	1.3470980251e-01	2.0501312068e-01	8.4211096767e-01	-6.3709784699e-01
0.3836            	7.4021262178e-01	1.3445358973e-01	2.0528773088e-01	8.4285648722e-01	-6.3756875634e-01
0.3838            	7.4105159386e-01	1.3422598210e-01	2.0601407092e-01	8.4405862932e-01	-6.3804455840e-01
0.384             	7.4175477010e-01	1.3427059386e-01	2.0834132340e-01	8.4592543180e-01	-6.3758410840e-01
0.3842            	7.4195123870e-01	1.3396717914e-01	2.0966656954e-01	8.4678452347e-01	-6.3711795393e-01
0.3844            	7.4226451936e-01	1.3287496674e-01	2.0540569166e-01	8.4496736519e-01	-6.3956167353e-01
0.3846            	7.4267563924e-01	1.3258142873e-01	2.0535067304e-01	8.4535097576e-01	-6.4000030272e-01
0.3848            	7.4349577742e-01	1.3228702671e-01	2.0534920642e-01	8.4617038063e-01	-6.4082117421e-01
0.385             	7.4402613253e-01	1.3202905797e-01	2.0602867232e-01	8.4704046869e-01	-6.4101179637e-01
0.3852            	7.4434675653e-01	1.3207572365e-01	2.0825570597e-01	8.4847460952e-01	-6.4021890355e-01
0.3854            	7.4470697338e-01	1.3160098349e-01	2.0831456841e-01	8.4886425759e-01	-6.4054968917e-01
0.3856            	7.4465049821e-01	1.3063092400e-01	2.0464939792e-01	8.4697519717e-01	-6.4232579926e-01
0.3858            	7.4520379901e-01	1.3032212857e-01	2.0478060902e-01	8.4759410352e-01	-6.4281349450e-01
0.386             	7.4516696254e-01	1.3002753945e-01	2.0417464986e-01	8.4725428747e-01	-6.4307963761e-01
0.3862            	7.4526856497e-01	1.2967666499e-01	2.0387600215e-01	8.4720656604e-01	-6.4333056389e-01
0.3864            	7.4540771457e-01	1.2956883270e-01	2.0492945786e-01	8.4787244351e-01	-6.4294298564e-01
0.3866            	7.4549146353e-01	1.2959290073e-01	2.0720860869e-01	8.4909576787e-01	-6.4188715918e-01
0.3868            	7.4545330680e-01	1.2880974941e-01	2.0481604517e-01	8.4786132939e-01	-6.4304528422e-01
0.387             	7.4553825241e-01	1.2811364743e-01	2.0278260929e-01	8.4692955705e-01	-6.4414694776e-01
0.3872            	7.4562881497e-01	1.2781010231e-01	2.0242427345e-01	8.4684095169e-01	-6.4441667824e-01
0.3874            	7.4567097456e-01	1.2743619895e-01	2.0151433160e-01	8.4642814036e-01	-6.4491380876e-01
0.3876            	7.4585593898e-01	1.2708961205e-01	2.0138979442e-01	8.4655083619e-01	-6.4516104177e-01
0.3878            	7.4584848419e-01	1.2701174788e-01	2.0272293457e-01	8.4720995148e-01	-6.4448701691e-01
0.388             	7.4585880228e-01	1.2695714128e-01	2.0452412214e-01	8.4812086335e-01	-6.4359674120e-01
0.3882            	7.4574299295e-01	1.2607416564e-01	2.0138018446e-01	8.4643308518e-01	-6.4505290072e-01
0.3884            	7.4572637901e-01	1.2550451549e-01	1.9981563478e-01	8.4563419640e-01	-6.4581856162e-01
0.3886            	7.4571387214e-01	1.2523130521e-01	1.9942114438e-01	8.4542444433e-01	-6.4600329995e-01
0.3888            	7.4559779506e-01	1.2494893038e-01	1.9873391669e-01	8.4496475341e-01	-6.4623083672e-01
0.389             	7.4557616632e-01	1.2456495569e-01	1.9774305207e-01	8.4444769235e-01	-6.4670464028e-01
0.3892            	7.4554598449e-01	1.2425042995e-01	1.9742524562e-01	8.4425860730e-01	-6.4683336168e-01
0.3894            	7.4536270133e-01	1.2409403753e-01	1.9804165698e-01	8.4438352982e-01	-6.4634187284e-01
0.3896            	7.4531048416e-01	1.2403638408e-01	1.9963103193e-01	8.4512600012e-01	-6.4549496819e-01
0.3898            	7.4505536630e-01	1.2337668155e-01	1.9771942315e-01	8.4391507788e-01	-6.4619565473e-01
0.39              	7.4498865589e-01	1.2266125026e-01	1.9529087249e-01	8.4263409214e-01	-6.4734321965e-01
0.3902            	7.4483001379e-01	1.2227820577e-01	1.9463532324e-01	8.4214767541e-01	-6.4751235216e-01
0.3904            	7.4473374006e-01	1.2191993750e-01	1.9352659862e-01	8.4149703937e-01	-6.4797044075e-01
0.3906            	7.4454621966e-01	1.2155034341e-01	1.9277066605e-01	8.4093155268e-01	-6.4816088663e-01
0.3908            	7.4431982704e-01	1.2118859723e-01	1.9225959957e-01	8.4044962683e-01	-6.4819002725e-01
0.391             	7.4385047515e-01	1.2097786858e-01	1.9254421064e-01	8.4012258047e-01	-6.4757836983e-01
0.3912            	7.4350639183e-01	1.2095798935e-01	1.9374233923e-01	8.4037756145e-01	-6.4663522222e-01
0.3914            	7.4297352419e-01	1.2065909527e-01	1.9376667805e-01	8.3985686321e-01	-6.4609018516e-01
0.3916            	7.4262186355e-01	1.1966727531e-01	1.8957815591e-01	8.3741094151e-01	-6.4783278560e-01
0.3918            	7.4202097872e-01	1.1916480857e-01	1.8800917102e-01	8.3602556423e-01	-6.4801639321e-01
0.392             	7.4169358656e-01	1.1882159756e-01	1.8702647497e-01	8.3520682404e-01	-6.4818034908e-01
0.3922            	7.4129804686e-01	1.1851909161e-01	1.8598455223e-01	8.3429032297e-01	-6.4830577074e-01
0.3924            	7.4111001238e-01	1.1822004055e-01	1.8534104054e-01	8.3378053265e-01	-6.4843949210e-01
0.3926            	7.4093723046e-01	1.1795481715e-01	1.8481049105e-01	8.3334247599e-01	-6.4853198494e-01
0.3928            	7.4074319362e-01	1.1778335735e-01	1.8505414791e-01	8.3327026757e-01	-6.4821611967e-01
0.393             	7.4074660953e-01	1.1770593164e-01	1.8609794880e-01	8.3379558393e-01	-6.4769763514e-01
0.3932            	7.4067346392e-01	1.1745471537e-01	1.8651985173e-01	8.3393338978e-01	-6.4741353805e-01
0.3934            	7.4087625736e-01	1.1674576483e-01	1.8422010875e-01	8.3298631174e-01	-6.4876620299e-01
0.3936            	7.4106129239e-01	1.1620777335e-01	1.8233444747e-01	8.3222851612e-01	-6.4989406865e-01
0.3938            	7.4061246328e-01	1.1586918888e-01	1.8146257484e-01	8.3134375070e-01	-6.4988117586e-01
0.394             	7.4040470980e-01	1.1566740092e-01	1.8119876060e-01	8.3100409010e-01	-6.4980532950e-01
0.3942            	7.4017743325e-01	1.1548592269e-01	1.8062370141e-01	8.3048928395e-01	-6.4986558255e-01
0.3944            	7.3988816543e-01	1.1523590926e-01	1.7966354735e-01	8.2971993911e-01	-6.5005639175e-01
0.3946            	7.3954773552e-01	1.1515007761e-01	1.7992389255e-01	8.2950968180e-01	-6.4958578924e-01
0.3948            	7.3921099970e-01	1.1507870649e-01	1.8036140087e-01	8.2939170013e-01	-6.4903029927e-01
0.395             	7.3902188229e-01	1.1490525512e-01	1.8065707014e-01	8.2935041736e-01	-6.4869334722e-01
0.3952            	7.3883371561e-01	1.1406318515e-01	1.7695022130e-01	8.2730882626e-01	-6.5035860496e-01
0.3954            	7.3839782551e-01	1.1361784662e-01	1.7521679323e-01	8.2600622213e-01	-6.5078942890e-01
0.3956            	7.3787613400e-01	1.1340914838e-01	1.7465883985e-01	8.2520555393e-01	-6.5054671407e-01
0.3958            	7.3762255271e-01	1.1324053066e-01	1.7367439598e-01	8.2445975070e-01	-6.5078535472e-01
0.396             	7.3709274517e-01	1.1293702333e-01	1.7216507051e-01	8.2317528042e-01	-6.5101020991e-01
0.3962            	7.3659510792e-01	1.1268008730e-01	1.7140965159e-01	8.2229993372e-01	-6.5089028212e-01
0.3964            	7.3609207879e-01	1.1249767164e-01	1.7108143519e-01	8.2163279638e-01	-6.5055136119e-01
0.3966            	7.3553197832e-01	1.1246920587e-01	1.7149161697e-01	8.2127778681e-01	-6.4978616984e-01
0.3968            	7.3496625350e-01	1.1245732994e-01	1.7238809055e-01	8.2116029878e-01	-6.4877220823e-01
0.397             	7.3443404246e-01	1.1175403261e-01	1.6906444271e-01	8.1896626382e-01	-6.4990182110e-01
0.3972            	7.3369585848e-01	1.1121166561e-01	1.6679490646e-01	8.1709331171e-01	-6.5029840525e-01
0.3974            	7.3336856664e-01	1.1101714936e-01	1.6611443889e-01	8.1642578609e-01	-6.5031134720e-01
0.3976            	7.3275932446e-01	1.1080633830e-01	1.6472832474e-01	8.1512348683e-01	-6.5039516209e-01
0.3978            	7.3191675142e-01	1.1055252379e-01	1.6339261322e-01	8.1361305804e-01	-6.5022044481e-01
0.398             	7.3110471377e-01	1.1046436970e-01	1.6287373217e-01	8.1254157986e-01	-6.4966784769e-01
0.3982            	7.3025273109e-01	1.1060109575e-01	1.6392112408e-01	8.1221329313e-01	-6.4829216905e-01
0.3984            	7.2933606597e-01	1.0989604295e-01	1.6068375228e-01	8.0967794212e-01	-6.4899418983e-01
0.3986            	7.2852759435e-01	1.0939068257e-01	1.5851135321e-01	8.0778327096e-01	-6.4927191775e-01
0.3988            	7.2779344439e-01	1.0916733984e-01	1.5711941468e-01	8.0635315173e-01	-6.4923373705e-01
0.399             	7.2690120413e-01	1.0894502396e-01	1.5570309091e-01	8.0475274959e-01	-6.4904965868e-01
0.3992            	7.2604011004e-01	1.0871331639e-01	1.5427912748e-01	8.0317967378e-01	-6.4890054630e-01
0.3994            	7.2504576774e-01	1.0855116439e-01	1.5307572691e-01	8.0158363120e-01	-6.4850790428e-01
0.3996            	7.2397240019e-01	1.0838146022e-01	1.5213948565e-01	8.0004214302e-01	-6.4790265737e-01
0.3998            	7.2294137458e-01	1.0837597265e-01	1.5185676136e-01	7.9886975527e-01	-6.4701299390e-01
0.4               	7.2191270691e-01	1.0841797964e-01	1.5248422525e-01	7.9815481953e-01	-6.4567059428e-01
0.4002            	7.2075988621e-01	1.0771033436e-01	1.4856860822e-01	7.9504419032e-01	-6.4647558210e-01
0.4004            	7.2004324693e-01	1.0712258831e-01	1.4596356341e-01	7.9302502864e-01	-6.4706146523e-01
0.4006            	7.1893104450e-01	1.0679568782e-01	1.4424345906e-01	7.9105277403e-01	-6.4680931497e-01
0.4008            	7.1802790045e-01	1.0666216984e-01	1.4321131417e-01	7.8963355754e-01	-6.4642224337e-01
0.401             	7.1705091224e-01	1.0660970200e-01	1.4234455855e-01	7.8822319151e-01	-6.4587863296e-01
0.4012            	7.1605770470e-01	1.0661019580e-01	1.4166191975e-01	7.8688866458e-01	-6.4522674482e-01
0.4014            	7.1495353192e-01	1.0660273917e-01	1.4185355757e-01	7.8588031070e-01	-6.4402675313e-01
0.4016            	7.1394063362e-01	1.0583259553e-01	1.3783486758e-01	7.8285806740e-01	-6.4502319983e-01
0.4018            	7.1277282855e-01	1.0530485383e-01	1.3496555104e-01	7.8025560407e-01	-6.4529005303e-01
0.402             	7.1174202923e-01	1.0505436482e-01	1.3332488496e-01	7.7840447171e-01	-6.4507958675e-01
0.4022            	7.1048751431e-01	1.0490670596e-01	1.3187335732e-01	7.7642419297e-01	-6.4455083565e-01
0.4024            	7.0925326485e-01	1.0488115966e-01	1.3090581955e-01	7.7470617463e-01	-6.4380035508e-01
0.4026            	7.0811360793e-01	1.0474976467e-01	1.2924166414e-01	7.7273444000e-01	-6.4349277586e-01
0.4028            	7.0670855683e-01	1.0466174282e-01	1.2786464122e-01	7.7064087744e-01	-6.4277623622e-01
0.403             	7.0541829198e-01	1.0482557016e-01	1.2846337972e-01	7.6964998184e-01	-6.4118660212e-01
0.4032            	7.0406993413e-01	1.0440970171e-01	1.2609001170e-01	7.6711493997e-01	-6.4102492828e-01
0.4034            	7.0055917644e-01	1.0374179694e-01	1.1954646380e-01	7.6033240834e-01	-6.4078594454e-01
0.4036            	7.0200074807e-01	1.0343748547e-01	1.2020078814e-01	7.6210114214e-01	-6.4190035399e-01
0.4038            	7.0135963670e-01	1.0345344853e-01	1.1958611697e-01	7.6115269518e-01	-6.4156657822e-01
0.404             	7.0060242638e-01	1.0347846428e-01	1.1857837716e-01	7.5989161496e-01	-6.4131323780e-01
0.4042            	6.9979976856e-01	1.0352848826e-01	1.1827012778e-01	7.5893483245e-01	-6.4066470467e-01
0.4044            	6.9894893466e-01	1.0349931317e-01	1.1802483782e-01	7.5796135357e-01	-6.3993651575e-01
0.4046            	6.9823360782e-01	1.0271527703e-01	1.1396158032e-01	7.5521439798e-01	-6.4125281766e-01
0.4048            	6.9746000010e-01	1.0243159374e-01	1.1227719655e-01	7.5359859838e-01	-6.4132140182e-01
0.405             	6.9689962915e-01	1.0235681831e-01	1.1104768725e-01	7.5242347277e-01	-6.4137578552e-01
0.4052            	6.9635105228e-01	1.0243518246e-01	1.1060395503e-01	7.5165302979e-01	-6.4104907477e-01
0.4054            	6.9579799150e-01	1.0251639623e-01	1.0997668344e-01	7.5078633322e-01	-6.4080964978e-01
0.4056            	6.9528732132e-01	1.0250461514e-01	1.0921321722e-01	7.4989392993e-01	-6.4068071271e-01
0.4058            	6.9482801878e-01	1.0278877259e-01	1.1047695992e-01	7.5006649874e-01	-6.3958953882e-01
0.406             	6.9412073135e-01	1.0231533681e-01	1.0783591163e-01	7.4803868716e-01	-6.4020277553e-01
0.4062            	6.9344484256e-01	1.0175472599e-01	1.0466887730e-01	7.4577928121e-01	-6.4111040390e-01
0.4064            	6.9287864557e-01	1.0165332213e-01	1.0363723904e-01	7.4469726509e-01	-6.4106002605e-01
0.4066            	6.9242048263e-01	1.0172399967e-01	1.0312692653e-01	7.4398394589e-01	-6.4085701936e-01
0.4068            	6.9185810079e-01	1.0181520548e-01	1.0242109927e-01	7.4306865042e-01	-6.4064755115e-01
0.407             	6.9132968728e-01	1.0200817050e-01	1.0298120761e-01	7.4282029108e-01	-6.3983908347e-01
0.4072            	6.9076445626e-01	1.0159034367e-01	1.0089461409e-01	7.4121176330e-01	-6.4031714921e-01
0.4074            	6.9010934104e-01	1.0088839645e-01	9.7549367206e-02	7.3888402464e-01	-6.4133465743e-01
0.4076            	6.8963047937e-01	1.0076101243e-01	9.6485679205e-02	7.3787331897e-01	-6.4138763976e-01
0.4078            	6.8915775851e-01	1.0074869238e-01	9.5733058904e-02	7.3702428796e-01	-6.4129122906e-01
0.408             	6.8871523254e-01	1.0075568826e-01	9.4969360006e-02	7.3619991254e-01	-6.4123055253e-01
0.4082            	6.8810835919e-01	1.0075261907e-01	9.4236797711e-02	7.3522675805e-01	-6.4098996034e-01
0.4084            	6.8765700803e-01	1.0099864499e-01	9.5205575617e-02	7.3525979584e-01	-6.4005422022e-01
0.4086            	6.8710167630e-01	1.0094242667e-01	9.4957209613e-02	7.3458028110e-01	-6.3962307149e-01
0.4088            	6.8649396594e-01	1.0020502622e-01	9.0972051322e-02	7.3197999160e-01	-6.4100794028e-01
0.409             	6.8581903400e-01	1.0012550646e-01	8.9839471523e-02	7.3073876976e-01	-6.4089929824e-01
0.4092            	6.8525277075e-01	1.0008978035e-01	8.8572063846e-02	7.2953880267e-01	-6.4096673882e-01
0.4094            	6.8459346093e-01	9.9970466756e-02	8.7200794144e-02	7.2819385800e-01	-6.4099306386e-01
0.4096            	6.8397072155e-01	1.0018154109e-01	8.7541470384e-02	7.2774145675e-01	-6.4019998636e-01
0.4098            	6.8326889245e-01	9.9991394836e-02	8.6645423187e-02	7.2659160405e-01	-6.3994618086e-01
0.41              	6.8247245602e-01	9.9411532213e-02	8.3669761491e-02	7.2430733677e-01	-6.4063757528e-01
0.4102            	6.8193449277e-01	9.9387426200e-02	8.2785533511e-02	7.2332725953e-01	-6.4054172602e-01
0.4104            	6.8149832762e-01	9.9399060720e-02	8.1620862545e-02	7.2230875889e-01	-6.4068789635e-01
0.4106            	6.8099955185e-01	9.9235127064e-02	7.9926491844e-02	7.2096279777e-01	-6.4103630592e-01
0.4108            	6.8041410888e-01	9.9272136276e-02	7.9699805597e-02	7.2026401167e-01	-6.4056420608e-01
0.411             	6.7991006837e-01	9.9586053218e-02	8.0938232443e-02	7.2037918459e-01	-6.3944095215e-01
0.4112            	6.7935061185e-01	9.9356801369e-02	7.9773882817e-02	7.1923755326e-01	-6.3946367044e-01
0.4114            	6.7876116243e-01	9.8806185932e-02	7.6842649566e-02	7.1718248722e-01	-6.4033983765e-01
0.4116            	6.7827672233e-01	9.8861709503e-02	7.5830794086e-02	7.1619211938e-01	-6.4036132529e-01
0.4118            	6.7791404286e-01	9.8824644015e-02	7.4557793520e-02	7.1519293962e-01	-6.4063514610e-01
0.412             	6.7755381582e-01	9.9103966230e-02	7.5551089076e-02	7.1532936036e-01	-6.3977827128e-01
0.4122            	6.7712002700e-01	9.8964926425e-02	7.4956389884e-02	7.1459822194e-01	-6.3964183205e-01
0.4124            	6.7648744821e-01	9.8056737215e-02	7.0368985606e-02	7.1167194101e-01	-6.4130295541e-01
0.4126            	6.7575188660e-01	9.8043934195e-02	6.9552825625e-02	7.1052829941e-01	-6.4097547379e-01
0.4128            	6.7505968923e-01	9.8183726936e-02	6.8860131567e-02	7.0948975502e-01	-6.4062962345e-01
0.413             	6.7443507647e-01	9.8222174193e-02	6.7846654643e-02	7.0835840379e-01	-6.4051174915e-01
0.4132            	6.7385121419e-01	9.8410649804e-02	6.8142297653e-02	7.0792236302e-01	-6.3978006537e-01
0.4134            	6.7307102180e-01	9.8353685438e-02	6.7675882386e-02	7.0690896300e-01	-6.3923308061e-01
0.4136            	6.7209053377e-01	9.7611888984e-02	6.3510434745e-02	7.0384575115e-01	-6.4033531640e-01
0.4138            	6.7118525071e-01	9.7531435612e-02	6.2205916572e-02	7.0228820899e-01	-6.4008229242e-01
0.414             	6.7034034918e-01	9.7574020988e-02	6.1081884179e-02	7.0088129127e-01	-6.3979940709e-01
0.4142            	6.6944268613e-01	9.7518857195e-02	5.9661079152e-02	6.9927322570e-01	-6.3961214655e-01
0.4144            	6.6861032150e-01	9.7819691522e-02	6.0202236518e-02	6.9871143976e-01	-6.3850920324e-01
0.4146            	6.6762855654e-01	9.7588991152e-02	5.8779370969e-02	6.9701824202e-01	-6.3823887105e-01
0.4148            	6.6676969214e-01	9.6961757804e-02	5.5451850984e-02	6.9449561763e-01	-6.3904376665e-01
0.415             	6.6604142306e-01	9.7028589685e-02	5.4579075330e-02	6.9333096072e-01	-6.3875188539e-01
0.4152            	6.6538090039e-01	9.7098798555e-02	5.3357209325e-02	6.9205950506e-01	-6.3870229573e-01
0.4154            	6.6468188188e-01	9.7009294806e-02	5.1578091953e-02	6.9047092785e-01	-6.3889283590e-01
0.4156            	6.6399678145e-01	9.7280204682e-02	5.2044371161e-02	6.9001896703e-01	-6.3797459587e-01
0.4158            	6.6306935948e-01	9.7113079625e-02	5.0870036911e-02	6.8850437794e-01	-6.3763434103e-01
0.416             	6.6218717857e-01	9.6591760172e-02	4.7817573874e-02	6.8609596551e-01	-6.3827839164e-01
0.4162            	6.6135735625e-01	9.6741317817e-02	4.7141547207e-02	6.8492812985e-01	-6.3778658265e-01
0.4164            	6.6060665834e-01	9.6881869600e-02	4.6257194109e-02	6.8373525539e-01	-6.3747806128e-01
0.4166            	6.5986486095e-01	9.7208320344e-02	4.7245662789e-02	6.8348769234e-01	-6.3624202956e-01
0.4168            	6.5884733760e-01	9.6157429244e-02	4.1969532717e-02	6.7983210396e-01	-6.3786257124e-01
0.417             	6.5792435902e-01	9.6085249984e-02	4.0711645530e-02	6.7828018178e-01	-6.3756853625e-01
0.4172            	6.5712798464e-01	9.6207742317e-02	3.9715591235e-02	6.7698578026e-01	-6.3727018902e-01
0.4174            	6.5636364367e-01	9.6213818893e-02	3.8457588730e-02	6.7559243804e-01	-6.3713484931e-01
0.4176            	6.5554981213e-01	9.6653269658e-02	3.9725548543e-02	6.7541258640e-01	-6.3568703785e-01
0.4178            	6.5460033839e-01	9.6277377239e-02	3.7450100476e-02	6.7332538863e-01	-6.3587528816e-01
0.418             	6.5379081626e-01	9.5884672487e-02	3.4826702186e-02	6.7120416735e-01	-6.3637746517e-01
0.4182            	6.5305084581e-01	9.5982364490e-02	3.3805942127e-02	6.6995381688e-01	-6.3614787475e-01
0.4184            	6.5234728525e-01	9.6089441407e-02	3.3200453545e-02	6.6894751202e-01	-6.3574705848e-01
0.4186            	6.5162144730e-01	9.6345781307e-02	3.3792251655e-02	6.6851757313e-01	-6.3472532147e-01
0.4188            	6.5067779592e-01	9.5323916618e-02	2.8777008314e-02	6.6506630008e-01	-6.3628929176e-01
0.419             	6.5002088155e-01	9.5425421041e-02	2.7864938957e-02	6.6395335102e-01	-6.3608841207e-01
0.4192            	6.4934563941e-01	9.5651285158e-02	2.7646000498e-02	6.6316863966e-01	-6.3552263916e-01
0.4194            	6.4865034005e-01	9.6131108982e-02	2.9583059211e-02	6.6344186965e-01	-6.3385881044e-01
0.4196            	6.4779042668e-01	9.5185430003e-02	2.4721820965e-02	6.6015133716e-01	-6.3542951620e-01
0.4198            	6.4708465452e-01	9.5228835562e-02	2.3757042855e-02	6.5896317595e-01	-6.3520613309e-01
0.42              	6.4643099703e-01	9.5286537284e-02	2.2712744814e-02	6.5778736944e-01	-6.3507462462e-01
0.4202            	6.4569496349e-01	9.5875601738e-02	2.5107128564e-02	6.5824852777e-01	-6.3314139920e-01
0.4204            	6.4487209241e-01	9.4703379590e-02	1.9201782092e-02	6.5447298345e-01	-6.3527120136e-01
0.4206            	6.4411897968e-01	9.4684414537e-02	1.7884921224e-02	6.5306144030e-01	-6.3517651907e-01
0.4208            	6.4334129674e-01	9.4791386893e-02	1.7035660599e-02	6.5185912704e-01	-6.3482346644e-01
0.421             	6.4267185286e-01	9.5308161789e-02	1.8860220700e-02	6.5210196321e-01	-6.3324174251e-01
0.4212            	6.4187761164e-01	9.4737725407e-02	1.6127210652e-02	6.4994121697e-01	-6.3381400632e-01
0.4214            	6.4105168352e-01	9.4551248399e-02	1.4279549472e-02	6.4819145826e-01	-6.3391190879e-01
0.4216            	6.4054013834e-01	9.4675308913e-02	1.3295883303e-02	6.4718807999e-01	-6.3389219669e-01
0.4218            	6.3995146230e-01	9.5041691779e-02	1.4048866498e-02	6.4697589555e-01	-6.3292702905e-01
0.422             	6.3899868819e-01	9.4201310069e-02	9.8103079819e-03	6.4390384218e-01	-6.3409353420e-01
0.4222            	6.3838591929e-01	9.4120366390e-02	8.7123921174e-03	6.4274211535e-01	-6.3402972323e-01
0.4224            	6.3759696074e-01	9.4369219430e-02	8.6066359792e-03	6.4190027873e-01	-6.3329364275e-01
0.4226            	6.3690053350e-01	9.4973947977e-02	1.0972646041e-02	6.4238685652e-01	-6.3141421048e-01
0.4228            	6.3603258158e-01	9.3937232301e-02	5.7360903621e-03	6.3890062677e-01	-6.3316453640e-01
0.423             	6.3544864538e-01	9.3999200225e-02	4.9038698874e-03	6.3790058032e-01	-6.3299671043e-01
0.4232            	6.3477178037e-01	9.4176986638e-02	4.4422162683e-03	6.3699288851e-01	-6.3255067224e-01
0.4234            	6.3384482283e-01	9.4458931869e-02	5.4988642064e-03	6.3659425494e-01	-6.3109539073e-01
0.4236            	6.3311947267e-01	9.3489659452e-02	1.5193715770e-04	6.3319544124e-01	-6.3304350409e-01
0.4238            	6.3242330742e-01	9.3662881946e-02	-7.5029164962e-04	6.3204816160e-01	-6.3279845325e-01
0.424             	6.3157143789e-01	9.4065142429e-02	4.7134478176e-05	6.3159500513e-01	-6.3154787065e-01
0.4242            	6.3072655541e-01	9.3844176231e-02	-1.2642425835e-03	6.3009443412e-01	-6.3135867670e-01
0.4244            	6.2983866236e-01	9.3583243074e-02	-3.4587437598e-03	6.2810929048e-01	-6.3156803424e-01
0.4246            	6.2912644806e-01	9.3871905695e-02	-3.5296354414e-03	6.2736163034e-01	-6.3089126578e-01
0.4248            	6.2820658482e-01	9.4138304808e-02	-2.6507467590e-03	6.2688121144e-01	-6.2953195820e-01
0.425             	6.2724585956e-01	9.3280258449e-02	-7.4653502888e-03	6.2351318442e-01	-6.3097853471e-01
0.4252            	6.2670265688e-01	9.3590121052e-02	-7.8255098481e-03	6.2278990195e-01	-6.3061541180e-01
0.4254            	6.2598242598e-01	9.3951202741e-02	-7.5124880957e-03	6.2222618194e-01	-6.2973867003e-01
0.4256            	6.2508294954e-01	9.3336584280e-02	-1.0787667935e-02	6.1968911558e-01	-6.3047678351e-01
0.4258            	6.2428536307e-01	9.3471843227e-02	-1.1394160293e-02	6.1858828293e-01	-6.2998244322e-01
0.426             	6.2351272510e-01	9.4002422347e-02	-1.0463927064e-02	6.1828076157e-01	-6.2874468863e-01
0.4262            	6.2248746426e-01	9.3242470377e-02	-1.4159485024e-02	6.1540772175e-01	-6.2956720677e-01
0.4264            	6.2173535330e-01	9.3234255087e-02	-1.5504742534e-02	6.1398298203e-01	-6.2948772457e-01
0.4266            	6.2096581441e-01	9.3328738346e-02	-1.6619143699e-02	6.1265624256e-01	-6.2927538626e-01
0.4268            	6.2026375868e-01	9.4049353760e-02	-1.3974347423e-02	6.1327658496e-01	-6.2725093239e-01
0.427             	6.1931183411e-01	9.2974972979e-02	-1.9920511821e-02	6.0935157820e-01	-6.2927209002e-01
0.4272            	6.1845562028e-01	9.3154527555e-02	-2.0825185490e-02	6.0804302753e-01	-6.2886821302e-01
0.4274            	6.1762768488e-01	9.3888837861e-02	-1.8327368426e-02	6.0846400066e-01	-6.2679136909e-01
0.4276            	6.1654845213e-01	9.2941136150e-02	-2.3034925111e-02	6.0503098958e-01	-6.2806591469e-01
0.4278            	6.1572511743e-01	9.3157338206e-02	-2.3382167655e-02	6.0403403360e-01	-6.2741620125e-01
0.428             	6.1499705042e-01	9.3687060178e-02	-2.2335666784e-02	6.0382921703e-01	-6.2616488381e-01
0.4282            	6.1413605751e-01	9.3069673606e-02	-2.5094279317e-02	6.0158891786e-01	-6.2668319717e-01
0.4284            	6.1325749152e-01	9.2976987537e-02	-2.6903129391e-02	5.9980592683e-01	-6.2670905622e-01
0.4286            	6.1257505233e-01	9.3378319408e-02	-2.6648875158e-02	5.9925061475e-01	-6.2589948991e-01
0.4288            	6.1171953298e-01	9.3096771355e-02	-2.8727593408e-02	5.9735573628e-01	-6.2608332969e-01
0.429             	6.1087634853e-01	9.2706344647e-02	-3.1640289523e-02	5.9505620376e-01	-6.2669649329e-01
0.4292            	6.1019551499e-01	9.3212954500e-02	-3.0927794024e-02	5.9473161797e-01	-6.2565941200e-01
0.4294            	6.0933309492e-01	9.2874907700e-02	-3.3337595560e-02	5.9266429714e-01	-6.2600189270e-01
0.4296            	6.0846650179e-01	9.2821909096e-02	-3.4416875169e-02	5.9125806421e-01	-6.2567493938e-01
0.4298            	6.0771704901e-01	9.3341969804e-02	-3.2935552403e-02	5.9124927281e-01	-6.2418482521e-01
0.43              	6.0667236728e-01	9.2516515303e-02	-3.7302833135e-02	5.8802095072e-01	-6.2532378385e-01
0.4302            	6.0578686628e-01	9.2671794870e-02	-3.8503852630e-02	5.8653493997e-01	-6.2503879260e-01
0.4304            	6.0508243377e-01	9.3400534555e-02	-3.5922204440e-02	5.8712133155e-01	-6.2304353599e-01
0.4306            	6.0391356847e-01	9.2437058486e-02	-4.0798558761e-02	5.8351428909e-01	-6.2431284785e-01
0.4308            	6.0307988227e-01	9.2575742879e-02	-4.1693692151e-02	5.8223303619e-01	-6.2392672834e-01
0.431             	6.0228072131e-01	9.3100836488e-02	-4.0648204244e-02	5.8195661919e-01	-6.2260482343e-01
0.4312            	6.0128985407e-01	9.2386406925e-02	-4.4060418134e-02	5.7925964501e-01	-6.2332006314e-01
0.4314            	6.0050880199e-01	9.2313434259e-02	-4.5750745446e-02	5.7763342926e-01	-6.2338417471e-01
0.4316            	5.9977545257e-01	9.2641412623e-02	-4.5797361675e-02	5.7687677174e-01	-6.2267413341e-01
0.4318            	5.9896648278e-01	9.3233204998e-02	-4.3516158061e-02	5.7720840375e-01	-6.2072456181e-01
0.432             	5.9800644862e-01	9.2284977166e-02	-4.8638290090e-02	5.7368730358e-01	-6.2232559367e-01
0.4322            	5.9726574947e-01	9.2660836402e-02	-4.8689875567e-02	5.7292081169e-01	-6.2161068726e-01
0.4324            	5.9647647035e-01	9.2832917208e-02	-4.8592128513e-02	5.7218040609e-01	-6.2077253460e-01
0.4326            	5.9552718422e-01	9.2160930090e-02	-5.2494169214e-02	5.6928009961e-01	-6.2177426882e-01
0.4328            	5.9478489318e-01	9.2480233951e-02	-5.2759193286e-02	5.6840529654e-01	-6.2116448983e-01
0.433             	5.9404548397e-01	9.3369721194e-02	-4.9768397251e-02	5.6916128534e-01	-6.1892968259e-01
0.4332            	5.9292265401e-01	9.2138292250e-02	-5.6336869225e-02	5.6475421940e-01	-6.2109108862e-01
0.4334            	5.9212690835e-01	9.2417764575e-02	-5.7202363661e-02	5.6352572652e-01	-6.2072809018e-01
0.4336            	5.9119432541e-01	9.2973144692e-02	-5.5593165103e-02	5.6339774286e-01	-6.1899090797e-01
0.4338            	5.9013449561e-01	9.2136749137e-02	-6.0250580781e-02	5.6000920522e-01	-6.2025978600e-01
0.434             	5.8926564436e-01	9.2481723833e-02	-6.0387619620e-02	5.5907183455e-01	-6.1945945417e-01
0.4342            	5.8857798126e-01	9.3510759790e-02	-5.6384499660e-02	5.6038573143e-01	-6.1677023109e-01
0.4344            	5.8771200933e-01	9.2155776932e-02	-6.3354324964e-02	5.5603484685e-01	-6.1938917182e-01
0.4346            	5.8705260855e-01	9.2466586150e-02	-6.3796243701e-02	5.5515448670e-01	-6.1895073040e-01
0.4348            	5.8654663435e-01	9.2897317467e-02	-6.2607405278e-02	5.5524293171e-01	-6.1785033699e-01
0.435             	5.8575055120e-01	9.2002455738e-02	-6.6930253928e-02	5.5228542424e-01	-6.1921567817e-01
0.4352            	5.8535454086e-01	9.2433369506e-02	-6.6149599290e-02	5.5227974122e-01	-6.1842934051e-01
0.4354            	5.8473663126e-01	9.2751282815e-02	-6.4905248184e-02	5.5228400716e-01	-6.1718925535e-01
0.4356            	5.8402500967e-01	9.2033968210e-02	-6.8427937697e-02	5.4981104082e-01	-6.1823897851e-01
0.4358            	5.8365447342e-01	9.2692411106e-02	-6.6796890899e-02	5.5025602797e-01	-6.1705291887e-01
0.436             	5.8287653401e-01	9.1919635027e-02	-7.0009107401e-02	5.4787198031e-01	-6.1788108771e-01
0.4362            	5.8226480204e-01	9.2041603506e-02	-7.0796423650e-02	5.4686659022e-01	-6.1766301387e-01
0.4364            	5.8178754201e-01	9.2796043150e-02	-6.8641640827e-02	5.4746672160e-01	-6.1610836242e-01
0.4366            	5.8093326564e-01	9.1817208590e-02	-7.3108154863e-02	5.4437918820e-01	-6.1748734307e-01
0.4368            	5.8033987322e-01	9.2046972750e-02	-7.3721433264e-02	5.4347915659e-01	-6.1720058985e-01
0.437             	5.7967602659e-01	9.2717488060e-02	-7.1668517875e-02	5.4384176765e-01	-6.1551028553e-01
0.4372            	5.7880086632e-01	9.1810864558e-02	-7.5984322911e-02	5.4080870486e-01	-6.1679302778e-01
0.4374            	5.7821727878e-01	9.2254704960e-02	-7.5413456559e-02	5.4051055050e-01	-6.1592400706e-01
0.4376            	5.7761227936e-01	9.3033316519e-02	-7.2601094735e-02	5.4131173200e-01	-6.1391282673e-01
0.4378            	5.7681169856e-01	9.1834380114e-02	-7.8689145541e-02	5.3746712579e-01	-6.1615627133e-01
0.438             	5.7629963756e-01	9.2384312410e-02	-7.7951065436e-02	5.3732410484e-01	-6.1527517028e-01
0.4382            	5.7573506909e-01	9.1898090092e-02	-8.0204936209e-02	5.3563260099e-01	-6.1583753720e-01
0.4384            	5.7517253680e-01	9.1756631842e-02	-8.2033117867e-02	5.3415597787e-01	-6.1618909574e-01
0.4386            	5.7473104097e-01	9.2429788424e-02	-8.0314942635e-02	5.3457356966e-01	-6.1488851229e-01
0.4388            	5.7412768816e-01	9.1794529367e-02	-8.2696056329e-02	5.3277966000e-01	-6.1547571633e-01
0.439             	5.7358817526e-01	9.1935046872e-02	-8.3150282128e-02	5.3201303420e-01	-6.1516331633e-01
0.4392            	5.7329416417e-01	9.3044979058e-02	-7.9133191968e-02	5.3372756818e-01	-6.1286076015e-01
0.4394            	5.7253050766e-01	9.1637786718e-02	-8.5569969715e-02	5.2974552281e-01	-6.1531549252e-01
0.4396            	5.7219367576e-01	9.2061651636e-02	-8.4977310290e-02	5.2970502061e-01	-6.1468233090e-01
0.4398            	5.7171688330e-01	9.2577221502e-02	-8.3181442117e-02	5.3012616224e-01	-6.1330760436e-01
0.44              	5.7123535875e-01	9.1643798003e-02	-8.8125693185e-02	5.2717251215e-01	-6.1529820534e-01
0.4402            	5.7078733315e-01	9.2457274519e-02	-8.6134879254e-02	5.2771989353e-01	-6.1385477278e-01
0.4404            	5.6995841542e-01	9.1482594469e-02	-9.0267078425e-02	5.2482487620e-01	-6.1509195463e-01
0.4406            	5.6972798398e-01	9.1812338083e-02	-9.0147361706e-02	5.2465430313e-01	-6.1480166483e-01
0.4408            	5.6937023925e-01	9.2883327777e-02	-8.6121336362e-02	5.2630957107e-01	-6.1243090743e-01
0.441             	5.6872885441e-01	9.1498040892e-02	-9.2351651074e-02	5.2255302887e-01	-6.1490467995e-01
0.4412            	5.6825179751e-01	9.2035864081e-02	-9.1747942688e-02	5.2237782617e-01	-6.1412576886e-01
0.4414            	5.6776274865e-01	9.1641278196e-02	-9.3538997301e-02	5.2099325000e-01	-6.1453224730e-01
0.4416            	5.6732693278e-01	9.1537391506e-02	-9.4948248649e-02	5.1985280845e-01	-6.1480105710e-01
0.4418            	5.6710849897e-01	9.2338092984e-02	-9.2480560051e-02	5.2086821894e-01	-6.1334877899e-01
0.442             	5.6649673302e-01	9.1510547483e-02	-9.5656961699e-02	5.1866825217e-01	-6.1432521387e-01
0.4422            	5.6620966488e-01	9.1773019393e-02	-9.5889486164e-02	5.1826492180e-01	-6.1415440797e-01
0.4424            	5.6601243356e-01	9.2823317310e-02	-9.1748919328e-02	5.2013797390e-01	-6.1188689322e-01
0.4426            	5.6545041737e-01	9.1493588062e-02	-9.7496296244e-02	5.1670226925e-01	-6.1419856549e-01
0.4428            	5.6529573481e-01	9.2068634232e-02	-9.6126111498e-02	5.1723267906e-01	-6.1335879056e-01
0.443             	5.6496658202e-01	9.1827796586e-02	-9.6989842124e-02	5.1647166095e-01	-6.1346150308e-01
0.4432            	5.6471578856e-01	9.1699612890e-02	-9.8460560956e-02	5.1548550809e-01	-6.1394606904e-01
0.4434            	5.6456201625e-01	9.2822364451e-02	-9.4298633458e-02	5.1741269952e-01	-6.1171133297e-01
0.4436            	5.6405083474e-01	9.1416943307e-02	-1.0035936173e-01	5.1387115387e-01	-6.1423051560e-01
0.4438            	5.6385879695e-01	9.2127994137e-02	-9.8148796917e-02	5.1478439849e-01	-6.1293319541e-01
0.444             	5.6347130123e-01	9.1721866868e-02	-9.9671533052e-02	5.1363553471e-01	-6.1330706776e-01
0.4442            	5.6318078255e-01	9.1818011478e-02	-1.0010440134e-01	5.1312858188e-01	-6.1323298321e-01
0.4444            	5.6302727607e-01	9.2605404185e-02	-9.7123636341e-02	5.1446545790e-01	-6.1158909424e-01
0.4446            	5.6257907140e-01	9.1479646273e-02	-1.0227430198e-01	5.1144192041e-01	-6.1371622239e-01
0.4448            	5.6248691580e-01	9.2188125780e-02	-1.0044906373e-01	5.1226238394e-01	-6.1271144767e-01
0.445             	5.6199507882e-01	9.1519114869e-02	-1.0310575861e-01	5.1044219952e-01	-6.1354795813e-01
0.4452            	5.6176795924e-01	9.1728443001e-02	-1.0327737418e-01	5.1012927215e-01	-6.1340664633e-01
0.4454            	5.6159963701e-01	9.2485772455e-02	-1.0043221210e-01	5.1138353096e-01	-6.1181574306e-01
0.4456            	5.6116121664e-01	9.1356585806e-02	-1.0576054250e-01	5.0828094539e-01	-6.1404148789e-01
0.4458            	5.6106177284e-01	9.2184120178e-02	-1.0314527875e-01	5.0948913347e-01	-6.1263441222e-01
0.446             	5.6070117737e-01	9.1364581988e-02	-1.0627441919e-01	5.0756396778e-01	-6.1383838697e-01
0.4462            	5.6051572499e-01	9.1703909984e-02	-1.0603179774e-01	5.0749982612e-01	-6.1353162387e-01
0.4464            	5.6015426106e-01	9.1721515771e-02	-1.0589432333e-01	5.0720709939e-01	-6.1310142272e-01
0.4466            	5.5979183202e-01	9.1541287993e-02	-1.0694407262e-01	5.0631979571e-01	-6.1326386832e-01
0.4468            	5.5977547084e-01	9.2573806372e-02	-1.0326985247e-01	5.0814054460e-01	-6.1141039707e-01
0.447             	5.5942282310e-01	9.1409987267e-02	-1.0776790810e-01	5.0553886905e-01	-6.1330677715e-01
0.4472            	5.5942700049e-01	9.1907033835e-02	-1.0691329964e-01	5.0597035068e-01	-6.1288365031e-01
0.4474            	5.5923177365e-01	9.1471224303e-02	-1.0838276264e-01	5.0504039233e-01	-6.1342315497e-01
0.4476            	5.5910020919e-01	9.1511295837e-02	-1.0889036081e-01	5.0465502879e-01	-6.1354538959e-01
0.4478            	5.5923765869e-01	9.2530297480e-02	-1.0525240834e-01	5.0661145452e-01	-6.1186386286e-01
0.448             	5.5881853136e-01	9.1252758965e-02	-1.1011079629e-01	5.0376313322e-01	-6.1387392950e-01
0.4482            	5.5883352449e-01	9.2013821623e-02	-1.0807388162e-01	5.0479658368e-01	-6.1287046530e-01
0.4484            	5.5852837318e-01	9.1178588973e-02	-1.1102488772e-01	5.0301592932e-01	-6.1404081704e-01
0.4486            	5.5851524428e-01	9.1619123078e-02	-1.0997611086e-01	5.0352718885e-01	-6.1350329971e-01
0.4488            	5.5840008978e-01	9.2214221894e-02	-1.0748390826e-01	5.0465813565e-01	-6.1214204391e-01
0.449             	5.5808762517e-01	9.1582769680e-02	-1.0985260547e-01	5.0316132243e-01	-6.1301392790e-01
0.4492            	5.5817834298e-01	9.2728600691e-02	-1.0565839019e-01	5.0534914789e-01	-6.1100753807e-01
0.4494            	5.5788233425e-01	9.1421242303e-02	-1.1100432669e-01	5.0238017090e-01	-6.1338449759e-01
0.4496            	5.5802702407e-01	9.2352819557e-02	-1.0785753861e-01	5.0409825477e-01	-6.1195579338e-01
0.4498            	5.5785330839e-01	9.1315111786e-02	-1.1163370115e-01	5.0203645782e-01	-6.1367015897e-01
0.45              	5.5793980130e-01	9.1824184068e-02	-1.1078630666e-01	5.0254664797e-01	-6.1333295463e-01
0.4502            	5.5771238286e-01	9.1363557047e-02	-1.1238115401e-01	5.0152180585e-01	-6.1390295987e-01
0.4504            	5.5764503704e-01	9.1419597986e-02	-1.1267102550e-01	5.0130952429e-01	-6.1398054979e-01
0.4506            	5.5774503880e-01	9.2545555508e-02	-1.0835534975e-01	5.0356736392e-01	-6.1192271367e-01
0.4508            	5.5743632824e-01	9.1146464634e-02	-1.1399470879e-01	5.0043897385e-01	-6.1443368264e-01
0.451             	5.5746200754e-01	9.2016233129e-02	-1.1144210606e-01	5.0174095451e-01	-6.1318306058e-01
0.4512            	5.5713995941e-01	9.1077219203e-02	-1.1465957497e-01	4.9981017192e-01	-6.1446974689e-01
0.4514            	5.5707500871e-01	9.1535242536e-02	-1.1348319806e-01	5.0033340968e-01	-6.1381660774e-01
0.4516            	5.5702868400e-01	9.2341471828e-02	-1.0988865703e-01	5.0208435549e-01	-6.1197301252e-01
0.4518            	5.5684142353e-01	9.1398665876e-02	-1.1376175804e-01	4.9996054451e-01	-6.1372230255e-01
0.452             	5.5696251836e-01	9.2729417071e-02	-1.0855369953e-01	5.0268566860e-01	-6.1123936812e-01
0.4522            	5.5670428248e-01	9.1218299738e-02	-1.1470032777e-01	4.9935411860e-01	-6.1405444637e-01
0.4524            	5.5683723043e-01	9.2019349949e-02	-1.1209957785e-01	5.0078744150e-01	-6.1288701935e-01
0.4526            	5.5668363156e-01	9.1241552757e-02	-1.1482412328e-01	4.9927156992e-01	-6.1409569320e-01
0.4528            	5.5669711365e-01	9.1613321597e-02	-1.1422865206e-01	4.9958278762e-01	-6.1381143968e-01
0.453             	5.5650694738e-01	9.1452130418e-02	-1.1458941313e-01	4.9921224082e-01	-6.1380165394e-01
0.4532            	5.5642908494e-01	9.1399721390e-02	-1.1522566155e-01	4.9881625417e-01	-6.1404191571e-01
0.4534            	5.5656614915e-01	9.2645048980e-02	-1.1037660317e-01	5.0137784756e-01	-6.1175445073e-01
0.4536            	5.5622996856e-01	9.1234617319e-02	-1.1606834085e-01	4.9819579813e-01	-6.1426413899e-01
0.4538            	5.5634108438e-01	9.2387286873e-02	-1.1217080053e-01	5.0025568411e-01	-6.1242648464e-01
0.454             	5.5601819356e-01	9.1160161781e-02	-1.1677795964e-01	4.9762921374e-01	-6.1440717338e-01
0.4542            	5.5606677082e-01	9.1879850193e-02	-1.1448627277e-01	4.9882363443e-01	-6.1330990720e-01
0.4544            	5.5592309628e-01	9.1396468468e-02	-1.1596763216e-01	4.9793928020e-01	-6.1390691236e-01
0.4546            	5.5592339744e-01	9.1560082267e-02	-1.1600411025e-01	4.9792134232e-01	-6.1392545257e-01
0.4548            	5.5589177116e-01	9.1618838809e-02	-1.1554887212e-01	4.9811733510e-01	-6.1366620722e-01
0.455             	5.5584354562e-01	9.1350208802e-02	-1.1692855000e-01	4.9737927062e-01	-6.1430782062e-01
0.4552            	5.5604066496e-01	9.2697751584e-02	-1.1132308485e-01	5.0037912254e-01	-6.1170220739e-01
0.4554            	5.5580154506e-01	9.1217020665e-02	-1.1733834277e-01	4.9713237367e-01	-6.1447071645e-01
0.4556            	5.5595391322e-01	9.2394051651e-02	-1.1325057751e-01	4.9932862447e-01	-6.1257920198e-01
0.4558            	5.5566002743e-01	9.1091918468e-02	-1.1811583378e-01	4.9660211054e-01	-6.1471794432e-01
0.456             	5.5577155413e-01	9.1824186702e-02	-1.1578281205e-01	4.9788014810e-01	-6.1366296015e-01
0.4562            	5.5560467426e-01	9.1280279519e-02	-1.1726005288e-01	4.9697464781e-01	-6.1423470070e-01
0.4564            	5.5563265404e-01	9.1563692444e-02	-1.1676769328e-01	4.9724880740e-01	-6.1401650068e-01
0.4566            	5.5554054655e-01	9.1432060135e-02	-1.1696966538e-01	4.9705571386e-01	-6.1402537924e-01
0.4568            	5.5555864215e-01	9.1356050094e-02	-1.1792279945e-01	4.9659724243e-01	-6.1452004188e-01
0.457             	5.5568312538e-01	9.2629046483e-02	-1.1261033684e-01	4.9937795696e-01	-6.1198829380e-01
0.4572            	5.5540407135e-01	9.1202255476e-02	-1.1844044928e-01	4.9618384671e-01	-6.1462429599e-01
0.4574            	5.5554698072e-01	9.2464264390e-02	-1.1399960407e-01	4.9854717869e-01	-6.1254678276e-01
0.4576            	5.5524161669e-01	9.1089421900e-02	-1.1925564886e-01	4.9561379226e-01	-6.1486944112e-01
0.4578            	5.5535416694e-01	9.2037226348e-02	-1.1596759000e-01	4.9737037194e-01	-6.1333796194e-01
0.458             	5.5517429215e-01	9.1107467458e-02	-1.1916617796e-01	4.9559120318e-01	-6.1475738113e-01
0.4582            	5.5523283170e-01	9.1749272154e-02	-1.1742578484e-01	4.9651993929e-01	-6.1394572412e-01
0.4584            	5.5503137431e-01	9.1105074087e-02	-1.1936519484e-01	4.9534877689e-01	-6.1471397173e-01
0.4586            	5.5504046846e-01	9.1501165658e-02	-1.1838208325e-01	4.9584942683e-01	-6.1423151008e-01
0.4588            	5.5511845432e-01	9.2186149019e-02	-1.1561563223e-01	4.9731063820e-01	-6.1292627044e-01
0.459             	5.5500376695e-01	9.1354938140e-02	-1.1907705774e-01	4.9546523808e-01	-6.1454229582e-01
0.4592            	5.5511912876e-01	9.2391224796e-02	-1.1490232349e-01	4.9766796702e-01	-6.1257029051e-01
0.4594            	5.5498557959e-01	9.1185389800e-02	-1.1987736921e-01	4.9504689498e-01	-6.1492426419e-01
0.4596            	5.5517390275e-01	9.2284069599e-02	-1.1578944304e-01	4.9727918123e-01	-6.1306862427e-01
0.4598            	5.5494403265e-01	9.1158086346e-02	-1.1971945990e-01	4.9508430270e-01	-6.1480376260e-01
0.46              	5.5509802203e-01	9.2169758928e-02	-1.1631634759e-01	4.9693984824e-01	-6.1325619583e-01
0.4602            	5.5485030441e-01	9.1032658068e-02	-1.2051939974e-01	4.9459060454e-01	-6.1511000428e-01
0.4604            	5.5491203969e-01	9.1831096668e-02	-1.1771044720e-01	4.9605681608e-01	-6.1376726329e-01
0.4606            	5.5478563773e-01	9.1203045733e-02	-1.1970812504e-01	4.9493157521e-01	-6.1463970025e-01
0.4608            	5.5484596702e-01	9.1585298228e-02	-1.1894025809e-01	4.9537583798e-01	-6.1431609607e-01
0.461             	5.5471024542e-01	9.1240518790e-02	-1.1987880476e-01	4.9477084304e-01	-6.1464964780e-01
0.4612            	5.5472353462e-01	9.1429054016e-02	-1.1961774446e-01	4.9491466239e-01	-6.1453240685e-01
0.4614            	5.5482427713e-01	9.2176483138e-02	-1.1639106309e-01	4.9662874558e-01	-6.1301980867e-01
0.4616            	5.5473738216e-01	9.1308642489e-02	-1.2036550592e-01	4.9455462920e-01	-6.1492013512e-01
0.4618            	5.5476322724e-01	9.1907049211e-02	-1.1797614717e-01	4.9577515366e-01	-6.1375130083e-01
0.462             	5.5459592434e-01	9.1270268326e-02	-1.2039282472e-01	4.9439951198e-01	-6.1479233669e-01
0.4622            	5.5481375744e-01	9.2460992726e-02	-1.1561076109e-01	4.9700837689e-01	-6.1261913799e-01
0.4624            	5.5458775468e-01	9.1137771398e-02	-1.2087763390e-01	4.9414893773e-01	-6.1502657163e-01
0.4626            	5.5473507804e-01	9.2388436296e-02	-1.1637321077e-01	4.9654847265e-01	-6.1292168342e-01
0.4628            	5.5444604154e-01	9.1083375478e-02	-1.2124288554e-01	4.9382459877e-01	-6.1506748430e-01
0.463             	5.5459438028e-01	9.2036853108e-02	-1.1802714432e-01	4.9558080812e-01	-6.1360795244e-01
0.4632            	5.5440317390e-01	9.1108761205e-02	-1.2110107193e-01	4.9385263794e-01	-6.1495370987e-01
0.4634            	5.5454479926e-01	9.1931832252e-02	-1.1869366078e-01	4.9519796887e-01	-6.1389162965e-01
0.4636            	5.5436589926e-01	9.1050692534e-02	-1.2152719359e-01	4.9360230247e-01	-6.1512949606e-01
0.4638            	5.5448926865e-01	9.1749644074e-02	-1.1924453443e-01	4.9486700144e-01	-6.1411153587e-01
0.464             	5.5442846418e-01	9.1344534528e-02	-1.2032039037e-01	4.9426826899e-01	-6.1458865936e-01
0.4642            	5.5454485645e-01	9.1764446568e-02	-1.1934764626e-01	4.9487103332e-01	-6.1421867959e-01
0.4644            	5.5438704994e-01	9.1136213965e-02	-1.2137673351e-01	4.9369868319e-01	-6.1507541669e-01
0.4646            	5.5445498401e-01	9.1533357358e-02	-1.2041160901e-01	4.9424917950e-01	-6.1466078851e-01
0.4648            	5.5440234639e-01	9.1781604033e-02	-1.1908431618e-01	4.9486018830e-01	-6.1394450448e-01
0.465             	5.5436030233e-01	9.1418749024e-02	-1.2095943674e-01	4.9388058395e-01	-6.1484002070e-01
0.4652            	5.5433561034e-01	9.1882796684e-02	-1.1898023487e-01	4.9484549290e-01	-6.1382572777e-01
0.4654            	5.5422678970e-01	9.1268901645e-02	-1.2149526332e-01	4.9347915804e-01	-6.1497442136e-01
0.4656            	5.5440495560e-01	9.2636131543e-02	-1.1590850760e-01	4.9645070180e-01	-6.1235920940e-01
0.4658            	5.5420881844e-01	9.1197043328e-02	-1.2171347686e-01	4.9335208001e-01	-6.1506555687e-01
0.466             	5.5438362323e-01	9.2454406827e-02	-1.1714460959e-01	4.9581131843e-01	-6.1295592803e-01
0.4662            	5.5416843783e-01	9.1154320861e-02	-1.2208119376e-01	4.9312784095e-01	-6.1520903471e-01
0.4664            	5.5436381945e-01	9.2247956737e-02	-1.1807427819e-01	4.9532668035e-01	-6.1340095854e-01
0.4666            	5.5417410355e-01	9.1094656128e-02	-1.2235956029e-01	4.9299432340e-01	-6.1535388370e-01
0.4668            	5.5424389922e-01	9.2118716049e-02	-1.1881810313e-01	4.9483484766e-01	-6.1365295079e-01
0.467             	5.5402425100e-01	9.1066490657e-02	-1.2254875817e-01	4.9274987191e-01	-6.1529863008e-01
0.4672            	5.5412595577e-01	9.1806340994e-02	-1.2009431234e-01	4.9407879960e-01	-6.1417311194e-01
0.4674            	5.5399767513e-01	9.1256599906e-02	-1.2169525552e-01	4.9315004737e-01	-6.1484530288e-01
0.4676            	5.5407620643e-01	9.1591049887e-02	-1.2124884535e-01	4.9345178376e-01	-6.1470062910e-01
0.4678            	5.5394815590e-01	9.1210626520e-02	-1.2219412891e-01	4.9285109144e-01	-6.1504522035e-01
0.468             	5.5402337776e-01	9.1410831557e-02	-1.2192374041e-01	4.9306150756e-01	-6.1498524797e-01
0.4682            	5.5415851918e-01	9.2416409171e-02	-1.1758598605e-01	4.9536552616e-01	-6.1295151221e-01
0.4684            	5.5404021305e-01	9.1296668658e-02	-1.2217961740e-01	4.9295040435e-01	-6.1513002175e-01
0.4686            	5.5424622979e-01	9.2394013213e-02	-1.1791662408e-01	4.9528791775e-01	-6.1320454183e-01
0.4688            	5.5403832688e-01	9.1179828214e-02	-1.2240089621e-01	4.9283787878e-01	-6.1523877499e-01
0.469             	5.5433911687e-01	9.2445586231e-02	-1.1756849520e-01	4.9555486927e-01	-6.1312336447e-01
0.4692            	5.5410571857e-01	9.1098326034e-02	-1.2256012764e-01	4.9282565475e-01	-6.1538578239e-01
0.4694            	5.5428308624e-01	9.2352973191e-02	-1.1805091747e-01	4.9525762750e-01	-6.1330854497e-01
0.4696            	5.5404303704e-01	9.1031401778e-02	-1.2290280653e-01	4.9259163377e-01	-6.1549444031e-01
0.4698            	5.5417378295e-01	9.2005974427e-02	-1.1950373374e-01	4.9442191607e-01	-6.1392564982e-01
0.47              	5.5402460033e-01	9.1028845173e-02	-1.2290044604e-01	4.9257437731e-01	-6.1547482334e-01
0.4702            	5.5408959876e-01	9.1900040246e-02	-1.2008059020e-01	4.9404930367e-01	-6.1412989386e-01
0.4704            	5.5391915772e-01	9.1001713289e-02	-1.2318957455e-01	4.9232437045e-01	-6.1551394500e-01
0.4706            	5.5402463342e-01	9.1691090556e-02	-1.2106992969e-01	4.9348966857e-01	-6.1455959826e-01
0.4708            	5.5395175425e-01	9.1236439797e-02	-1.2240496585e-01	4.9274927133e-01	-6.1515423717e-01
0.471             	5.5400608851e-01	9.1569173688e-02	-1.2169824317e-01	4.9315696693e-01	-6.1485521010e-01
0.4712            	5.5382989652e-01	9.1150439836e-02	-1.2268439085e-01	4.9248770109e-01	-6.1517209194e-01
0.4714            	5.5389758286e-01	9.1486106897e-02	-1.2177095790e-01	4.9301210392e-01	-6.1478306181e-01
0.4716            	5.5393848514e-01	9.1989462711e-02	-1.1945992898e-01	4.9420852065e-01	-6.1366844963e-01
0.4718            	5.5388820999e-01	9.1346784136e-02	-1.2240506214e-01	4.9268567892e-01	-6.1509074106e-01
0.472             	5.5391198559e-01	9.1939977514e-02	-1.2005366413e-01	4.9388515352e-01	-6.1393881765e-01
0.4722            	5.5379118122e-01	9.1247529698e-02	-1.2276226089e-01	4.9241005077e-01	-6.1517231166e-01
0.4724            	5.5400115690e-01	9.2574811780e-02	-1.1740418227e-01	4.9529906577e-01	-6.1270324804e-01
0.4726            	5.5379918163e-01	9.1152782688e-02	-1.2312092557e-01	4.9223871884e-01	-6.1535964441e-01
0.4728            	5.5399746239e-01	9.2472397025e-02	-1.1823217322e-01	4.9488137578e-01	-6.1311354900e-01
0.473             	5.5371064451e-01	9.1084228978e-02	-1.2330651897e-01	4.9205738502e-01	-6.1536390399e-01
0.4732            	5.5392157173e-01	9.2143323040e-02	-1.1955153591e-01	4.9414580377e-01	-6.1369733969e-01
0.4734            	5.5377265030e-01	9.1051516620e-02	-1.2335831033e-01	4.9209349514e-01	-6.1545180547e-01
0.4736            	5.5389899532e-01	9.2025277057e-02	-1.2004630115e-01	4.9387584474e-01	-6.1392214589e-01
0.4738            	5.5370522641e-01	9.0997123941e-02	-1.2358970741e-01	4.9191037271e-01	-6.1550008012e-01
0.474             	5.5381370819e-01	9.1749172416e-02	-1.2112089357e-01	4.9325326141e-01	-6.1437415497e-01
0.4742            	5.5373316439e-01	9.1210732604e-02	-1.2268780815e-01	4.9238926031e-01	-6.1507706847e-01
0.4744            	5.5379967995e-01	9.1625481541e-02	-1.2183555499e-01	4.9288190246e-01	-6.1471745745e-01
0.4746            	5.5365561665e-01	9.1109689798e-02	-1.2329111451e-01	4.9201005940e-01	-6.1530117391e-01
0.4748            	5.5375214457e-01	9.1459101690e-02	-1.2255899061e-01	4.9247264927e-01	-6.1503163988e-01
0.475             	5.5376224411e-01	9.1910268622e-02	-1.2028905275e-01	4.9361771774e-01	-6.1390677049e-01
0.4752            	5.5372859348e-01	9.1355854197e-02	-1.2291801163e-01	4.9226958766e-01	-6.1518759929e-01
0.4754            	5.5373560219e-01	9.1795728405e-02	-1.2101667051e-01	4.9322726694e-01	-6.1424393745e-01
0.4756            	5.5366067068e-01	9.1267608924e-02	-1.2322159682e-01	4.9204987227e-01	-6.1527146909e-01
0.4758            	5.5383048595e-01	9.2569572749e-02	-1.1775384115e-01	4.9495356537e-01	-6.1270740653e-01
0.476             	5.5361079305e-01	9.1179779404e-02	-1.2337046081e-01	4.9192556264e-01	-6.1529602346e-01
0.4762            	5.5385176785e-01	9.2501170468e-02	-1.1855641458e-01	4.9457356057e-01	-6.1312997514e-01
0.4764            	5.5361739280e-01	9.1062031091e-02	-1.2401068699e-01	4.9161204931e-01	-6.1562273630e-01
0.4766            	5.5379556657e-01	9.2209288781e-02	-1.1975178839e-01	4.9391967237e-01	-6.1367146076e-01
0.4768            	5.5359356609e-01	9.1045369233e-02	-1.2385539484e-01	4.9166586867e-01	-6.1552126350e-01
0.477             	5.5372639345e-01	9.2114192669e-02	-1.2031986463e-01	4.9356646113e-01	-6.1388632576e-01
0.4772            	5.5352110872e-01	9.0997953566e-02	-1.2408291999e-01	4.9147964872e-01	-6.1556256871e-01
0.4774            	5.5366354864e-01	9.1855357637e-02	-1.2112571393e-01	4.9310069167e-01	-6.1422640561e-01
0.4776            	5.5355923064e-01	9.1097580789e-02	-1.2353177678e-01	4.9179334225e-01	-6.1532511903e-01
0.4778            	5.5371761753e-01	9.1733708177e-02	-1.2183556707e-01	4.9279983400e-01	-6.1463540107e-01
0.478             	5.5352990053e-01	9.1004649976e-02	-1.2399498964e-01	4.9153240571e-01	-6.1552739535e-01
0.4782            	5.5363731275e-01	9.1567205974e-02	-1.2227508880e-01	4.9249976835e-01	-6.1477485715e-01
0.4784            	5.5366005499e-01	9.1445023133e-02	-1.2251090296e-01	4.9240460351e-01	-6.1491550647e-01
0.4786            	5.5365537660e-01	9.1467918843e-02	-1.2275678118e-01	4.9227698601e-01	-6.1503376719e-01
0.4788            	5.5356189781e-01	9.1332612478e-02	-1.2280375863e-01	4.9216001850e-01	-6.1496377712e-01
0.479             	5.5363281053e-01	9.1364384460e-02	-1.2311120518e-01	4.9207720794e-01	-6.1518841312e-01
0.4792            	5.5368396166e-01	9.2277337308e-02	-1.1895395408e-01	4.9420698462e-01	-6.1316093870e-01
0.4794            	5.5359301718e-01	9.1286317742e-02	-1.2341811283e-01	4.9188396077e-01	-6.1530207360e-01
0.4796            	5.5363545495e-01	9.2149616535e-02	-1.1991568925e-01	4.9367761032e-01	-6.1359329957e-01
0.4798            	5.5349934618e-01	9.1218643337e-02	-1.2370930373e-01	4.9164469431e-01	-6.1535399805e-01
0.48              	5.5367425631e-01	9.2532001002e-02	-1.1839576949e-01	4.9447637156e-01	-6.1287214105e-01
0.4802            	5.5347002258e-01	9.1146262614e-02	-1.2386645006e-01	4.9153679755e-01	-6.1540324761e-01
0.4804            	5.5367236039e-01	9.2418502245e-02	-1.1926646950e-01	4.9403912564e-01	-6.1330559515e-01
0.4806            	5.5342893042e-01	9.1050314007e-02	-1.2431295779e-01	4.9127245152e-01	-6.1558540931e-01
0.4808            	5.5362894645e-01	9.2106200106e-02	-1.2053227016e-01	4.9336281137e-01	-6.1389508153e-01
0.481             	5.5347150367e-01	9.1036924787e-02	-1.2419987789e-01	4.9137156473e-01	-6.1557144262e-01
0.4812            	5.5363330140e-01	9.1990252817e-02	-1.2115152940e-01	4.9305753670e-01	-6.1420906610e-01
0.4814            	5.5342517304e-01	9.1004854032e-02	-1.2425475149e-01	4.9129779729e-01	-6.1555254878e-01
0.4816            	5.5358439366e-01	9.1780255653e-02	-1.2174633550e-01	4.9271122591e-01	-6.1445756141e-01
0.4818            	5.5346128158e-01	9.1180165276e-02	-1.2337061076e-01	4.9177597620e-01	-6.1514658696e-01
0.482             	5.5360403420e-01	9.1667646670e-02	-1.2233189031e-01	4.9243808904e-01	-6.1476997936e-01
0.4822            	5.5342593547e-01	9.1048328191e-02	-1.2401271665e-01	4.9141957714e-01	-6.1543229380e-01
0.4824            	5.5355921799e-01	9.1526404018e-02	-1.2279972726e-01	4.9215935436e-01	-6.1495908162e-01
0.4826            	5.5351915641e-01	9.1536792622e-02	-1.2225897601e-01	4.9238966840e-01	-6.1464864442e-01
0.4828            	5.5355128064e-01	9.1449438505e-02	-1.2314765112e-01	4.9197745508e-01	-6.1512510620e-01
0.483             	5.5345413605e-01	9.1333019246e-02	-1.2321326039e-01	4.9184750585e-01	-6.1506076624e-01
0.4832            	5.5344702974e-01	9.1398873606e-02	-1.2315756450e-01	4.9186824750e-01	-6.1502581199e-01
0.4834            	5.5354621224e-01	9.2209147953e-02	-1.1968496249e-01	4.9370373099e-01	-6.1338869349e-01
0.4836            	5.5346309906e-01	9.1308315226e-02	-1.2358534472e-01	4.9167042671e-01	-6.1525577142e-01
0.4838            	5.5354184306e-01	9.2046586982e-02	-1.2067753408e-01	4.9320307602e-01	-6.1388061010e-01
0.484             	5.5339929517e-01	9.1222262357e-02	-1.2389341194e-01	4.9145258920e-01	-6.1534600114e-01
0.4842            	5.5358530310e-01	9.2559293641e-02	-1.1850809321e-01	4.9433125649e-01	-6.1283934971e-01
0.4844            	5.5335878986e-01	9.1172248892e-02	-1.2395796801e-01	4.9137980585e-01	-6.1533777386e-01
0.4846            	5.5361389328e-01	9.2468987388e-02	-1.1936918660e-01	4.9392929998e-01	-6.1329848658e-01
0.4848            	5.5334534799e-01	9.1071695775e-02	-1.2449136621e-01	4.9109966488e-01	-6.1559103110e-01
0.485             	5.5352895116e-01	9.2195615441e-02	-1.2031889281e-01	4.9336950476e-01	-6.1368839757e-01
0.4852            	5.5334522043e-01	9.1056373322e-02	-1.2435940115e-01	4.9116551985e-01	-6.1552492100e-01
0.4854            	5.5356255332e-01	9.2088939579e-02	-1.2104342425e-01	4.9304084119e-01	-6.1408426545e-01
0.4856            	5.5334105716e-01	9.0977283633e-02	-1.2473959387e-01	4.9097126022e-01	-6.1571085409e-01
0.4858            	5.5349694749e-01	9.1830075174e-02	-1.2178585979e-01	4.9260401759e-01	-6.1438987738e-01
0.486             	5.5342796083e-01	9.1087288323e-02	-1.2423597223e-01	4.9130997471e-01	-6.1554594694e-01
0.4862            	5.5351772448e-01	9.1727052905e-02	-1.2233298799e-01	4.9235123049e-01	-6.1468421848e-01
0.4864            	5.5335218089e-01	9.1003191462e-02	-1.2444918181e-01	4.9112758999e-01	-6.1557677180e-01
0.4866            	5.5347758994e-01	9.1569292021e-02	-1.2281634940e-01	4.9206941524e-01	-6.1488576464e-01
0.4868            	5.5341592150e-01	9.1386613494e-02	-1.2299506414e-01	4.9191838943e-01	-6.1491345357e-01
0.487             	5.5346427776e-01	9.1495758833e-02	-1.2315390232e-01	4.9188732660e-01	-6.1504122892e-01
0.4872            	5.5335036236e-01	9.1238563142e-02	-1.2358645747e-01	4.9155713362e-01	-6.1514359109e-01
0.4874            	5.5340176988e-01	9.1429468819e-02	-1.2322910133e-01	4.9178721922e-01	-6.1501632055e-01
0.4876            	5.5346484184e-01	9.2117951135e-02	-1.2012667529e-01	4.9340150419e-01	-6.1352817948e-01
0.4878            	5.5338618730e-01	9.1346999439e-02	-1.2363412440e-01	4.9156912510e-01	-6.1520324950e-01
0.488             	5.5339368073e-01	9.1980882913e-02	-1.2100051251e-01	4.9289342447e-01	-6.1389393699e-01
0.4882            	5.5329121713e-01	9.1292673102e-02	-1.2377269283e-01	4.9140487072e-01	-6.1517756355e-01
0.4884            	5.5354362002e-01	9.2561963526e-02	-1.1883044073e-01	4.9412839965e-01	-6.1295884038e-01
0.4886            	5.5334197324e-01	9.1167850344e-02	-1.2441736097e-01	4.9113329275e-01	-6.1555065372e-01
0.4888            	5.5351324012e-01	9.2420095400e-02	-1.1981476016e-01	4.9360586005e-01	-6.1342062020e-01
0.489             	5.5327596460e-01	9.1096435275e-02	-1.2463588059e-01	4.9095802431e-01	-6.1559390490e-01
0.4892            	5.5346955316e-01	9.2269591117e-02	-1.2021742366e-01	4.9336084133e-01	-6.1357826498e-01
0.4894            	5.5332001561e-01	9.1069985627e-02	-1.2454180535e-01	4.9104911294e-01	-6.1559091828e-01
0.4896            	5.5354278437e-01	9.2200421314e-02	-1.2071189137e-01	4.9318683868e-01	-6.1389873006e-01
0.4898            	5.5330228260e-01	9.1032018649e-02	-1.2467343285e-01	4.9096556617e-01	-6.1563899902e-01
0.49              	5.5352329695e-01	9.2012959282e-02	-1.2128792783e-01	4.9287933304e-01	-6.1416726087e-01
0.4902            	5.5335273443e-01	9.1060747754e-02	-1.2443420522e-01	4.9113563182e-01	-6.1556983704e-01
0.4904            	5.5354637781e-01	9.2074084378e-02	-1.2110929803e-01	4.9299172880e-01	-6.1410102683e-01
0.4906            	5.5331253811e-01	9.1056169492e-02	-1.2457274971e-01	4.9102616325e-01	-6.1559891297e-01
0.4908            	5.5348241267e-01	9.2090662426e-02	-1.2071220086e-01	4.9312631224e-01	-6.1383851309e-01
0.491             	5.5334283573e-01	9.1130216538e-02	-1.2413456122e-01	4.9127555512e-01	-6.1541011634e-01
0.4912            	5.5352405233e-01	9.2163798466e-02	-1.2074057187e-01	4.9315376640e-01	-6.1389433827e-01
0.4914            	5.5328876718e-01	9.1077717329e-02	-1.2448211727e-01	4.9104770854e-01	-6.1552982581e-01
0.4916            	5.5348390931e-01	9.2128437910e-02	-1.2070918686e-01	4.9312931588e-01	-6.1383850274e-01
0.4918            	5.5333398421e-01	9.1041356057e-02	-1.2467842849e-01	4.9099476997e-01	-6.1567319845e-01
0.492             	5.5348173042e-01	9.2087894472e-02	-1.2114178308e-01	4.9291083888e-01	-6.1405262196e-01
0.4922            	5.5324279022e-01	9.0995861574e-02	-1.2479110770e-01	4.9084723637e-01	-6.1563834407e-01
0.4924            	5.5339110883e-01	9.1855308052e-02	-1.2183106225e-01	4.9247557771e-01	-6.1430663996e-01
0.4926            	5.5328616127e-01	9.1108730392e-02	-1.2424781065e-01	4.9116225595e-01	-6.1541006660e-01
0.4928            	5.5344912973e-01	9.1697735936e-02	-1.2296170266e-01	4.9196827840e-01	-6.1492998106e-01
0.493             	5.5326120531e-01	9.1013339079e-02	-1.2486395035e-01	4.9082923013e-01	-6.1569318048e-01
0.4932            	5.5336823747e-01	9.1525643394e-02	-1.2343642205e-01	4.9165002644e-01	-6.1508644850e-01
0.4934            	5.5335331552e-01	9.1552504055e-02	-1.2305512351e-01	4.9182575377e-01	-6.1488087728e-01
0.4936            	5.5334907152e-01	9.1433435742e-02	-1.2384603758e-01	4.9142605273e-01	-6.1527209031e-01
0.4938            	5.5330758312e-01	9.1400244711e-02	-1.2369688736e-01	4.9145913944e-01	-6.1515602680e-01
0.494             	5.5330358311e-01	9.1349138497e-02	-1.2415003476e-01	4.9122856573e-01	-6.1537860049e-01
0.4942            	5.5340661300e-01	9.2218504438e-02	-1.2039923165e-01	4.9320699717e-01	-6.1360622882e-01
0.4944            	5.5329240831e-01	9.1296662049e-02	-1.2433287537e-01	4.9112597062e-01	-6.1545884599e-01
0.4946            	5.5333369868e-01	9.1782206852e-02	-1.2234958287e-01	4.9215890725e-01	-6.1450849012e-01
0.4948            	5.5329272697e-01	9.1324990579e-02	-1.2425280169e-01	4.9116632612e-01	-6.1541912781e-01
0.495             	5.5341392855e-01	9.2135235975e-02	-1.2064630539e-01	4.9309077585e-01	-6.1373708124e-01
0.4952            	5.5330743193e-01	9.1344547385e-02	-1.2398436545e-01	4.9131524921e-01	-6.1529961465e-01
0.4954            	5.5336210418e-01	9.1747047934e-02	-1.2229019945e-01	4.9221700445e-01	-6.1450720390e-01
0.4956            	5.5332784333e-01	9.1383830567e-02	-1.2374817651e-01	4.9145375508e-01	-6.1520193159e-01
0.4958            	5.5348358392e-01	9.2135122604e-02	-1.2035545460e-01	4.9330585662e-01	-6.1366131121e-01
0.496             	5.5338992333e-01	9.1299679496e-02	-1.2404119563e-01	4.9136932551e-01	-6.1541052114e-01
0.4962            	5.5346942609e-01	9.1880781271e-02	-1.2170165746e-01	4.9261859736e-01	-6.1432025482e-01
0.4964            	5.5332452060e-01	9.1248682991e-02	-1.2412560376e-01	4.9126171872e-01	-6.1538732248e-01
0.4966            	5.5354718662e-01	9.2528849382e-02	-1.1895348589e-01	4.9407044368e-01	-6.1302392956e-01
0.4968            	5.5336126540e-01	9.1146659948e-02	-1.2463917766e-01	4.9104167657e-01	-6.1568085423e-01
0.497             	5.5349928211e-01	9.2422930927e-02	-1.1976191278e-01	4.9361832572e-01	-6.1338023850e-01
0.4972            	5.5329812637e-01	9.1104336686e-02	-1.2474618055e-01	4.9092503609e-01	-6.1567121664e-01
0.4974            	5.5349961276e-01	9.2376726207e-02	-1.1984718087e-01	4.9357602232e-01	-6.1342320319e-01
0.4976            	5.5332316084e-01	9.1053524335e-02	-1.2494422650e-01	4.9085104759e-01	-6.1579527409e-01
0.4978            	5.5348228365e-01	9.2290774683e-02	-1.2058828732e-01	4.9318813999e-01	-6.1377642731e-01
0.498             	5.5322717476e-01	9.1051167523e-02	-1.2490187350e-01	4.9077623801e-01	-6.1567811151e-01
0.4982            	5.5339760460e-01	9.2028791526e-02	-1.2157588812e-01	4.9260966054e-01	-6.1418554866e-01
0.4984            	5.5321442381e-01	9.1079252078e-02	-1.2460742877e-01	4.9091070942e-01	-6.1551813819e-01
0.4986            	5.5341364253e-01	9.1917569841e-02	-1.2225725361e-01	4.9228501572e-01	-6.1454226933e-01
0.4988            	5.5315826238e-01	9.1008090950e-02	-1.2500273608e-01	4.9065689434e-01	-6.1565963043e-01
0.499             	5.5335396923e-01	9.1702701880e-02	-1.2292763670e-01	4.9189015087e-01	-6.1481778758e-01
0.4992            	5.5325403122e-01	9.1227781919e-02	-1.2415056570e-01	4.9117874837e-01	-6.1532931407e-01
0.4994            	5.5338484687e-01	9.1587142091e-02	-1.2347083699e-01	4.9164942837e-01	-6.1512026536e-01
0.4996            	5.5325487752e-01	9.1094449583e-02	-1.2469911857e-01	4.9090531824e-01	-6.1560443681e-01
0.4998            	5.5335630395e-01	9.1463524539e-02	-1.2366800440e-01	4.9152230175e-01	-6.1519030615e-01
0.5               	5.5338371959e-01	9.1855960583e-02	-1.2176095710e-01	4.9250324104e-01	-6.1426419814e-01
0.5002            	5.5335435106e-01	9.1385279779e-02	-1.2388087548e-01	4.9141391332e-01	-6.1529478880e-01
0.5004            	5.5339065411e-01	9.1613067536e-02	-1.2280438166e-01	4.9198846328e-01	-6.1479284494e-01
0.5006            	5.5334266626e-01	9.1308197452e-02	-1.2407662963e-01	4.9130435145e-01	-6.1538098108e-01
0.5008            	5.5355370463e-01	9.2526418225e-02	-1.1905601128e-01	4.9402569899e-01	-6.1308171027e-01
0.501             	5.5333885247e-01	9.1201200850e-02	-1.2450030398e-01	4.9108870048e-01	-6.1558900446e-01
0.5012            	5.5349979597e-01	9.2363601531e-02	-1.2003014866e-01	4.9348472164e-01	-6.1351487030e-01
0.5014            	5.5329757331e-01	9.1135481773e-02	-1.2474800204e-01	4.9092357229e-01	-6.1567157433e-01
0.5016            	5.5351284922e-01	9.2476115970e-02	-1.1937665231e-01	4.9382452307e-01	-6.1320117538e-01
0.5018            	5.5327658310e-01	9.1111617179e-02	-1.2459549433e-01	4.9097883594e-01	-6.1557433027e-01
0.502             	5.5351606606e-01	9.2433026828e-02	-1.1982918761e-01	4.9360147225e-01	-6.1343065986e-01
0.5022            	5.5324256491e-01	9.1074215765e-02	-1.2475027706e-01	4.9086742638e-01	-6.1561770344e-01
0.5024            	5.5346882343e-01	9.2242415447e-02	-1.2052250008e-01	4.9320757339e-01	-6.1373007347e-01
0.5026            	5.5329128329e-01	9.1058660871e-02	-1.2471441146e-01	4.9093407756e-01	-6.1564848902e-01
0.5028            	5.5348419380e-01	9.2207995911e-02	-1.2083983731e-01	4.9306427514e-01	-6.1390411245e-01
0.503             	5.5323505470e-01	9.1013632155e-02	-1.2489111241e-01	4.9078949849e-01	-6.1568061091e-01
0.5032            	5.5340815861e-01	9.2008814179e-02	-1.2136110783e-01	4.9272760469e-01	-6.1408871253e-01
0.5034            	5.5326281066e-01	9.1065334871e-02	-1.2450765086e-01	4.9100898523e-01	-6.1551663609e-01
0.5036            	5.5341900133e-01	9.1977144332e-02	-1.2170575909e-01	4.9256612179e-01	-6.1427188088e-01
0.5038            	5.5321725145e-01	9.0993127366e-02	-1.2499764369e-01	4.9071842960e-01	-6.1571607329e-01
0.504             	5.5331043394e-01	9.1773799752e-02	-1.2225867853e-01	4.9218109467e-01	-6.1443977320e-01
0.5042            	5.5329193651e-01	9.1171054160e-02	-1.2442557662e-01	4.9107914820e-01	-6.1550472482e-01
0.5044            	5.5331359724e-01	9.1624039747e-02	-1.2316402632e-01	4.9173158408e-01	-6.1489561040e-01
0.5046            	5.5321588035e-01	9.1090085564e-02	-1.2472502812e-01	4.9085336629e-01	-6.1557839441e-01
0.5048            	5.5327766329e-01	9.1483034683e-02	-1.2357505768e-01	4.9149013445e-01	-6.1506519213e-01
0.505             	5.5332829630e-01	9.1816428665e-02	-1.2203476983e-01	4.9231091138e-01	-6.1434568121e-01
0.5052            	5.5331764352e-01	9.1407803693e-02	-1.2385525164e-01	4.9139001770e-01	-6.1524526933e-01
0.5054            	5.5330866007e-01	9.1575202896e-02	-1.2293676873e-01	4.9184027571e-01	-6.1477704443e-01
0.5056            	5.5330107593e-01	9.1323096734e-02	-1.2406651849e-01	4.9126781669e-01	-6.1533433518e-01
0.5058            	5.5345677729e-01	9.2506260381e-02	-1.1901601368e-01	4.9394877045e-01	-6.1296478413e-01
0.506             	5.5329252566e-01	9.1244953755e-02	-1.2429342548e-01	4.9114581292e-01	-6.1543923840e-01
0.5062            	5.5345644884e-01	9.2264448696e-02	-1.2047673489e-01	4.9321808140e-01	-6.1369481629e-01
0.5064            	5.5327221403e-01	9.1169751099e-02	-1.2463112929e-01	4.9095664939e-01	-6.1558777868e-01
0.5066            	5.5345951646e-01	9.2468414085e-02	-1.1942632763e-01	4.9374635265e-01	-6.1317268028e-01
0.5068            	5.5327235556e-01	9.1097757379e-02	-1.2479946019e-01	4.9087262546e-01	-6.1567208565e-01
0.507             	5.5345966782e-01	9.2340894514e-02	-1.2037944198e-01	4.9326994683e-01	-6.1364938881e-01
0.5072            	5.5320061847e-01	9.1071006136e-02	-1.2493941415e-01	4.9073091139e-01	-6.1567032554e-01
0.5074            	5.5338810107e-01	9.2147369821e-02	-1.2109954377e-01	4.9283832919e-01	-6.1393787296e-01
0.5076            	5.5316050939e-01	9.1069201943e-02	-1.2464721370e-01	4.9083690254e-01	-6.1548411624e-01
0.5078            	5.5341046250e-01	9.2048176314e-02	-1.2182016534e-01	4.9250037983e-01	-6.1432054517e-01
0.508             	5.5315685197e-01	9.0968998696e-02	-1.2525923378e-01	4.9052723508e-01	-6.1578646886e-01
0.5082            	5.5330075114e-01	9.1810919324e-02	-1.2242336261e-01	4.9208906984e-01	-6.1451243245e-01
0.5084            	5.5319081400e-01	9.1087481708e-02	-1.2463222675e-01	4.9087470062e-01	-6.1550692737e-01
0.5086            	5.5333928840e-01	9.1742640088e-02	-1.2288231828e-01	4.9189812926e-01	-6.1478044754e-01
0.5088            	5.5315287180e-01	9.1021328920e-02	-1.2488115474e-01	4.9071229443e-01	-6.1559344917e-01
0.509             	5.5328479432e-01	9.1632506992e-02	-1.2306653455e-01	4.9175152705e-01	-6.1481806160e-01
0.5092            	5.5323232452e-01	9.1306632993e-02	-1.2381416896e-01	4.9132524004e-01	-6.1513940901e-01
0.5094            	5.5333202570e-01	9.1548394761e-02	-1.2351470275e-01	4.9157467432e-01	-6.1508937707e-01
0.5096            	5.5319363757e-01	9.1108102291e-02	-1.2462278502e-01	4.9088224506e-01	-6.1550503008e-01
0.5098            	5.5330261602e-01	9.1457632911e-02	-1.2375354394e-01	4.9142584405e-01	-6.1517938798e-01
0.51              	5.5331040439e-01	9.1811344300e-02	-1.2194407221e-01	4.9233836828e-01	-6.1428244049e-01
0.5102            	5.5333165348e-01	9.1404634165e-02	-1.2396782900e-01	4.9134773898e-01	-6.1531556799e-01
0.5104            	5.5329456432e-01	9.1542533101e-02	-1.2316371697e-01	4.9171270584e-01	-6.1487642281e-01
0.5106            	5.5327307001e-01	9.1338118239e-02	-1.2413848241e-01	4.9120382880e-01	-6.1534231121e-01
0.5108            	5.5341171454e-01	9.2375464745e-02	-1.1974199467e-01	4.9354071721e-01	-6.1328271188e-01
0.511             	5.5325456894e-01	9.1230016668e-02	-1.2460486542e-01	4.9095213623e-01	-6.1555700164e-01
0.5112            	5.5338511964e-01	9.2164443235e-02	-1.2096807680e-01	4.9290108124e-01	-6.1386915804e-01
0.5114            	5.5323306574e-01	9.1159597564e-02	-1.2491823002e-01	4.9077395073e-01	-6.1569218075e-01
0.5116            	5.5342362375e-01	9.2461041893e-02	-1.1956223044e-01	4.9364250854e-01	-6.1320473897e-01
0.5118            	5.5324457044e-01	9.1128966198e-02	-1.2482999751e-01	4.9082957168e-01	-6.1565956919e-01
0.512             	5.5342944476e-01	9.2289879442e-02	-1.2062806071e-01	4.9311541441e-01	-6.1374347512e-01
0.5122            	5.5320756672e-01	9.1170050751e-02	-1.2461883253e-01	4.9089815046e-01	-6.1551698298e-01
0.5124            	5.5344162252e-01	9.2415728123e-02	-1.1972776136e-01	4.9357774184e-01	-6.1330550320e-01
0.5126            	5.5329004406e-01	9.1130871684e-02	-1.2482626716e-01	4.9087691047e-01	-6.1570317764e-01
0.5128            	5.5342741316e-01	9.2094319484e-02	-1.2144220779e-01	4.9270630926e-01	-6.1414851705e-01
0.513             	5.5324508381e-01	9.1193245392e-02	-1.2451376929e-01	4.9098819916e-01	-6.1550196845e-01
0.5132            	5.5346757191e-01	9.2337163905e-02	-1.2012529917e-01	4.9340492233e-01	-6.1353022150e-01
0.5134            	5.5329646445e-01	9.1113728070e-02	-1.2488705321e-01	4.9085293784e-01	-6.1573999105e-01
0.5136            	5.5344710773e-01	9.2144375005e-02	-1.2126158971e-01	4.9281631287e-01	-6.1407790258e-01
0.5138            	5.5324271934e-01	9.1109518850e-02	-1.2490643792e-01	4.9078950038e-01	-6.1569593830e-01
0.514             	5.5343831062e-01	9.2372796025e-02	-1.1997022358e-01	4.9345319883e-01	-6.1342342241e-01
0.5142            	5.5322625160e-01	9.1104468689e-02	-1.2474612307e-01	4.9085319007e-01	-6.1559931314e-01
0.5144            	5.5341552446e-01	9.2430236426e-02	-1.1992802790e-01	4.9345151051e-01	-6.1337953841e-01
0.5146            	5.5319201612e-01	9.1084899201e-02	-1.2497851609e-01	4.9070275808e-01	-6.1568127417e-01
0.5148            	5.5341321194e-01	9.2386717641e-02	-1.2014206822e-01	4.9334217783e-01	-6.1348424605e-01
0.515             	5.5324155431e-01	9.1182533086e-02	-1.2464393806e-01	4.9091958527e-01	-6.1556352334e-01
0.5152            	5.5340409998e-01	9.2080265649e-02	-1.2121722524e-01	4.9279548737e-01	-6.1401271260e-01
0.5154            	5.5326812179e-01	9.1198643574e-02	-1.2485853259e-01	4.9083885550e-01	-6.1569738809e-01
0.5156            	5.5338072104e-01	9.1973222461e-02	-1.2193016211e-01	4.9241563999e-01	-6.1434580210e-01
0.5158            	5.5327518491e-01	9.1358189873e-02	-1.2412326268e-01	4.9121355357e-01	-6.1533681625e-01
0.516             	5.5338018897e-01	9.1909696544e-02	-1.2174488494e-01	4.9250774650e-01	-6.1425263144e-01
0.5162            	5.5325470341e-01	9.1357431040e-02	-1.2427106636e-01	4.9111917023e-01	-6.1539023659e-01
0.5164            	5.5334048708e-01	9.1894770319e-02	-1.2195215095e-01	4.9236441161e-01	-6.1431656255e-01
0.5166            	5.5328285943e-01	9.1390280444e-02	-1.2404973485e-01	4.9125799200e-01	-6.1530772685e-01
0.5168            	5.5323410555e-01	9.1410726678e-02	-1.2363985625e-01	4.9141417742e-01	-6.1505403367e-01
0.517             	5.5326999136e-01	9.1419796191e-02	-1.2403201083e-01	4.9125398594e-01	-6.1528599677e-01
0.5172            	5.5331260419e-01	9.1761191627e-02	-1.2242658416e-01	4.9209931210e-01	-6.1452589627e-01
0.5174            	5.5333798935e-01	9.1426249019e-02	-1.2390822464e-01	4.9138387703e-01	-6.1529210167e-01
0.5176            	5.5329337879e-01	9.1237476586e-02	-1.2433534905e-01	4.9112570427e-01	-6.1546105332e-01
0.5178            	5.5339851628e-01	9.1530369018e-02	-1.2383051774e-01	4.9148325741e-01	-6.1531377515e-01
0.518             	5.5335781138e-01	9.1363392213e-02	-1.2405530421e-01	4.9133015928e-01	-6.1538546349e-01
0.5182            	5.5335806418e-01	9.1540567558e-02	-1.2374962707e-01	4.9148325065e-01	-6.1523287772e-01
0.5184            	5.5322799610e-01	9.1006696193e-02	-1.2532761603e-01	4.9056418809e-01	-6.1589180412e-01
0.5186            	5.5328648335e-01	9.1547852162e-02	-1.2382265275e-01	4.9137515698e-01	-6.1519780972e-01
0.5188            	5.5327763409e-01	9.1229852178e-02	-1.2466558400e-01	4.9094484209e-01	-6.1561042609e-01
0.519             	5.5333358044e-01	9.1448154457e-02	-1.2431987348e-01	4.9117364370e-01	-6.1549351718e-01
0.5192            	5.5319232678e-01	9.1048644232e-02	-1.2503592798e-01	4.9067436280e-01	-6.1571029077e-01
0.5194            	5.5331689817e-01	9.1463424397e-02	-1.2416574568e-01	4.9123402533e-01	-6.1539977101e-01
0.5196            	5.5332107669e-01	9.1348994225e-02	-1.2402741539e-01	4.9130736900e-01	-6.1533478439e-01
0.5198            	5.5343892096e-01	9.1415613362e-02	-1.2415776165e-01	4.9136004013e-01	-6.1551780178e-01
0.52              	5.5338088983e-01	9.1084794307e-02	-1.2479130984e-01	4.9098523491e-01	-6.1577654475e-01
0.5202            	5.5345702676e-01	9.1426158940e-02	-1.2402721803e-01	4.9144341775e-01	-6.1547063578e-01
0.5204            	5.5342880739e-01	9.1441843667e-02	-1.2339348517e-01	4.9173206480e-01	-6.1512554998e-01
0.5206            	5.5346069231e-01	9.1538987898e-02	-1.2333805611e-01	4.9179166426e-01	-6.1512972037e-01
0.5208            	5.5332405351e-01	9.1114007283e-02	-1.2450458332e-01	4.9107176185e-01	-6.1557634517e-01
0.521             	5.5340936182e-01	9.1593039601e-02	-1.2335218486e-01	4.9173326939e-01	-6.1508545425e-01
0.5212            	5.5329089310e-01	9.1328301617e-02	-1.2385081470e-01	4.9136548575e-01	-6.1521630045e-01
0.5214            	5.5336075124e-01	9.1664195052e-02	-1.2303882015e-01	4.9184134116e-01	-6.1488016131e-01
0.5216            	5.5324698772e-01	9.1007501109e-02	-1.2510923215e-01	4.9069237165e-01	-6.1580160380e-01
0.5218            	5.5331839384e-01	9.1607158620e-02	-1.2332301073e-01	4.9165688848e-01	-6.1497989921e-01
0.522             	5.5326027060e-01	9.1184131772e-02	-1.2435744328e-01	4.9108154896e-01	-6.1543899224e-01
0.5222            	5.5337370100e-01	9.1564494132e-02	-1.2345773905e-01	4.9164483147e-01	-6.1510257052e-01
0.5224            	5.5326061672e-01	9.1009638044e-02	-1.2482424819e-01	4.9084849262e-01	-6.1567274081e-01
0.5226            	5.5342702483e-01	9.1482417726e-02	-1.2382352837e-01	4.9151526064e-01	-6.1533878901e-01
0.5228            	5.5336385308e-01	9.1278620182e-02	-1.2395642333e-01	4.9138564141e-01	-6.1534206475e-01
0.523             	5.5344918427e-01	9.1457095140e-02	-1.2382974898e-01	4.9153430978e-01	-6.1536405876e-01
0.5232            	5.5331075739e-01	9.1062421741e-02	-1.2469321817e-01	4.9096414830e-01	-6.1565736648e-01
0.5234            	5.5336444039e-01	9.1476970140e-02	-1.2371179960e-01	4.9150854059e-01	-6.1522034019e-01
0.5236            	5.5333521858e-01	9.1403533609e-02	-1.2364765991e-01	4.9151138863e-01	-6.1515904854e-01
0.5238            	5.5333741714e-01	9.1413798095e-02	-1.2396943293e-01	4.9135270067e-01	-6.1532213360e-01
0.524             	5.5323046751e-01	9.1123810204e-02	-1.2466432942e-01	4.9089830280e-01	-6.1556263222e-01
0.5242            	5.5326550158e-01	9.1440969858e-02	-1.2395941783e-01	4.9128579267e-01	-6.1524521050e-01
0.5244            	5.5327516499e-01	9.1605787514e-02	-1.2315358800e-01	4.9169837099e-01	-6.1485195898e-01
0.5246            	5.5329740356e-01	9.1373220300e-02	-1.2431817197e-01	4.9113831758e-01	-6.1545648955e-01
0.5248            	5.5324471141e-01	9.1276740271e-02	-1.2426341468e-01	4.9111300407e-01	-6.1537641875e-01
0.525             	5.5329749711e-01	9.1377912167e-02	-1.2432991693e-01	4.9113253864e-01	-6.1546245557e-01
0.5252            	5.5335971499e-01	9.2021166743e-02	-1.2153520284e-01	4.9259211357e-01	-6.1412731641e-01
0.5254            	5.5337457352e-01	9.1281055863e-02	-1.2453999159e-01	4.9110457772e-01	-6.1564456931e-01
0.5256            	5.5334425915e-01	9.1604961822e-02	-1.2276185636e-01	4.9196333097e-01	-6.1472518733e-01
0.5258            	5.5340252481e-01	9.1285934712e-02	-1.2440670369e-01	4.9119917296e-01	-6.1560587665e-01
0.526             	5.5352535410e-01	9.2291751863e-02	-1.2019695579e-01	4.9342687620e-01	-6.1362383199e-01
0.5262            	5.5342653495e-01	9.1229275718e-02	-1.2444372319e-01	4.9120467336e-01	-6.1564839654e-01
0.5264            	5.5345163198e-01	9.1717346469e-02	-1.2244621861e-01	4.9222852267e-01	-6.1467474128e-01
0.5266            	5.5340511406e-01	9.1261103324e-02	-1.2448908950e-01	4.9116056931e-01	-6.1564965881e-01
0.5268            	5.5351829538e-01	9.2347719928e-02	-1.2000868188e-01	4.9351395444e-01	-6.1352263632e-01
0.527             	5.5335161683e-01	9.1222438787e-02	-1.2442134067e-01	4.9114094649e-01	-6.1556228716e-01
0.5272            	5.5342709763e-01	9.1904834575e-02	-1.2176690744e-01	4.9254364391e-01	-6.1431055135e-01
0.5274            	5.5330159948e-01	9.1254015039e-02	-1.2431562724e-01	4.9114378586e-01	-6.1545941310e-01
0.5276            	5.5348904864e-01	9.2437334862e-02	-1.1958622000e-01	4.9369593864e-01	-6.1328215865e-01
0.5278            	5.5328026210e-01	9.1216347811e-02	-1.2432604092e-01	4.9111724164e-01	-6.1544328255e-01
0.528             	5.5337331666e-01	9.2073244249e-02	-1.2115996427e-01	4.9279333452e-01	-6.1395329879e-01
0.5282            	5.5325950470e-01	9.1220748679e-02	-1.2469025584e-01	4.9091437678e-01	-6.1560463262e-01
0.5284            	5.5342400812e-01	9.2603706870e-02	-1.1896422005e-01	4.9394189809e-01	-6.1290611814e-01
0.5286            	5.5325119206e-01	9.1168889462e-02	-1.2482637785e-01	4.9083800313e-01	-6.1566438098e-01
0.5288            	5.5341396514e-01	9.2381626492e-02	-1.2007851304e-01	4.9337470863e-01	-6.1345322166e-01
0.529             	5.5322127299e-01	9.1182593301e-02	-1.2479474080e-01	4.9082390259e-01	-6.1561864339e-01
0.5292            	5.5345783961e-01	9.2648810682e-02	-1.1876870026e-01	4.9407348948e-01	-6.1284218974e-01
0.5294            	5.5325257615e-01	9.1150727398e-02	-1.2467505739e-01	4.9091504745e-01	-6.1559010484e-01
0.5296            	5.5347404319e-01	9.2493515011e-02	-1.1948322907e-01	4.9373242865e-01	-6.1321565772e-01
0.5298            	5.5323681655e-01	9.1168015869e-02	-1.2456922571e-01	4.9095220369e-01	-6.1552142940e-01
0.53              	5.5349939645e-01	9.2590604300e-02	-1.1904893169e-01	4.9397493060e-01	-6.1302386229e-01
0.5302            	5.5325857969e-01	9.1124755470e-02	-1.2466983385e-01	4.9092366277e-01	-6.1559349661e-01
0.5304            	5.5345782841e-01	9.2473231197e-02	-1.1955599029e-01	4.9367983326e-01	-6.1323582355e-01
0.5306            	5.5325708614e-01	9.1109056439e-02	-1.2488340585e-01	4.9081538321e-01	-6.1569878906e-01
0.5308            	5.5344807558e-01	9.2512273906e-02	-1.1930605578e-01	4.9379504769e-01	-6.1310110347e-01
0.531             	5.5325147013e-01	9.1103410987e-02	-1.2472223891e-01	4.9089035068e-01	-6.1561258958e-01
0.5312            	5.5345496689e-01	9.2461962896e-02	-1.1967345534e-01	4.9361823922e-01	-6.1329169455e-01
0.5314            	5.5318844446e-01	9.1129595345e-02	-1.2461083879e-01	4.9088302506e-01	-6.1549386385e-01
0.5316            	5.5347449415e-01	9.2449709993e-02	-1.1984551415e-01	4.9355173708e-01	-6.1339725123e-01
0.5318            	5.5318685062e-01	9.1092031952e-02	-1.2470925638e-01	4.9083222244e-01	-6.1554147881e-01
0.532             	5.5347977432e-01	9.2440940257e-02	-1.1991594510e-01	4.9352180177e-01	-6.1343774687e-01
0.5322            	5.5317282358e-01	9.1056443145e-02	-1.2502497642e-01	4.9066033537e-01	-6.1568531179e-01
0.5324            	5.5338148133e-01	9.2308612419e-02	-1.2040748644e-01	4.9317773811e-01	-6.1358522455e-01
0.5326            	5.5321153457e-01	9.1029828007e-02	-1.2517149536e-01	4.9062578689e-01	-6.1579728225e-01
0.5328            	5.5337115020e-01	9.2292527733e-02	-1.2041810754e-01	4.9316209643e-01	-6.1358020397e-01
0.533             	5.5316041572e-01	9.1036340124e-02	-1.2512354771e-01	4.9059864186e-01	-6.1572218958e-01
0.5332            	5.5333927151e-01	9.2175969898e-02	-1.2104338635e-01	4.9281757834e-01	-6.1386096469e-01
0.5334            	5.5318220330e-01	9.1067593519e-02	-1.2486588512e-01	4.9074926074e-01	-6.1561514586e-01
0.5336            	5.5338832865e-01	9.2196584216e-02	-1.2094647654e-01	4.9291509038e-01	-6.1386156692e-01
0.5338            	5.5315686645e-01	9.1034156742e-02	-1.2499808589e-01	4.9065782350e-01	-6.1565590939e-01
0.534             	5.5337907909e-01	9.2129951374e-02	-1.2128131043e-01	4.9273842387e-01	-6.1401973430e-01
0.5342            	5.5322317249e-01	9.1038330892e-02	-1.2498517313e-01	4.9073058593e-01	-6.1571575906e-01
0.5344            	5.5342992232e-01	9.2175223778e-02	-1.2103518078e-01	4.9291233193e-01	-6.1394751272e-01
0.5346            	5.5322429051e-01	9.1013106229e-02	-1.2505062178e-01	4.9069897962e-01	-6.1574960141e-01
0.5348            	5.5342173670e-01	9.2118894296e-02	-1.2124410053e-01	4.9279968644e-01	-6.1404378697e-01
0.535             	5.5326026096e-01	9.1033942675e-02	-1.2495570833e-01	4.9078240679e-01	-6.1573811512e-01
0.5352            	5.5344292106e-01	9.2134004073e-02	-1.2124331428e-01	4.9282126392e-01	-6.1406457820e-01
0.5354            	5.5317957624e-01	9.1007892941e-02	-1.2500657436e-01	4.9067628907e-01	-6.1568286342e-01
0.5356            	5.5338602202e-01	9.2030558304e-02	-1.2167299017e-01	4.9254952694e-01	-6.1422251711e-01
0.5358            	5.5322165727e-01	9.1020573798e-02	-1.2503324313e-01	4.9070503570e-01	-6.1573827883e-01
0.536             	5.5336542228e-01	9.2007131996e-02	-1.2173554518e-01	4.9249764969e-01	-6.1423319487e-01
0.5362            	5.5315151085e-01	9.0967944983e-02	-1.2524051334e-01	4.9053125418e-01	-6.1577176753e-01
0.5364            	5.5330768516e-01	9.1919469071e-02	-1.2212380358e-01	4.9224578337e-01	-6.1436958695e-01
0.5366            	5.5314307389e-01	9.1054379969e-02	-1.2477332304e-01	4.9075641238e-01	-6.1552973541e-01
0.5368            	5.5335239515e-01	9.1877760784e-02	-1.2231125950e-01	4.9219676540e-01	-6.1450802490e-01
0.537             	5.5315350405e-01	9.0970477277e-02	-1.2513755735e-01	4.9058472538e-01	-6.1572228273e-01
0.5372            	5.5332980021e-01	9.1831713092e-02	-1.2243267138e-01	4.9211346452e-01	-6.1454613590e-01
0.5374            	5.5320914585e-01	9.1061022229e-02	-1.2473331881e-01	4.9084248645e-01	-6.1557580526e-01
0.5376            	5.5335110218e-01	9.1804371765e-02	-1.2246003272e-01	4.9212108582e-01	-6.1458111854e-01
0.5378            	5.5317839944e-01	9.0982512525e-02	-1.2495508506e-01	4.9070085691e-01	-6.1565594197e-01
0.538             	5.5337553608e-01	9.1743181046e-02	-1.2287818656e-01	4.9193644280e-01	-6.1481462936e-01
0.5382            	5.5322930015e-01	9.1074807659e-02	-1.2463061853e-01	4.9091399089e-01	-6.1554460941e-01
0.5384            	5.5337504364e-01	9.1724217721e-02	-1.2286113452e-01	4.9194447638e-01	-6.1480561090e-01
0.5386            	5.5319052260e-01	9.0952559166e-02	-1.2519043055e-01	4.9059530732e-01	-6.1578573787e-01
0.5388            	5.5330831916e-01	9.1743707643e-02	-1.2273855209e-01	4.9193904311e-01	-6.1467759521e-01
0.539             	5.5323899012e-01	9.1071460717e-02	-1.2478398600e-01	4.9084699712e-01	-6.1563098312e-01
0.5392            	5.5331560427e-01	9.1721329629e-02	-1.2275807313e-01	4.9193656770e-01	-6.1469464084e-01
0.5394            	5.5323242915e-01	9.0949933067e-02	-1.2536463046e-01	4.9055011392e-01	-6.1591474438e-01
0.5396            	5.5328417304e-01	9.1661938041e-02	-1.2306963993e-01	4.9174935308e-01	-6.1481899301e-01
0.5398            	5.5322545455e-01	9.1105852689e-02	-1.2465390010e-01	4.9089850450e-01	-6.1555240460e-01
0.54              	5.5332481651e-01	9.1583838480e-02	-1.2346925689e-01	4.9159018806e-01	-6.1505944495e-01
0.5402            	5.5316362541e-01	9.0970449025e-02	-1.2512156098e-01	4.9060284492e-01	-6.1572440591e-01
0.5404            	5.5328485265e-01	9.1563288385e-02	-1.2353926510e-01	4.9151522010e-01	-6.1505448520e-01
0.5406            	5.5319240275e-01	9.1190702211e-02	-1.2428963421e-01	4.9104758564e-01	-6.1533721985e-01
0.5408            	5.5331108038e-01	9.1537077155e-02	-1.2356262362e-01	4.9152976857e-01	-6.1509239219e-01
0.541             	5.5316867188e-01	9.1018013942e-02	-1.2480043884e-01	4.9076845246e-01	-6.1556889130e-01
0.5412            	5.5331797115e-01	9.1549987752e-02	-1.2356340024e-01	4.9153627103e-01	-6.1509967127e-01
0.5414            	5.5324625819e-01	9.1234196014e-02	-1.2420142739e-01	4.9114554449e-01	-6.1534697188e-01
0.5416            	5.5330662320e-01	9.1532031258e-02	-1.2347908774e-01	4.9156707933e-01	-6.1504616707e-01
0.5418            	5.5321421267e-01	9.1045912376e-02	-1.2479490565e-01	4.9081675984e-01	-6.1561166549e-01
0.542             	5.5330635505e-01	9.1528021147e-02	-1.2356043222e-01	4.9152613894e-01	-6.1508657116e-01
0.5422            	5.5329354414e-01	9.1322627484e-02	-1.2389241647e-01	4.9134733591e-01	-6.1523975237e-01
0.5424            	5.5331078802e-01	9.1487616987e-02	-1.2362623702e-01	4.9149766951e-01	-6.1512390653e-01
0.5426            	5.5322198286e-01	9.1063334660e-02	-1.2473355027e-01	4.9085520773e-01	-6.1558875800e-01
0.5428            	5.5329496353e-01	9.1509287322e-02	-1.2362680907e-01	4.9148155899e-01	-6.1510836806e-01
0.543             	5.5324670220e-01	9.1400727504e-02	-1.2352099700e-01	4.9148620370e-01	-6.1500720070e-01
0.5432            	5.5333961121e-01	9.1416638280e-02	-1.2411732897e-01	4.9128094673e-01	-6.1539827569e-01
0.5434            	5.5318074216e-01	9.1139197024e-02	-1.2440761070e-01	4.9097693681e-01	-6.1538454751e-01
0.5436            	5.5328456156e-01	9.1450816362e-02	-1.2394337400e-01	4.9131287456e-01	-6.1525624856e-01
0.5438            	5.5329742320e-01	9.1626496640e-02	-1.2309343021e-01	4.9175070809e-01	-6.1484413830e-01
0.544             	5.5327671520e-01	9.1381296805e-02	-1.2410042783e-01	4.9122650128e-01	-6.1532692911e-01
0.5442            	5.5322927209e-01	9.1297219511e-02	-1.2407431100e-01	4.9119211659e-01	-6.1526642759e-01
0.5444            	5.5324769029e-01	9.1384081669e-02	-1.2405731709e-01	4.9121903174e-01	-6.1527634883e-01
0.5446            	5.5334609424e-01	9.2001087291e-02	-1.2152501401e-01	4.9258358723e-01	-6.1410860124e-01
0.5448            	5.5330654618e-01	9.1316684685e-02	-1.2428090422e-01	4.9116609407e-01	-6.1544699829e-01
0.545             	5.5328426028e-01	9.1477080808e-02	-1.2334742020e-01	4.9161055018e-01	-6.1495797038e-01
0.5452            	5.5329379495e-01	9.1339852498e-02	-1.2428256797e-01	4.9115251097e-01	-6.1543507894e-01
0.5454            	5.5340208630e-01	9.2039195976e-02	-1.2132686496e-01	4.9273865382e-01	-6.1406551878e-01
0.5456            	5.5331571092e-01	9.1283090017e-02	-1.2430254788e-01	4.9116443698e-01	-6.1546698486e-01
0.5458            	5.5332345182e-01	9.1540666298e-02	-1.2306341468e-01	4.9179174448e-01	-6.1485515916e-01
0.546             	5.5329481522e-01	9.1332055650e-02	-1.2415831813e-01	4.9121565616e-01	-6.1537397429e-01
0.5462            	5.5340770579e-01	9.2123640089e-02	-1.2090691042e-01	4.9295425058e-01	-6.1386116100e-01
0.5464            	5.5330133892e-01	9.1285236784e-02	-1.2421681247e-01	4.9119293268e-01	-6.1540974516e-01
0.5466            	5.5330088558e-01	9.1650881873e-02	-1.2265097853e-01	4.9197539632e-01	-6.1462637484e-01
0.5468            	5.5325348697e-01	9.1313519252e-02	-1.2420661018e-01	4.9115018188e-01	-6.1535679206e-01
0.547             	5.5342319495e-01	9.2320577633e-02	-1.2027403893e-01	4.9328617549e-01	-6.1356021442e-01
0.5472            	5.5328009016e-01	9.1236464225e-02	-1.2456288051e-01	4.9099864991e-01	-6.1556153041e-01
0.5474            	5.5329165637e-01	9.1974601942e-02	-1.2156896604e-01	4.9250717335e-01	-6.1407613939e-01
0.5476            	5.5322809152e-01	9.1275102393e-02	-1.2450949354e-01	4.9097334475e-01	-6.1548283829e-01
0.5478            	5.5340681941e-01	9.2561647326e-02	-1.1921047261e-01	4.9380158311e-01	-6.1301205572e-01
0.548             	5.5323625155e-01	9.1198436703e-02	-1.2468920115e-01	4.9089165097e-01	-6.1558085212e-01
0.5482            	5.5335397735e-01	9.2212193997e-02	-1.2067602739e-01	4.9301596366e-01	-6.1369199105e-01
0.5484            	5.5323522898e-01	9.1226093295e-02	-1.2463195388e-01	4.9091925203e-01	-6.1555120592e-01
0.5486            	5.5341168218e-01	9.2674722361e-02	-1.1850045017e-01	4.9416145709e-01	-6.1266190726e-01
0.5488            	5.5323765231e-01	9.1177275293e-02	-1.2459640077e-01	4.9093945192e-01	-6.1553585269e-01
0.549             	5.5343970239e-01	9.2384138886e-02	-1.1999462552e-01	4.9344238963e-01	-6.1343701516e-01
0.5492            	5.5324862845e-01	9.1194268755e-02	-1.2465685760e-01	4.9092019965e-01	-6.1557705725e-01
0.5494            	5.5351905136e-01	9.2613080663e-02	-1.1902992850e-01	4.9400408711e-01	-6.1303401561e-01
0.5496            	5.5330735119e-01	9.1128071646e-02	-1.2494344999e-01	4.9083562619e-01	-6.1577907618e-01
0.5498            	5.5344100221e-01	9.2351851390e-02	-1.2018002144e-01	4.9335099149e-01	-6.1353101293e-01
0.55              	5.5325776834e-01	9.1170657528e-02	-1.2481909850e-01	4.9084821909e-01	-6.1566731759e-01
0.5502            	5.5345767700e-01	9.2589903260e-02	-1.1909290795e-01	4.9391122302e-01	-6.1300413098e-01
0.5504            	5.5321406603e-01	9.1135153618e-02	-1.2468610944e-01	4.9087101132e-01	-6.1555712075e-01
0.5506            	5.5342510193e-01	9.2435508924e-02	-1.1985389356e-01	4.9349815515e-01	-6.1335204871e-01
0.5508            	5.5316611599e-01	9.1171762546e-02	-1.2465749830e-01	4.9083736684e-01	-6.1549486513e-01
0.551             	5.5342970576e-01	9.2615645823e-02	-1.1905298732e-01	4.9390321210e-01	-6.1295619942e-01
0.5512            	5.5323813209e-01	9.1110340773e-02	-1.2504444666e-01	4.9071590876e-01	-6.1576035542e-01
0.5514            	5.5341383704e-01	9.2535334159e-02	-1.1941822924e-01	4.9370472242e-01	-6.1312295165e-01
0.5516            	5.5313571287e-01	9.1166513306e-02	-1.2461197256e-01	4.9082972658e-01	-6.1544169915e-01
0.5518            	5.5346907918e-01	9.2491736528e-02	-1.1984540611e-01	4.9354637613e-01	-6.1339178224e-01
0.552             	5.5323181537e-01	9.1095269078e-02	-1.2494286543e-01	4.9076038265e-01	-6.1570324808e-01
0.5522            	5.5345000196e-01	9.2510872125e-02	-1.1939072828e-01	4.9375463782e-01	-6.1314536610e-01
0.5524            	5.5323572295e-01	9.1083800635e-02	-1.2501617645e-01	4.9072763473e-01	-6.1574381117e-01
0.5526            	5.5345692235e-01	9.2367213758e-02	-1.2018578430e-01	4.9336403020e-01	-6.1354981450e-01
0.5528            	5.5324940605e-01	9.1083575387e-02	-1.2480549711e-01	4.9084665750e-01	-6.1565215461e-01
0.553             	5.5346665987e-01	9.2406187124e-02	-1.1994838754e-01	4.9349246610e-01	-6.1344085364e-01
0.5532            	5.5322270319e-01	9.1066694357e-02	-1.2490112848e-01	4.9077213895e-01	-6.1567326743e-01
0.5534            	5.5344954218e-01	9.2301717542e-02	-1.2053341741e-01	4.9318283348e-01	-6.1371625089e-01
0.5536            	5.5322945804e-01	9.1073367870e-02	-1.2483784396e-01	4.9081053606e-01	-6.1564838002e-01
0.5538            	5.5348157122e-01	9.2362474634e-02	-1.2023095243e-01	4.9336609501e-01	-6.1359704744e-01
0.554             	5.5323487497e-01	9.1043538820e-02	-1.2509162467e-01	4.9068906264e-01	-6.1578068731e-01
0.5542            	5.5346289148e-01	9.2308677511e-02	-1.2049156620e-01	4.9321710838e-01	-6.1370867458e-01
0.5544            	5.5324218792e-01	9.1060137128e-02	-1.2497826042e-01	4.9075305771e-01	-6.1573131813e-01
0.5546            	5.5341006845e-01	9.2365497420e-02	-1.2012257282e-01	4.9334878203e-01	-6.1347135486e-01
0.5548            	5.5314707894e-01	9.1085020738e-02	-1.2477479689e-01	4.9075968049e-01	-6.1553447738e-01
0.555             	5.5339575410e-01	9.2290113622e-02	-1.2052700202e-01	4.9313225309e-01	-6.1365925511e-01
0.5552            	5.5318783513e-01	9.1046941806e-02	-1.2497942710e-01	4.9069812158e-01	-6.1567754869e-01
0.5554            	5.5343324756e-01	9.2239991307e-02	-1.2080055542e-01	4.9303296986e-01	-6.1383352527e-01
0.5556            	5.5315158045e-01	9.1014556752e-02	-1.2504198095e-01	4.9063058997e-01	-6.1567257093e-01
0.5558            	5.5339471003e-01	9.2088675696e-02	-1.2152769156e-01	4.9263086425e-01	-6.1415855581e-01
0.556             	5.5319847770e-01	9.1038698032e-02	-1.2493514920e-01	4.9073090310e-01	-6.1566605229e-01
0.5562            	5.5341906202e-01	9.2076445392e-02	-1.2155843019e-01	4.9263984693e-01	-6.1419827712e-01
0.5564            	5.5320244048e-01	9.0983419737e-02	-1.2519974209e-01	4.9060256943e-01	-6.1580231152e-01
0.5566            	5.5340006314e-01	9.2022336429e-02	-1.2171460757e-01	4.9254275936e-01	-6.1425736693e-01
0.5568            	5.5325346012e-01	9.1015160629e-02	-1.2496618013e-01	4.9077037005e-01	-6.1573655019e-01
0.557             	5.5343163867e-01	9.2005931056e-02	-1.2171702021e-01	4.9257312857e-01	-6.1429014878e-01
0.5572            	5.5321152244e-01	9.0976196251e-02	-1.2507828060e-01	4.9067238214e-01	-6.1575066274e-01
0.5574            	5.5338755368e-01	9.1943095169e-02	-1.2200482687e-01	4.9238514024e-01	-6.1438996711e-01
0.5576            	5.5323911157e-01	9.1035490854e-02	-1.2485919408e-01	4.9080951453e-01	-6.1566870861e-01
0.5578            	5.5342314312e-01	9.1885618799e-02	-1.2236148593e-01	4.9224240015e-01	-6.1460388608e-01
0.558             	5.5322710860e-01	9.0939449269e-02	-1.2542599166e-01	4.9051411277e-01	-6.1594010443e-01
0.5582            	5.5332720063e-01	9.1823612146e-02	-1.2249436949e-01	4.9208001588e-01	-6.1457438537e-01
0.5584            	5.5322524934e-01	9.1045485274e-02	-1.2498817129e-01	4.9073116370e-01	-6.1571933499e-01
0.5586            	5.5337374291e-01	9.1742215832e-02	-1.2294578989e-01	4.9190084797e-01	-6.1484663786e-01
0.5588            	5.5316654658e-01	9.0975520489e-02	-1.2508994840e-01	4.9062157238e-01	-6.1571152079e-01
0.559             	5.5334973183e-01	9.1701514495e-02	-1.2307863721e-01	4.9181041322e-01	-6.1488905043e-01
0.5592            	5.5320267105e-01	9.1100672660e-02	-1.2460202777e-01	4.9090165716e-01	-6.1550368493e-01
0.5594            	5.5335091408e-01	9.1732741185e-02	-1.2279386038e-01	4.9195398389e-01	-6.1474784427e-01
0.5596            	5.5315128507e-01	9.1014182589e-02	-1.2483969463e-01	4.9073143775e-01	-6.1557113238e-01
0.5598            	5.5331835653e-01	9.1832727297e-02	-1.2231957382e-01	4.9215856962e-01	-6.1447814344e-01
0.56              	5.5322033949e-01	9.1119007592e-02	-1.2453644016e-01	4.9095211941e-01	-6.1548855957e-01
0.5602            	5.5341263385e-01	9.1933020279e-02	-1.2198056043e-01	4.9242235364e-01	-6.1440291407e-01
0.5604            	5.5324049129e-01	9.0993526503e-02	-1.2514712213e-01	4.9066693022e-01	-6.1581405236e-01
0.5606            	5.5342861815e-01	9.1992987647e-02	-1.2183254777e-01	4.9251234427e-01	-6.1434489204e-01
0.5608            	5.5328131041e-01	9.1019998691e-02	-1.2510448728e-01	4.9072906677e-01	-6.1583355405e-01
0.561             	5.5341982164e-01	9.2014615331e-02	-1.2184186162e-01	4.9249889083e-01	-6.1434075245e-01
0.5612            	5.5319604049e-01	9.0982262194e-02	-1.2526242483e-01	4.9056482807e-01	-6.1582725291e-01
0.5614            	5.5337435490e-01	9.1957886381e-02	-1.2218522968e-01	4.9228174006e-01	-6.1446696974e-01
0.5616            	5.5316494473e-01	9.1038094597e-02	-1.2489237451e-01	4.9071875747e-01	-6.1561113198e-01
0.5618            	5.5340875406e-01	9.1937040409e-02	-1.2227054369e-01	4.9227348221e-01	-6.1454402590e-01
0.562             	5.5319720288e-01	9.0927151507e-02	-1.2557537084e-01	4.9040951746e-01	-6.1598488830e-01
0.5622            	5.5332054760e-01	9.1829229136e-02	-1.2258061500e-01	4.9203024010e-01	-6.1461085510e-01
0.5624            	5.5322173813e-01	9.1035328809e-02	-1.2503171504e-01	4.9070588062e-01	-6.1573759565e-01
0.5626            	5.5332401733e-01	9.1832040974e-02	-1.2238480216e-01	4.9213161625e-01	-6.1451641841e-01
0.5628            	5.5316918729e-01	9.0977137335e-02	-1.2512307314e-01	4.9060765072e-01	-6.1573072386e-01
0.563             	5.5331676456e-01	9.1811890930e-02	-1.2244835014e-01	4.9209258949e-01	-6.1454093962e-01
0.5632            	5.5320117836e-01	9.1072190761e-02	-1.2473347368e-01	4.9083444152e-01	-6.1556791520e-01
0.5634            	5.5334308496e-01	9.1771453057e-02	-1.2267599659e-01	4.9200508667e-01	-6.1468108326e-01
0.5636            	5.5316286700e-01	9.0981207572e-02	-1.2506654129e-01	4.9062959636e-01	-6.1569613764e-01
0.5638            	5.5330525458e-01	9.1717207400e-02	-1.2295377967e-01	4.9182836474e-01	-6.1478214441e-01
0.564             	5.5322461910e-01	9.1083653551e-02	-1.2482677067e-01	4.9081123377e-01	-6.1563800444e-01
0.5642            	5.5332040110e-01	9.1661287897e-02	-1.2316957018e-01	4.9173561601e-01	-6.1490518620e-01
0.5644            	5.5318528275e-01	9.0985700425e-02	-1.2515515171e-01	4.9060770689e-01	-6.1576285860e-01
0.5646            	5.5327312369e-01	9.1657718141e-02	-1.2310455710e-01	4.9172084514e-01	-6.1482540224e-01
0.5648            	5.5322145487e-01	9.1169936349e-02	-1.2441087501e-01	4.9101601736e-01	-6.1542689237e-01
0.565             	5.5333568091e-01	9.1577628122e-02	-1.2347953215e-01	4.9159591483e-01	-6.1507544698e-01
0.5652            	5.5321246496e-01	9.1016646606e-02	-1.2492770529e-01	4.9074861231e-01	-6.1567631761e-01
0.5654            	5.5332111249e-01	9.1552665450e-02	-1.2357479696e-01	4.9153371401e-01	-6.1510851097e-01
0.5656            	5.5324397184e-01	9.1255906225e-02	-1.2410129184e-01	4.9119332593e-01	-6.1529461776e-01
0.5658            	5.5332724696e-01	9.1500340692e-02	-1.2371092353e-01	4.9147178519e-01	-6.1518270872e-01
0.566             	5.5321319733e-01	9.1042087754e-02	-1.2483892703e-01	4.9079373381e-01	-6.1563266084e-01
0.5662            	5.5330472361e-01	9.1491444783e-02	-1.2372641429e-01	4.9144151646e-01	-6.1516793075e-01
0.5664            	5.5327828335e-01	9.1387217895e-02	-1.2375767809e-01	4.9139944431e-01	-6.1515712239e-01
0.5666            	5.5330066909e-01	9.1446856253e-02	-1.2376390525e-01	4.9141871646e-01	-6.1518262171e-01
0.5668            	5.5322479849e-01	9.1126783390e-02	-1.2448959276e-01	4.9098000211e-01	-6.1546959487e-01
0.567             	5.5329992809e-01	9.1423544854e-02	-1.2399780264e-01	4.9130102678e-01	-6.1529882941e-01
0.5672            	5.5331814970e-01	9.1574345488e-02	-1.2306673548e-01	4.9178478196e-01	-6.1485151744e-01
0.5674            	5.5332291337e-01	9.1373189595e-02	-1.2404115710e-01	4.9130233482e-01	-6.1534349192e-01
0.5676            	5.5325598597e-01	9.1213244007e-02	-1.2413329397e-01	4.9118933899e-01	-6.1532263296e-01
0.5678            	5.5333168701e-01	9.1379320145e-02	-1.2414965009e-01	4.9125686196e-01	-6.1540651206e-01
0.568             	5.5333618720e-01	9.1697296083e-02	-1.2251116279e-01	4.9208060580e-01	-6.1459176859e-01
0.5682            	5.5333567598e-01	9.1359594857e-02	-1.2405624453e-01	4.9130755371e-01	-6.1536379824e-01
0.5684            	5.5329864004e-01	9.1287893532e-02	-1.2398550091e-01	4.9130588958e-01	-6.1529139049e-01
0.5686            	5.5330987333e-01	9.1377285804e-02	-1.2408582634e-01	4.9126696016e-01	-6.1535278649e-01
0.5688            	5.5333531026e-01	9.1853478486e-02	-1.2193122639e-01	4.9236969706e-01	-6.1430092346e-01
0.569             	5.5328209464e-01	9.1335822948e-02	-1.2407907493e-01	4.9124255718e-01	-6.1532163210e-01
0.5692            	5.5322778469e-01	9.1451082066e-02	-1.2335813386e-01	4.9154871776e-01	-6.1490685162e-01
0.5694            	5.5325735310e-01	9.1344197404e-02	-1.2424658338e-01	4.9113406141e-01	-6.1538064479e-01
0.5696            	5.5332981143e-01	9.2145568368e-02	-1.2103517233e-01	4.9281222527e-01	-6.1384739760e-01
0.5698            	5.5322796560e-01	9.1305040344e-02	-1.2423001837e-01	4.9111295641e-01	-6.1534297478e-01
0.57              	5.5328555357e-01	9.1741399163e-02	-1.2257395506e-01	4.9199857604e-01	-6.1457253110e-01
0.5702            	5.5322174352e-01	9.1314740679e-02	-1.2424105616e-01	4.9110121544e-01	-6.1534227160e-01
0.5704            	5.5347876395e-01	9.2462286201e-02	-1.1987708826e-01	4.9354021982e-01	-6.1341730808e-01
0.5706            	5.5323622959e-01	9.1233429151e-02	-1.2440690936e-01	4.9103277491e-01	-6.1543968427e-01
0.5708            	5.5341696522e-01	9.1989746034e-02	-1.2166787382e-01	4.9258302831e-01	-6.1425090213e-01
0.571             	5.5324588430e-01	9.1239397844e-02	-1.2442526217e-01	4.9103325321e-01	-6.1545851538e-01
0.5712            	5.5350492065e-01	9.2558021222e-02	-1.1909607662e-01	4.9395688234e-01	-6.1305295896e-01
0.5714            	5.5329719885e-01	9.1192552661e-02	-1.2450763492e-01	4.9104338139e-01	-6.1555101631e-01
0.5716            	5.5341814510e-01	9.2123676207e-02	-1.2095433598e-01	4.9294097711e-01	-6.1389531308e-01
0.5718            	5.5328840113e-01	9.1226575696e-02	-1.2457421099e-01	4.9100129563e-01	-6.1557550662e-01
0.572             	5.5347053050e-01	9.2544958462e-02	-1.1914031569e-01	4.9390037265e-01	-6.1304068834e-01
0.5722            	5.5329365907e-01	9.1195147939e-02	-1.2455466168e-01	4.9101632823e-01	-6.1557098992e-01
0.5724            	5.5342571412e-01	9.2094384055e-02	-1.2118637010e-01	4.9283252907e-01	-6.1401889917e-01
0.5726            	5.5321793108e-01	9.1233785804e-02	-1.2443341954e-01	4.9100122131e-01	-6.1543464085e-01
0.5728            	5.5343982367e-01	9.2564308308e-02	-1.1911205533e-01	4.9388379601e-01	-6.1299585134e-01
0.573             	5.5322634017e-01	9.1188388914e-02	-1.2455229477e-01	4.9095019278e-01	-6.1550248756e-01
0.5732            	5.5339883387e-01	9.2224224351e-02	-1.2075337906e-01	4.9302214434e-01	-6.1377552340e-01
0.5734            	5.5317907842e-01	9.1235828396e-02	-1.2444895418e-01	4.9095460133e-01	-6.1540355551e-01
0.5736            	5.5341961690e-01	9.2660059146e-02	-1.1876409105e-01	4.9403757137e-01	-6.1280166243e-01
0.5738            	5.5319505148e-01	9.1182290969e-02	-1.2456884487e-01	4.9091062904e-01	-6.1547947392e-01
0.574             	5.5341531169e-01	9.2505567685e-02	-1.1954942121e-01	4.9364060109e-01	-6.1319002230e-01
0.5742            	5.5319197361e-01	9.1172766863e-02	-1.2481217721e-01	4.9078588501e-01	-6.1559806222e-01
0.5744            	5.5341977128e-01	9.2576663219e-02	-1.1923542780e-01	4.9380205738e-01	-6.1303748517e-01
0.5746            	5.5324044198e-01	9.1122535394e-02	-1.2497956338e-01	4.9075066029e-01	-6.1573022367e-01
0.5748            	5.5344242505e-01	9.2527127405e-02	-1.1938361651e-01	4.9375061680e-01	-6.1313423330e-01
0.575             	5.5321558845e-01	9.1117883585e-02	-1.2483477912e-01	4.9079819890e-01	-6.1563297801e-01
0.5752            	5.5345758462e-01	9.2447076973e-02	-1.1978904732e-01	4.9356306096e-01	-6.1335210828e-01
0.5754            	5.5322932032e-01	9.1098630061e-02	-1.2474678451e-01	4.9085592806e-01	-6.1560271257e-01
0.5756            	5.5351839928e-01	9.2465236852e-02	-1.1978668043e-01	4.9362505906e-01	-6.1341173949e-01
0.5758            	5.5320423571e-01	9.1083797271e-02	-1.2481145044e-01	4.9079851049e-01	-6.1560996093e-01
0.576             	5.5347302302e-01	9.2372538587e-02	-1.2024072719e-01	4.9335265942e-01	-6.1359338662e-01
0.5762            	5.5323600347e-01	9.1066443506e-02	-1.2489446338e-01	4.9078877178e-01	-6.1568323516e-01
0.5764            	5.5345596921e-01	9.2408320990e-02	-1.1995687476e-01	4.9347753183e-01	-6.1343440659e-01
0.5766            	5.5320691162e-01	9.1061200899e-02	-1.2502439635e-01	4.9069471345e-01	-6.1571910979e-01
0.5768            	5.5340399837e-01	9.2379909191e-02	-1.2009704310e-01	4.9335547681e-01	-6.1345251992e-01
0.577             	5.5319783696e-01	9.1084215748e-02	-1.2481344251e-01	4.9079111570e-01	-6.1560455822e-01
0.5772            	5.5339093814e-01	9.2413954678e-02	-1.1986433981e-01	4.9345876823e-01	-6.1332310804e-01
0.5774            	5.5315709480e-01	9.1093277838e-02	-1.2482848444e-01	4.9074285258e-01	-6.1557133702e-01
0.5776            	5.5343487276e-01	9.2297142148e-02	-1.2069233134e-01	4.9308870709e-01	-6.1378103843e-01
0.5778            	5.5321173575e-01	9.1025397113e-02	-1.2532583015e-01	4.9054882067e-01	-6.1587465082e-01
0.578             	5.5337675027e-01	9.2229321782e-02	-1.2095575457e-01	4.9289887298e-01	-6.1385462756e-01
0.5782            	5.5317307911e-01	9.1022870050e-02	-1.2531685008e-01	4.9051465407e-01	-6.1583150416e-01
0.5784            	5.5338124808e-01	9.2090983155e-02	-1.2164984065e-01	4.9255632775e-01	-6.1420616840e-01
0.5786            	5.5316337415e-01	9.1003337415e-02	-1.2519546537e-01	4.9056564146e-01	-6.1576110684e-01
0.5788            	5.5343218612e-01	9.2084010950e-02	-1.2166114905e-01	4.9260161160e-01	-6.1426276065e-01
0.579             	5.5318781256e-01	9.0978377813e-02	-1.2536399400e-01	4.9050581557e-01	-6.1586980956e-01
0.5792            	5.5341164240e-01	9.2058590629e-02	-1.2174756770e-01	4.9253785855e-01	-6.1428542625e-01
0.5794            	5.5322933781e-01	9.1020165328e-02	-1.2519938140e-01	4.9062964711e-01	-6.1582902851e-01
0.5796            	5.5341812500e-01	9.2223607425e-02	-1.2084977163e-01	4.9299323919e-01	-6.1384301082e-01
0.5798            	5.5321783928e-01	9.1062015763e-02	-1.2507906400e-01	4.9067830728e-01	-6.1575737128e-01
0.58              	5.5342361652e-01	9.2356740345e-02	-1.2009789773e-01	4.9337466765e-01	-6.1347256538e-01
0.5802            	5.5327880123e-01	9.1072250201e-02	-1.2503472510e-01	4.9076143868e-01	-6.1579616378e-01
0.5804            	5.5343165174e-01	9.2088433335e-02	-1.2142420619e-01	4.9271954865e-01	-6.1414375484e-01
0.5806            	5.5326132864e-01	9.1138714378e-02	-1.2483801365e-01	4.9084232181e-01	-6.1568033546e-01
0.5808            	5.5348137674e-01	9.2465065885e-02	-1.1963272773e-01	4.9366501287e-01	-6.1329774061e-01
0.581             	5.5325272449e-01	9.1113314448e-02	-1.2479732660e-01	4.9085406119e-01	-6.1565138779e-01
0.5812            	5.5343357090e-01	9.2403253770e-02	-1.1989196110e-01	4.9348759035e-01	-6.1337955145e-01
0.5814            	5.5322243906e-01	9.1190866749e-02	-1.2465747344e-01	4.9089370234e-01	-6.1555117578e-01
0.5816            	5.5344206876e-01	9.2458602932e-02	-1.1977174546e-01	4.9355619603e-01	-6.1332794149e-01
0.5818            	5.5325742285e-01	9.1273921536e-02	-1.2428455799e-01	4.9111514386e-01	-6.1539970185e-01
0.582             	5.5336986387e-01	9.1905432312e-02	-1.2160152095e-01	4.9256910339e-01	-6.1417062435e-01
0.5822            	5.5331821916e-01	9.1381340534e-02	-1.2424579430e-01	4.9119532201e-01	-6.1544111631e-01
0.5824            	5.5333968793e-01	9.1664124851e-02	-1.2280646365e-01	4.9193645610e-01	-6.1474291976e-01
0.5826            	5.5333277169e-01	9.1634666845e-02	-1.2320283243e-01	4.9173135547e-01	-6.1493418791e-01
0.5828            	5.5320601806e-01	9.1130860824e-02	-1.2473337107e-01	4.9083933253e-01	-6.1557270360e-01
0.583             	5.5332940382e-01	9.1749906674e-02	-1.2294731469e-01	4.9185574648e-01	-6.1480306117e-01
0.5832            	5.5320153870e-01	9.1164858183e-02	-1.2461962161e-01	4.9089172789e-01	-6.1551134950e-01
0.5834            	5.5333880024e-01	9.1843939441e-02	-1.2233569328e-01	4.9217095360e-01	-6.1450664688e-01
0.5836            	5.5315646400e-01	9.0989884672e-02	-1.2504973847e-01	4.9063159477e-01	-6.1568133324e-01
0.5838            	5.5332862476e-01	9.1777508223e-02	-1.2274459986e-01	4.9195632483e-01	-6.1470092469e-01
0.584             	5.5319661170e-01	9.1094683082e-02	-1.2468459771e-01	4.9085431285e-01	-6.1553891056e-01
0.5842            	5.5340282300e-01	9.1773849660e-02	-1.2287878358e-01	4.9196343121e-01	-6.1484221479e-01
0.5844            	5.5317635096e-01	9.0981666432e-02	-1.2503961396e-01	4.9065654398e-01	-6.1569615794e-01
0.5846            	5.5338087018e-01	9.1720294279e-02	-1.2308248164e-01	4.9183962936e-01	-6.1492211100e-01
0.5848            	5.5329612456e-01	9.1086803771e-02	-1.2487558692e-01	4.9085833110e-01	-6.1573391802e-01
0.585             	5.5340704517e-01	9.1685740528e-02	-1.2330045977e-01	4.9175681528e-01	-6.1505727505e-01
0.5852            	5.5319321992e-01	9.0971272014e-02	-1.2535591823e-01	4.9051526081e-01	-6.1587117903e-01
0.5854            	5.5329326750e-01	9.1696799999e-02	-1.2328136320e-01	4.9165258590e-01	-6.1493394910e-01
0.5856            	5.5319855514e-01	9.1128683603e-02	-1.2491824006e-01	4.9073943511e-01	-6.1565767517e-01
0.5858            	5.5328627933e-01	9.1655505802e-02	-1.2352370560e-01	4.9152442653e-01	-6.1504813213e-01
0.586             	5.5312836271e-01	9.1003965584e-02	-1.2533100592e-01	4.9046285975e-01	-6.1579386567e-01
0.5862            	5.5324259430e-01	9.1641004126e-02	-1.2350833642e-01	4.9148842610e-01	-6.1499676251e-01
0.5864            	5.5319409427e-01	9.1197905467e-02	-1.2461090203e-01	4.9088864325e-01	-6.1549954528e-01
0.5866            	5.5334071260e-01	9.1580051038e-02	-1.2364301242e-01	4.9151920639e-01	-6.1516221881e-01
0.5868            	5.5329912001e-01	9.1007302639e-02	-1.2524228647e-01	4.9067797677e-01	-6.1592026324e-01
0.587             	5.5338170663e-01	9.1527219330e-02	-1.2362602534e-01	4.9156869396e-01	-6.1519471930e-01
0.5872            	5.5345753544e-01	9.1280667287e-02	-1.2422555984e-01	4.9134475552e-01	-6.1557031536e-01
0.5874            	5.5345458273e-01	9.1447187851e-02	-1.2359289814e-01	4.9165813366e-01	-6.1525103180e-01
0.5876            	5.5346063239e-01	9.1073982230e-02	-1.2461839452e-01	4.9115143513e-01	-6.1576982965e-01
0.5878            	5.5351951546e-01	9.1402569114e-02	-1.2386838994e-01	4.9158532049e-01	-6.1545371044e-01
0.588             	5.5350034819e-01	9.1540205231e-02	-1.2294444947e-01	4.9202812345e-01	-6.1497257292e-01
0.5882            	5.5351159971e-01	9.1337002672e-02	-1.2405172959e-01	4.9148573491e-01	-6.1553746450e-01
0.5884            	5.5339277053e-01	9.1229944000e-02	-1.2392881444e-01	4.9142836331e-01	-6.1535717775e-01
0.5886            	5.5343355105e-01	9.1360819673e-02	-1.2403449550e-01	4.9141630330e-01	-6.1545079880e-01
0.5888            	5.5341644205e-01	9.1775464184e-02	-1.2204388489e-01	4.9239449961e-01	-6.1443838449e-01
0.589             	5.5338702688e-01	9.1350503355e-02	-1.2404595226e-01	4.9136405075e-01	-6.1541000300e-01
0.5892            	5.5334064620e-01	9.1357018176e-02	-1.2369830051e-01	4.9149149594e-01	-6.1518979645e-01
0.5894            	5.5331286338e-01	9.1397681142e-02	-1.2387009592e-01	4.9137781542e-01	-6.1524791134e-01
0.5896            	5.5337273862e-01	9.1871450062e-02	-1.2178899636e-01	4.9247824044e-01	-6.1426723680e-01
0.5898            	5.5332581637e-01	9.1332696300e-02	-1.2404856663e-01	4.9130153305e-01	-6.1535009969e-01
0.59              	5.5327834861e-01	9.1477192287e-02	-1.2317011010e-01	4.9169329356e-01	-6.1486340366e-01
0.5902            	5.5333202623e-01	9.1353932389e-02	-1.2421640291e-01	4.9122382478e-01	-6.1544022769e-01
0.5904            	5.5339521341e-01	9.2207627168e-02	-1.2068300121e-01	4.9305371281e-01	-6.1373671401e-01
0.5906            	5.5330081890e-01	9.1293420094e-02	-1.2426457829e-01	4.9116852975e-01	-6.1543310805e-01
0.5908            	5.5336267018e-01	9.1837488992e-02	-1.2225505955e-01	4.9223514040e-01	-6.1449019995e-01
0.591             	5.5325148015e-01	9.1276568388e-02	-1.2437303103e-01	4.9106496463e-01	-6.1543799566e-01
0.5912            	5.5345676161e-01	9.2542701823e-02	-1.1928480700e-01	4.9381435811e-01	-6.1309916511e-01
0.5914            	5.5329402840e-01	9.1218830297e-02	-1.2457276704e-01	4.9100764488e-01	-6.1558041192e-01
0.5916            	5.5341058398e-01	9.2132895430e-02	-1.2098116307e-01	4.9292000244e-01	-6.1390116551e-01
0.5918            	5.5330558278e-01	9.1236888026e-02	-1.2457695765e-01	4.9101710396e-01	-6.1559406161e-01
0.592             	5.5349399016e-01	9.2591470340e-02	-1.1893179682e-01	4.9402809175e-01	-6.1295988858e-01
0.5922            	5.5326817984e-01	9.1197964748e-02	-1.2438490028e-01	4.9107572970e-01	-6.1546062998e-01
0.5924            	5.5343538870e-01	9.2182894553e-02	-1.2068083286e-01	4.9309497227e-01	-6.1377580512e-01
0.5926            	5.5324240974e-01	9.1265882614e-02	-1.2419750865e-01	4.9114365542e-01	-6.1534116407e-01
0.5928            	5.5347838357e-01	9.2545243617e-02	-1.1920615371e-01	4.9387530671e-01	-6.1308146042e-01
0.593             	5.5326612752e-01	9.1203446937e-02	-1.2444617256e-01	4.9104304123e-01	-6.1548921380e-01
0.5932            	5.5339936920e-01	9.2198798026e-02	-1.2061864999e-01	4.9309004421e-01	-6.1370869419e-01
0.5934            	5.5329579649e-01	9.1238284500e-02	-1.2451813128e-01	4.9103673085e-01	-6.1555486213e-01
0.5936            	5.5349129958e-01	9.2581269444e-02	-1.1911234176e-01	4.9393512870e-01	-6.1304747046e-01
0.5938            	5.5324529507e-01	9.1146226169e-02	-1.2468250567e-01	4.9090404223e-01	-6.1558654791e-01
0.594             	5.5345745657e-01	9.2399168616e-02	-1.2011848502e-01	4.9339821406e-01	-6.1351669908e-01
0.5942            	5.5326904849e-01	9.1137573537e-02	-1.2505391546e-01	4.9074209076e-01	-6.1579600622e-01
0.5944            	5.5342613835e-01	9.2568383930e-02	-1.1917303930e-01	4.9383961870e-01	-6.1301265800e-01
0.5946            	5.5326080820e-01	9.1097440547e-02	-1.2504717980e-01	4.9073721830e-01	-6.1578439810e-01
0.5948            	5.5344527232e-01	9.2419439801e-02	-1.2005519248e-01	4.9341767608e-01	-6.1347286856e-01
0.595             	5.5320844581e-01	9.1149781435e-02	-1.2482938430e-01	4.9079375366e-01	-6.1562313796e-01
0.5952            	5.5343697999e-01	9.2514958758e-02	-1.1950174621e-01	4.9368610688e-01	-6.1318785309e-01
0.5954            	5.5325572932e-01	9.1128529225e-02	-1.2494125663e-01	4.9078510101e-01	-6.1572635764e-01
0.5956            	5.5339825602e-01	9.2048676155e-02	-1.2155402820e-01	4.9262124192e-01	-6.1417527012e-01
0.5958            	5.5326033874e-01	9.1206536768e-02	-1.2480298526e-01	4.9085884610e-01	-6.1566183137e-01
0.596             	5.5340217896e-01	9.2214975741e-02	-1.2066607035e-01	4.9306914379e-01	-6.1373521413e-01
0.5962            	5.5328060159e-01	9.1228631263e-02	-1.2456672629e-01	4.9099723845e-01	-6.1556396474e-01
0.5964            	5.5334958958e-01	9.1818703514e-02	-1.2217077281e-01	4.9226420318e-01	-6.1443497599e-01
0.5966            	5.5328569156e-01	9.1286125455e-02	-1.2442621240e-01	4.9107258536e-01	-6.1549879776e-01
0.5968            	5.5343812220e-01	9.2305470962e-02	-1.2028244930e-01	4.9329689756e-01	-6.1357934685e-01
0.597             	5.5328526722e-01	9.1241640220e-02	-1.2444915171e-01	4.9106069136e-01	-6.1550984308e-01
0.5972            	5.5331829409e-01	9.1810990679e-02	-1.2217385136e-01	4.9223136841e-01	-6.1440521977e-01
0.5974            	5.5328550913e-01	9.1309968375e-02	-1.2442669875e-01	4.9107215975e-01	-6.1549885851e-01
0.5976            	5.5340358095e-01	9.2105832836e-02	-1.2123106130e-01	4.9278805031e-01	-6.1401911160e-01
0.5978            	5.5330625652e-01	9.1351332718e-02	-1.2413406497e-01	4.9123922404e-01	-6.1537328901e-01
0.598             	5.5330909232e-01	9.1777297618e-02	-1.2218030067e-01	4.9221894198e-01	-6.1439924265e-01
0.5982            	5.5328755532e-01	9.1420111819e-02	-1.2392860583e-01	4.9132325241e-01	-6.1525185824e-01
0.5984            	5.5333206350e-01	9.1834239526e-02	-1.2198957971e-01	4.9233727364e-01	-6.1432685335e-01
0.5986            	5.5331173471e-01	9.1470114942e-02	-1.2373476665e-01	4.9144435138e-01	-6.1517911803e-01
0.5988            	5.5324617008e-01	9.1443290312e-02	-1.2349951429e-01	4.9149641293e-01	-6.1499592722e-01
0.599             	5.5326555900e-01	9.1421618013e-02	-1.2411657828e-01	4.9120726986e-01	-6.1532384814e-01
0.5992            	5.5328167677e-01	9.1771018094e-02	-1.2246230953e-01	4.9205052201e-01	-6.1451283154e-01
0.5994            	5.5328352728e-01	9.1371803340e-02	-1.2422657161e-01	4.9117024148e-01	-6.1539681309e-01
0.5996            	5.5325327185e-01	9.1347041485e-02	-1.2398984199e-01	4.9125835086e-01	-6.1524819285e-01
0.5998            	5.5331759778e-01	9.1319276519e-02	-1.2471573953e-01	4.9095972802e-01	-6.1567546755e-01
0.6               	5.5337131561e-01	9.1934742898e-02	-1.2201099004e-01	4.9236582059e-01	-6.1437681063e-01
0.6002            	5.5333030277e-01	9.1305512001e-02	-1.2455384077e-01	4.9105338238e-01	-6.1560722315e-01
0.6004            	5.5329167463e-01	9.1531304674e-02	-1.2333754366e-01	4.9162290280e-01	-6.1496044646e-01
0.6006            	5.5327733825e-01	9.1336978355e-02	-1.2440345887e-01	4.9107560882e-01	-6.1547906769e-01
0.6008            	5.5341518041e-01	9.2212070129e-02	-1.2094416009e-01	4.9294310036e-01	-6.1388726046e-01
0.601             	5.5326492906e-01	9.1264849648e-02	-1.2455725568e-01	4.9098630122e-01	-6.1554355689e-01
0.6012            	5.5330006395e-01	9.1849255058e-02	-1.2226354350e-01	4.9216829220e-01	-6.1443183570e-01
0.6014            	5.5321186257e-01	9.1292806916e-02	-1.2455004919e-01	4.9093683798e-01	-6.1548688717e-01
0.6016            	5.5342184838e-01	9.2541098896e-02	-1.1951375531e-01	4.9366497072e-01	-6.1317872603e-01
0.6018            	5.5326700057e-01	9.1222863759e-02	-1.2471649609e-01	4.9090875252e-01	-6.1562524861e-01
0.602             	5.5342588697e-01	9.2171806841e-02	-1.2101608338e-01	4.9291784528e-01	-6.1393392866e-01
0.6022            	5.5329009889e-01	9.1235275274e-02	-1.2464527068e-01	4.9096746355e-01	-6.1561273423e-01
0.6024            	5.5352423315e-01	9.2678291262e-02	-1.1858398817e-01	4.9423223906e-01	-6.1281622723e-01
0.6026            	5.5336897921e-01	9.1137023663e-02	-1.2483120539e-01	4.9095337652e-01	-6.1578458191e-01
0.6028            	5.5353228860e-01	9.2423208698e-02	-1.1960991193e-01	4.9372733263e-01	-6.1333724456e-01
0.603             	5.5336325769e-01	9.1164635678e-02	-1.2470064187e-01	4.9101293676e-01	-6.1571357863e-01
0.6032            	5.5355072967e-01	9.2639595145e-02	-1.1857008628e-01	4.9426568653e-01	-6.1283577281e-01
0.6034            	5.5338649108e-01	9.1134229833e-02	-1.2472031336e-01	4.9102633440e-01	-6.1574664776e-01
0.6036            	5.5355422318e-01	9.2448724419e-02	-1.1970069482e-01	4.9370387577e-01	-6.1340457059e-01
0.6038            	5.5334553151e-01	9.1121222835e-02	-1.2499665328e-01	4.9084720487e-01	-6.1584385814e-01
0.604             	5.5352876250e-01	9.2557137219e-02	-1.1922964903e-01	4.9391393799e-01	-6.1314358702e-01
0.6042            	5.5329557834e-01	9.1129405685e-02	-1.2469678491e-01	4.9094718589e-01	-6.1564397079e-01
0.6044            	5.5351664292e-01	9.2410849487e-02	-1.1997291165e-01	4.9353018709e-01	-6.1350309874e-01
0.6046            	5.5328304947e-01	9.1117375545e-02	-1.2491137203e-01	4.9082736346e-01	-6.1573873549e-01
0.6048            	5.5346329249e-01	9.2558122075e-02	-1.1914530939e-01	4.9389063780e-01	-6.1303594719e-01
0.605             	5.5327821325e-01	9.1093810352e-02	-1.2493731618e-01	4.9080955516e-01	-6.1574687134e-01
0.6052            	5.5349698916e-01	9.2509290632e-02	-1.1952953133e-01	4.9373222350e-01	-6.1326175483e-01
0.6054            	5.5321690957e-01	9.1091295314e-02	-1.2497283027e-01	4.9073049443e-01	-6.1570332470e-01
0.6056            	5.5348374481e-01	9.2388076865e-02	-1.2021239728e-01	4.9337754617e-01	-6.1358994346e-01
0.6058            	5.5327544555e-01	9.1052391495e-02	-1.2513632473e-01	4.9070728318e-01	-6.1584360792e-01
0.606             	5.5349597270e-01	9.2397700559e-02	-1.2006738292e-01	4.9346228124e-01	-6.1352966416e-01
0.6062            	5.5322436844e-01	9.1053342556e-02	-1.2500791112e-01	4.9072041288e-01	-6.1572832400e-01
0.6064            	5.5347399960e-01	9.2267829016e-02	-1.2068027219e-01	4.9313386350e-01	-6.1381413569e-01
0.6066            	5.5324448424e-01	9.1078200378e-02	-1.2466989684e-01	4.9090953582e-01	-6.1557943266e-01
0.6068            	5.5349700236e-01	9.2337777371e-02	-1.2020246607e-01	4.9339576932e-01	-6.1359823540e-01
0.607             	5.5321014869e-01	9.1064471592e-02	-1.2472874494e-01	4.9084577622e-01	-6.1557452116e-01
0.6072            	5.5347742431e-01	9.2244744397e-02	-1.2080566161e-01	4.9307459351e-01	-6.1388025512e-01
0.6074            	5.5323232948e-01	9.1075660636e-02	-1.2469339507e-01	4.9088563194e-01	-6.1557902701e-01
0.6076            	5.5346001161e-01	9.2293888592e-02	-1.2044445153e-01	4.9323778585e-01	-6.1368223737e-01
0.6078            	5.5326096256e-01	9.1042482176e-02	-1.2506640752e-01	4.9072775880e-01	-6.1579416632e-01
0.608             	5.5342772529e-01	9.2236388898e-02	-1.2073364734e-01	4.9306090162e-01	-6.1379454896e-01
0.6082            	5.5327199828e-01	9.1055602371e-02	-1.2501064730e-01	4.9076667464e-01	-6.1577732193e-01
0.6084            	5.5344180458e-01	9.2267951522e-02	-1.2064528861e-01	4.9311916027e-01	-6.1376444888e-01
0.6086            	5.5322463970e-01	9.1030922073e-02	-1.2513433706e-01	4.9065747117e-01	-6.1579180822e-01
0.6088            	5.5342234287e-01	9.2153222892e-02	-1.2122436518e-01	4.9281016028e-01	-6.1403452547e-01
0.609             	5.5321024774e-01	9.1045241372e-02	-1.2491866803e-01	4.9075091372e-01	-6.1566958175e-01
0.6092            	5.5344193035e-01	9.2116312293e-02	-1.2143937025e-01	4.9272224523e-01	-6.1416161548e-01
0.6094            	5.5317492994e-01	9.0992929955e-02	-1.2512993768e-01	4.9060996110e-01	-6.1573989878e-01
0.6096            	5.5339888192e-01	9.2000952563e-02	-1.2185468413e-01	4.9247153986e-01	-6.1432622398e-01
0.6098            	5.5322877097e-01	9.1018856832e-02	-1.2501051059e-01	4.9072351568e-01	-6.1573402627e-01
0.61              	5.5343374508e-01	9.1961870499e-02	-1.2201384467e-01	4.9242682275e-01	-6.1444066742e-01
0.6102            	5.5322279664e-01	9.0930156679e-02	-1.2546504029e-01	4.9049027650e-01	-6.1595531679e-01
0.6104            	5.5336080235e-01	9.1905802319e-02	-1.2211004951e-01	4.9230577760e-01	-6.1441582711e-01
0.6106            	5.5323896418e-01	9.1015951764e-02	-1.2495784665e-01	4.9076004085e-01	-6.1571788750e-01
0.6108            	5.5339129006e-01	9.1885272596e-02	-1.2217911356e-01	4.9230173328e-01	-6.1448084684e-01
0.611             	5.5320277900e-01	9.0967987453e-02	-1.2511104745e-01	4.9064725527e-01	-6.1575830273e-01
0.6112            	5.5335369708e-01	9.1866310180e-02	-1.2223704211e-01	4.9223517602e-01	-6.1447221813e-01
0.6114            	5.5322279367e-01	9.1052787930e-02	-1.2468993651e-01	4.9087782542e-01	-6.1556776193e-01
0.6116            	5.5340955656e-01	9.1847132739e-02	-1.2233827093e-01	4.9224042110e-01	-6.1457869203e-01
0.6118            	5.5322182760e-01	9.0958833956e-02	-1.2514247860e-01	4.9065058830e-01	-6.1579306690e-01
0.612             	5.5338117484e-01	9.1830504630e-02	-1.2243141737e-01	4.9216546615e-01	-6.1459688352e-01
0.6122            	5.5326159201e-01	9.1060552179e-02	-1.2474384786e-01	4.9088966808e-01	-6.1563351594e-01
0.6124            	5.5339512293e-01	9.1810613554e-02	-1.2242674048e-01	4.9218175269e-01	-6.1460849318e-01
0.6126            	5.5319318841e-01	9.1005161822e-02	-1.2481327907e-01	4.9078654887e-01	-6.1559982795e-01
0.6128            	5.5332962524e-01	9.1788906829e-02	-1.2240609820e-01	4.9212657614e-01	-6.1453267434e-01
0.613             	5.5321929041e-01	9.1124072572e-02	-1.2437000045e-01	4.9103429019e-01	-6.1540429064e-01
0.6132            	5.5334081656e-01	9.1719773038e-02	-1.2270163015e-01	4.9199000148e-01	-6.1469163163e-01
0.6134            	5.5322017940e-01	9.0974560389e-02	-1.2518448394e-01	4.9062793743e-01	-6.1581242136e-01
0.6136            	5.5332287268e-01	9.1610024737e-02	-1.2339400529e-01	4.9162587004e-01	-6.1501987533e-01
0.6138            	5.5321236106e-01	9.1193767258e-02	-1.2429970451e-01	4.9106250881e-01	-6.1536221332e-01
0.614             	5.5332180375e-01	9.1537130617e-02	-1.2356460959e-01	4.9153949895e-01	-6.1510410854e-01
0.6142            	5.5321889908e-01	9.1025378361e-02	-1.2487431817e-01	4.9078173999e-01	-6.1565605816e-01
0.6144            	5.5333644522e-01	9.1496011264e-02	-1.2383864065e-01	4.9141712490e-01	-6.1525576554e-01
0.6146            	5.5331598537e-01	9.1318836227e-02	-1.2407856740e-01	4.9127670167e-01	-6.1535526907e-01
0.6148            	5.5337940227e-01	9.1416811910e-02	-1.2428909219e-01	4.9123485617e-01	-6.1552394836e-01
0.615             	5.5320328302e-01	9.1032875314e-02	-1.2485619795e-01	4.9077518404e-01	-6.1563138199e-01
0.6152            	5.5331803139e-01	9.1460714293e-02	-1.2397494208e-01	4.9133056035e-01	-6.1530550242e-01
0.6154            	5.5330671729e-01	9.1248313611e-02	-1.2429427499e-01	4.9115957980e-01	-6.1545385479e-01
0.6156            	5.5335897918e-01	9.1456133556e-02	-1.2387763507e-01	4.9142016164e-01	-6.1529779671e-01
0.6158            	5.5323794888e-01	9.1037494277e-02	-1.2481024765e-01	4.9083282506e-01	-6.1564307271e-01
0.616             	5.5336114258e-01	9.1511134081e-02	-1.2376795976e-01	4.9147716270e-01	-6.1524512246e-01
0.6162            	5.5328705367e-01	9.1225269990e-02	-1.2427456668e-01	4.9114977033e-01	-6.1542433701e-01
0.6164            	5.5334781857e-01	9.1532112784e-02	-1.2355353658e-01	4.9157105028e-01	-6.1512458686e-01
0.6166            	5.5320174770e-01	9.1054344410e-02	-1.2465542604e-01	4.9087403468e-01	-6.1552946072e-01
0.6168            	5.5332080123e-01	9.1613731997e-02	-1.2319817924e-01	4.9172171161e-01	-6.1491989085e-01
0.617             	5.5327813945e-01	9.1241640549e-02	-1.2423976859e-01	4.9115825515e-01	-6.1539802375e-01
0.6172            	5.5338305196e-01	9.1684664017e-02	-1.2295667166e-01	4.9190471613e-01	-6.1486138779e-01
0.6174            	5.5323402562e-01	9.1015701263e-02	-1.2493070269e-01	4.9076867428e-01	-6.1569937697e-01
0.6176            	5.5339879758e-01	9.1791116335e-02	-1.2266454308e-01	4.9206652605e-01	-6.1473106912e-01
0.6178            	5.5327667625e-01	9.1127092717e-02	-1.2465691288e-01	4.9094821981e-01	-6.1560513269e-01
0.618             	5.5337318185e-01	9.1906059483e-02	-1.2190558051e-01	4.9242039159e-01	-6.1432597210e-01
0.6182            	5.5325403907e-01	9.0973552955e-02	-1.2525230518e-01	4.9062788648e-01	-6.1588019166e-01
0.6184            	5.5338520573e-01	9.1946357219e-02	-1.2195118532e-01	4.9240961307e-01	-6.1436079839e-01
0.6186            	5.5327144012e-01	9.1077246533e-02	-1.2468888250e-01	4.9092699887e-01	-6.1561588137e-01
0.6188            	5.5343037096e-01	9.2001644620e-02	-1.2169014330e-01	4.9258529931e-01	-6.1427544261e-01
0.619             	5.5323429201e-01	9.1001452692e-02	-1.2499551334e-01	4.9073653533e-01	-6.1573204868e-01
0.6192            	5.5344417778e-01	9.1933054061e-02	-1.2219876366e-01	4.9234479595e-01	-6.1454355961e-01
0.6194            	5.5328597685e-01	9.1045579916e-02	-1.2502441932e-01	4.9077376719e-01	-6.1579818652e-01
0.6196            	5.5346382379e-01	9.1998032290e-02	-1.2202741617e-01	4.9245011571e-01	-6.1447753188e-01
0.6198            	5.5322972586e-01	9.0977411100e-02	-1.2557271351e-01	4.9044336911e-01	-6.1601608262e-01
0.62              	5.5337883988e-01	9.2058975521e-02	-1.2177686803e-01	4.9249040586e-01	-6.1426727389e-01
0.6202            	5.5319604500e-01	9.1033073452e-02	-1.2529151002e-01	4.9055028999e-01	-6.1584180001e-01
0.6204            	5.5336585022e-01	9.2128259878e-02	-1.2148374706e-01	4.9262397670e-01	-6.1410772375e-01
0.6206            	5.5313576000e-01	9.1008936701e-02	-1.2535670145e-01	4.9045740927e-01	-6.1581411072e-01
0.6208            	5.5334761427e-01	9.2121791278e-02	-1.2153078143e-01	4.9258222356e-01	-6.1411300499e-01
0.621             	5.5317842927e-01	9.1080429516e-02	-1.2492495282e-01	4.9071595286e-01	-6.1564090568e-01
0.6212            	5.5341366126e-01	9.2266157342e-02	-1.2070731517e-01	4.9306000368e-01	-6.1376731884e-01
0.6214            	5.5324119071e-01	9.1060188957e-02	-1.2501509779e-01	4.9073364181e-01	-6.1574873960e-01
0.6216            	5.5353168298e-01	9.2304976467e-02	-1.2058633644e-01	4.9323851476e-01	-6.1382485120e-01
0.6218            	5.5339086563e-01	9.1197201334e-02	-1.2448160937e-01	4.9115006095e-01	-6.1563167032e-01
0.622             	5.5355245403e-01	9.1990050319e-02	-1.2141552323e-01	4.9284469242e-01	-6.1426021565e-01
0.6222            	5.5342528289e-01	9.1255086784e-02	-1.2439828799e-01	4.9122613890e-01	-6.1562442689e-01
0.6224            	5.5353115194e-01	9.1835672806e-02	-1.2229286251e-01	4.9238472068e-01	-6.1467758319e-01
0.6226            	5.5341917950e-01	9.1479627205e-02	-1.2345594824e-01	4.9169120538e-01	-6.1514715362e-01
0.6228            	5.5341767898e-01	9.1652350045e-02	-1.2264537789e-01	4.9209499003e-01	-6.1474036792e-01
0.623             	5.5338044381e-01	9.1515759538e-02	-1.2365149658e-01	4.9155469552e-01	-6.1520619210e-01
0.6232            	5.5332338647e-01	9.1545349252e-02	-1.2316066830e-01	4.9174305232e-01	-6.1490372062e-01
0.6234            	5.5335637381e-01	9.1669237264e-02	-1.2298545578e-01	4.9186364592e-01	-6.1484910170e-01
0.6236            	5.5321697889e-01	9.1076543899e-02	-1.2471655832e-01	4.9085869973e-01	-6.1557525805e-01
0.6238            	5.5334498973e-01	9.1643823336e-02	-1.2317263794e-01	4.9175867076e-01	-6.1493130870e-01
0.624             	5.5330699910e-01	9.1197894221e-02	-1.2428359548e-01	4.9116520136e-01	-6.1544879684e-01
0.6242            	5.5343520402e-01	9.1594688601e-02	-1.2339538992e-01	4.9173750906e-01	-6.1513289898e-01
0.6244            	5.5330091483e-01	9.0979744156e-02	-1.2510195618e-01	4.9074993674e-01	-6.1585189292e-01
0.6246            	5.5344755489e-01	9.1528866539e-02	-1.2383387362e-01	4.9153061808e-01	-6.1536449170e-01
0.6248            	5.5331971554e-01	9.1203944415e-02	-1.2446342190e-01	4.9108800459e-01	-6.1555142649e-01
0.625             	5.5341632101e-01	9.1506146770e-02	-1.2394523656e-01	4.9144370273e-01	-6.1538893929e-01
0.6252            	5.5323333432e-01	9.0994820645e-02	-1.2534040100e-01	4.9056313382e-01	-6.1590353481e-01
0.6254            	5.5331085529e-01	9.1495935201e-02	-1.2411958769e-01	4.9125106144e-01	-6.1537064913e-01
0.6256            	5.5322918033e-01	9.1255333860e-02	-1.2453212522e-01	4.9096311772e-01	-6.1549524293e-01
0.6258            	5.5330255366e-01	9.1481405389e-02	-1.2422887259e-01	4.9118811736e-01	-6.1541698995e-01
0.626             	5.5317291855e-01	9.1019254804e-02	-1.2521717060e-01	4.9056433324e-01	-6.1578150385e-01
0.6262            	5.5331747412e-01	9.1543092622e-02	-1.2389948271e-01	4.9136773276e-01	-6.1526721547e-01
0.6264            	5.5329394175e-01	9.1255331591e-02	-1.2428262446e-01	4.9115262952e-01	-6.1543525398e-01
0.6266            	5.5344342537e-01	9.1654635026e-02	-1.2317850919e-01	4.9185417078e-01	-6.1503267997e-01
0.6268            	5.5335171222e-01	9.1038758587e-02	-1.2472086920e-01	4.9099127762e-01	-6.1571214682e-01
0.627             	5.5356407391e-01	9.1834412080e-02	-1.2221123995e-01	4.9245845393e-01	-6.1466969388e-01
0.6272            	5.5349205692e-01	9.1166081827e-02	-1.2416240302e-01	4.9141085541e-01	-6.1557325843e-01
0.6274            	5.5367319678e-01	9.2040086948e-02	-1.2110887899e-01	4.9311875729e-01	-6.1422763628e-01
0.6276            	5.5349264697e-01	9.1071472620e-02	-1.2468753686e-01	4.9114887854e-01	-6.1583641540e-01
0.6278            	5.5364383508e-01	9.2013051644e-02	-1.2156728299e-01	4.9286019358e-01	-6.1442747657e-01
0.628             	5.5347296343e-01	9.1234480195e-02	-1.2423826247e-01	4.9135383219e-01	-6.1559209466e-01
0.6282            	5.5354533055e-01	9.1894492422e-02	-1.2149249155e-01	4.9279908477e-01	-6.1429157632e-01
0.6284            	5.5343069219e-01	9.1255531119e-02	-1.2441096405e-01	4.9122521017e-01	-6.1563617422e-01
0.6286            	5.5347133683e-01	9.1832405467e-02	-1.2211044450e-01	4.9241611459e-01	-6.1452655908e-01
0.6288            	5.5335003255e-01	9.1416191611e-02	-1.2353128662e-01	4.9158438924e-01	-6.1511567586e-01
0.629             	5.5337743714e-01	9.1715662073e-02	-1.2222573317e-01	4.9226457056e-01	-6.1449030373e-01
0.6292            	5.5334416635e-01	9.1386653021e-02	-1.2398724691e-01	4.9135054289e-01	-6.1533778981e-01
0.6294            	5.5340463708e-01	9.1835729583e-02	-1.2200830517e-01	4.9240048450e-01	-6.1440878967e-01
0.6296            	5.5337536354e-01	9.1367646267e-02	-1.2402073248e-01	4.9136499730e-01	-6.1538572978e-01
0.6298            	5.5334116983e-01	9.1403330392e-02	-1.2370220454e-01	4.9149006757e-01	-6.1519227210e-01
0.63              	5.5336013645e-01	9.1309223605e-02	-1.2455283337e-01	4.9108371977e-01	-6.1563655314e-01
0.6302            	5.5343222903e-01	9.2035057805e-02	-1.2172933165e-01	4.9256756320e-01	-6.1429689485e-01
0.6304            	5.5328821362e-01	9.1277762944e-02	-1.2469626944e-01	4.9094007890e-01	-6.1563634834e-01
0.6306            	5.5326433466e-01	9.1564358620e-02	-1.2351158740e-01	4.9150854097e-01	-6.1502012836e-01
0.6308            	5.5320040930e-01	9.1328748508e-02	-1.2465325814e-01	4.9087378023e-01	-6.1552703837e-01
0.631             	5.5331560312e-01	9.2185222726e-02	-1.2122737813e-01	4.9270191405e-01	-6.1392929218e-01
0.6312            	5.5321010586e-01	9.1302433064e-02	-1.2469657150e-01	4.9086182011e-01	-6.1555839161e-01
0.6314            	5.5322983455e-01	9.1587207401e-02	-1.2330101713e-01	4.9157932599e-01	-6.1488034312e-01
0.6316            	5.5324318717e-01	9.1382039522e-02	-1.2432855665e-01	4.9107890884e-01	-6.1540746550e-01
0.6318            	5.5338013701e-01	9.1915850721e-02	-1.2188542021e-01	4.9243742691e-01	-6.1432284712e-01
0.632             	5.5340077666e-01	9.1452672351e-02	-1.2387204104e-01	4.9146475614e-01	-6.1533679718e-01
0.6322            	5.5343511049e-01	9.1386904308e-02	-1.2359060065e-01	4.9163981017e-01	-6.1523041082e-01
0.6324            	5.5356892103e-01	9.1583078068e-02	-1.2330287991e-01	4.9191748107e-01	-6.1522036098e-01
0.6326            	5.5354720462e-01	9.1397435453e-02	-1.2345316375e-01	4.9182062274e-01	-6.1527378649e-01
0.6328            	5.5365592641e-01	9.1822093570e-02	-1.2205165009e-01	4.9263010137e-01	-6.1468175146e-01
0.633             	5.5349483281e-01	9.1002351429e-02	-1.2486242076e-01	4.9106362243e-01	-6.1592604319e-01
0.6332            	5.5363255625e-01	9.1917053980e-02	-1.2194513272e-01	4.9265998989e-01	-6.1460512261e-01
0.6334            	5.5343582357e-01	9.1133605885e-02	-1.2438755418e-01	4.9124204648e-01	-6.1562960066e-01
0.6336            	5.5352571348e-01	9.1924072945e-02	-1.2155176733e-01	4.9274982982e-01	-6.1430159714e-01
0.6338            	5.5332177919e-01	9.1067423647e-02	-1.2483386189e-01	4.9090484825e-01	-6.1573871013e-01
0.634             	5.5348697349e-01	9.2233420812e-02	-1.2072903412e-01	4.9312245643e-01	-6.1385149055e-01
0.6342            	5.5329067280e-01	9.1154192288e-02	-1.2455362918e-01	4.9101385821e-01	-6.1556748739e-01
0.6344            	5.5351209172e-01	9.2363732078e-02	-1.1998627500e-01	4.9351895422e-01	-6.1350522922e-01
0.6346            	5.5329048263e-01	9.1066197784e-02	-1.2504876155e-01	4.9076610185e-01	-6.1581486340e-01
0.6348            	5.5355071622e-01	9.2380702301e-02	-1.2022787136e-01	4.9343678054e-01	-6.1366465190e-01
0.635             	5.5334668109e-01	9.1053420257e-02	-1.2514169233e-01	4.9077583493e-01	-6.1591752725e-01
0.6352            	5.5353593646e-01	9.2375651168e-02	-1.2030515264e-01	4.9338336014e-01	-6.1368851278e-01
0.6354            	5.5324282237e-01	9.1020527562e-02	-1.2543172512e-01	4.9052695980e-01	-6.1595868493e-01
0.6356            	5.5343611060e-01	9.2332765726e-02	-1.2058592568e-01	4.9314314776e-01	-6.1372907343e-01
0.6358            	5.5324401396e-01	9.1044093781e-02	-1.2542026495e-01	4.9053388149e-01	-6.1595414644e-01
0.636             	5.5336791557e-01	9.2384474091e-02	-1.2032629731e-01	4.9320476691e-01	-6.1353106422e-01
0.6362            	5.5312717135e-01	9.1086139439e-02	-1.2517658867e-01	4.9053887702e-01	-6.1571546569e-01
0.6364            	5.5336073104e-01	9.2395676850e-02	-1.2039542138e-01	4.9316302035e-01	-6.1355844173e-01
0.6366            	5.5317740226e-01	9.1166730828e-02	-1.2474093452e-01	4.9080693500e-01	-6.1554786952e-01
0.6368            	5.5345850434e-01	9.2422088661e-02	-1.2009317168e-01	4.9341191850e-01	-6.1350509018e-01
0.637             	5.5328034530e-01	9.1149801316e-02	-1.2485988754e-01	4.9085040153e-01	-6.1571028907e-01
0.6372            	5.5359404143e-01	9.2289804080e-02	-1.2070197975e-01	4.9324305156e-01	-6.1394503130e-01
0.6374            	5.5348028258e-01	9.1263211577e-02	-1.2423860781e-01	4.9136097867e-01	-6.1559958648e-01
0.6376            	5.5361330822e-01	9.1970031829e-02	-1.2118339001e-01	4.9302161321e-01	-6.1420500322e-01
0.6378            	5.5352876232e-01	9.1308084002e-02	-1.2418951863e-01	4.9143400300e-01	-6.1562352163e-01
0.638             	5.5359848360e-01	9.1795998489e-02	-1.2214190853e-01	4.9252752934e-01	-6.1466943786e-01
0.6382            	5.5350688268e-01	9.1429452281e-02	-1.2355332878e-01	4.9173021829e-01	-6.1528354707e-01
0.6384            	5.5346320634e-01	9.1479364062e-02	-1.2320112880e-01	4.9186264194e-01	-6.1506377074e-01
0.6386            	5.5341503803e-01	9.1419505410e-02	-1.2377708304e-01	4.9152649651e-01	-6.1530357955e-01
0.6388            	5.5339783128e-01	9.1597727252e-02	-1.2285801447e-01	4.9196882404e-01	-6.1482683851e-01
0.639             	5.5339577670e-01	9.1429590603e-02	-1.2387321447e-01	4.9145916947e-01	-6.1533238394e-01
0.6392            	5.5330732074e-01	9.1130187524e-02	-1.2455751296e-01	4.9102856426e-01	-6.1558607722e-01
0.6394            	5.5339414787e-01	9.1376716795e-02	-1.2429828759e-01	4.9124500407e-01	-6.1554329166e-01
0.6396            	5.5340349020e-01	9.1583822552e-02	-1.2316098663e-01	4.9182299688e-01	-6.1498398352e-01
0.6398            	5.5341352764e-01	9.1332252958e-02	-1.2442280028e-01	4.9120212750e-01	-6.1562492778e-01
0.64              	5.5332744277e-01	9.1222527715e-02	-1.2443932510e-01	4.9110778022e-01	-6.1554710532e-01
0.6402            	5.5332541071e-01	9.1340339520e-02	-1.2445728122e-01	4.9109677010e-01	-6.1555405132e-01
0.6404            	5.5335423561e-01	9.1730512071e-02	-1.2265611713e-01	4.9202617704e-01	-6.1468229417e-01
0.6406            	5.5330990731e-01	9.1335891634e-02	-1.2450833015e-01	4.9105574223e-01	-6.1556407238e-01
0.6408            	5.5319428162e-01	9.1259267533e-02	-1.2429078319e-01	4.9104889002e-01	-6.1533967321e-01
0.641             	5.5324861501e-01	9.1398196367e-02	-1.2441148283e-01	4.9104287360e-01	-6.1545435643e-01
0.6412            	5.5322947402e-01	9.1658038347e-02	-1.2297942889e-01	4.9173975958e-01	-6.1471918846e-01
0.6414            	5.5326464322e-01	9.1464370449e-02	-1.2399314223e-01	4.9126807210e-01	-6.1526121434e-01
0.6416            	5.5322931812e-01	9.1231508715e-02	-1.2438662518e-01	4.9103600553e-01	-6.1542263071e-01
0.6418            	5.5339573171e-01	9.1551795918e-02	-1.2379539927e-01	4.9149803207e-01	-6.1529343134e-01
0.642             	5.5337715202e-01	9.1405082591e-02	-1.2366186156e-01	4.9154622124e-01	-6.1520808280e-01
0.6422            	5.5354076342e-01	9.1814878174e-02	-1.2229040529e-01	4.9239556078e-01	-6.1468596607e-01
0.6424            	5.5339480671e-01	9.1052948057e-02	-1.2461272259e-01	4.9108844542e-01	-6.1570116801e-01
0.6426            	5.5359651951e-01	9.1988977656e-02	-1.2153149439e-01	4.9283077231e-01	-6.1436226671e-01
0.6428            	5.5343741964e-01	9.1164915788e-02	-1.2424967335e-01	4.9131258297e-01	-6.1556225632e-01
0.643             	5.5358005109e-01	9.1943248523e-02	-1.2148159738e-01	4.9283925240e-01	-6.1432084978e-01
0.6432            	5.5340198974e-01	9.1072198660e-02	-1.2485615212e-01	4.9097391368e-01	-6.1583006580e-01
0.6434            	5.5354586744e-01	9.2143887142e-02	-1.2099954259e-01	4.9304609614e-01	-6.1404563874e-01
0.6436            	5.5337216631e-01	9.1183911335e-02	-1.2437654299e-01	4.9118389481e-01	-6.1556043780e-01
0.6438            	5.5348754330e-01	9.2240935782e-02	-1.2024484729e-01	4.9336511966e-01	-6.1360996695e-01
0.644             	5.5331318246e-01	9.1134246766e-02	-1.2467380130e-01	4.9097628181e-01	-6.1565008311e-01
0.6442            	5.5353314036e-01	9.2517651988e-02	-1.1937989155e-01	4.9384319459e-01	-6.1322308614e-01
0.6444            	5.5333748523e-01	9.1139075643e-02	-1.2460402238e-01	4.9103547404e-01	-6.1563949642e-01
0.6446            	5.5357280797e-01	9.2516178924e-02	-1.1946639648e-01	4.9383960973e-01	-6.1330600621e-01
0.6448            	5.5326675109e-01	9.1075870490e-02	-1.2505386729e-01	4.9073981744e-01	-6.1579368474e-01
0.645             	5.5344083354e-01	9.2420455077e-02	-1.2007161967e-01	4.9340502370e-01	-6.1347664337e-01
0.6452            	5.5323719956e-01	9.1107184524e-02	-1.2507771838e-01	4.9069834037e-01	-6.1577605875e-01
0.6454            	5.5340936783e-01	9.2414368278e-02	-1.2029159842e-01	4.9326356862e-01	-6.1355516704e-01
0.6456            	5.5314847388e-01	9.1077558817e-02	-1.2539004230e-01	4.9045345273e-01	-6.1584349503e-01
0.6458            	5.5336123267e-01	9.2296569540e-02	-1.2102054712e-01	4.9285095910e-01	-6.1387150623e-01
0.646             	5.5312900483e-01	9.1074409069e-02	-1.2525741086e-01	4.9050029939e-01	-6.1575771026e-01
0.6462            	5.5339975922e-01	9.2297002530e-02	-1.2099873505e-01	4.9290039169e-01	-6.1389912674e-01
0.6464            	5.5315045762e-01	9.1042404892e-02	-1.2531182921e-01	4.9049454302e-01	-6.1580637223e-01
0.6466            	5.5340860324e-01	9.2197305655e-02	-1.2115793675e-01	4.9282963486e-01	-6.1398757161e-01
0.6468            	5.5329971127e-01	9.1065731345e-02	-1.2498993826e-01	4.9080474214e-01	-6.1579468040e-01
0.647             	5.5352279010e-01	9.2180076074e-02	-1.2095397022e-01	4.9304580499e-01	-6.1399977521e-01
0.6472            	5.5337047306e-01	9.1010665649e-02	-1.2490725477e-01	4.9091684567e-01	-6.1582410045e-01
0.6474            	5.5361538717e-01	9.2047884223e-02	-1.2148206951e-01	4.9287435241e-01	-6.1435642192e-01
0.6476            	5.5345400919e-01	9.0999876328e-02	-1.2484835826e-01	4.9102983006e-01	-6.1587818832e-01
0.6478            	5.5363392126e-01	9.1989493105e-02	-1.2167332539e-01	4.9279725857e-01	-6.1447058396e-01
0.648             	5.5336894482e-01	9.0959959031e-02	-1.2492158781e-01	4.9090815091e-01	-6.1582973873e-01
0.6482            	5.5352948304e-01	9.1927224831e-02	-1.2185027023e-01	4.9260434793e-01	-6.1445461816e-01
0.6484            	5.5335585783e-01	9.1005953672e-02	-1.2480578016e-01	4.9095296775e-01	-6.1575874792e-01
0.6486            	5.5348481508e-01	9.1944087255e-02	-1.2179346916e-01	4.9258808050e-01	-6.1438154966e-01
0.6488            	5.5330313633e-01	9.0962131933e-02	-1.2524982626e-01	4.9067822320e-01	-6.1592804946e-01
0.649             	5.5344106250e-01	9.1910994316e-02	-1.2215256762e-01	4.9236477869e-01	-6.1451734631e-01
0.6492            	5.5328633166e-01	9.1030165576e-02	-1.2500089822e-01	4.9078588255e-01	-6.1578678077e-01
0.6494            	5.5342582399e-01	9.1909172235e-02	-1.2220204654e-01	4.9232480073e-01	-6.1452684726e-01
0.6496            	5.5321576147e-01	9.0967072680e-02	-1.2525162040e-01	4.9058995127e-01	-6.1584157167e-01
0.6498            	5.5339977035e-01	9.1858548149e-02	-1.2245167644e-01	4.9217393213e-01	-6.1462560858e-01
0.65              	5.5325046633e-01	9.1057880232e-02	-1.2480063486e-01	4.9085014891e-01	-6.1565078376e-01
