0                 	-4.6429013023e-04	5.8405401780e-03	-2.1896921463e-04	-5.7377473755e-04	3.5480552291e-04
0.0002            	-2.0422317037e+00	6.0203113438e-01	-2.7862135311e+00	-3.4353384693e+00	6.4912493814e-01
0.0004            	-1.9327344216e+00	5.7164534683e-01	-2.7344266924e+00	-3.2999477678e+00	5.6552107537e-01
0.0006            	-1.8034141500e+00	5.4773197704e-01	-2.6141908909e+00	-3.1105095955e+00	4.9631870456e-01
0.0008            	-1.7032401192e+00	5.2802884198e-01	-2.5247932496e+00	-2.9656367440e+00	4.4084349435e-01
0.001             	-1.6347966849e+00	5.1600618815e-01	-2.4654274149e+00	-2.8675103924e+00	4.0208297743e-01
0.0012            	-1.5912491754e+00	5.0734790555e-01	-2.4340529062e+00	-2.8082756285e+00	3.7422272232e-01
0.0014            	-1.5620996994e+00	5.0046398668e-01	-2.4196921369e+00	-2.7719457678e+00	3.5225363099e-01
0.0016            	-1.5425977930e+00	4.9336353924e-01	-2.4211026584e+00	-2.7531491221e+00	3.3204646377e-01
0.0018            	-1.5302688088e+00	4.8702996283e-01	-2.4286299693e+00	-2.7445837935e+00	3.1595382413e-01
0.002             	-1.5127203478e+00	4.7692160659e-01	-2.4354133796e+00	-2.7304270376e+00	2.9501365797e-01
0.0022            	-1.4929050527e+00	4.6470383877e-01	-2.4406519805e+00	-2.7132310429e+00	2.7257906245e-01
0.0024            	-1.4760810416e+00	4.5354333590e-01	-2.4481343985e+00	-2.7001482409e+00	2.5201384232e-01
0.0026            	-1.4625431129e+00	4.4352239605e-01	-2.4608952137e+00	-2.6929907198e+00	2.3209550606e-01
0.0028            	-1.4512596832e+00	4.3454312676e-01	-2.4710626368e+00	-2.6867910016e+00	2.1572836479e-01
0.003             	-1.4424222371e+00	4.2665728991e-01	-2.4863935164e+00	-2.6856189953e+00	1.9922547888e-01
0.0032            	-1.4346445224e+00	4.1986591815e-01	-2.5019339618e+00	-2.6856115033e+00	1.8367754150e-01
0.0034            	-1.4290436607e+00	4.1465671481e-01	-2.5208106434e+00	-2.6894489824e+00	1.6863833898e-01
0.0036            	-1.4226216638e+00	4.0968709637e-01	-2.5354782382e+00	-2.6903607829e+00	1.5488254474e-01
0.0038            	-1.4081104788e+00	4.0172731229e-01	-2.5368798867e+00	-2.6765504222e+00	1.3967053550e-01
0.004             	-1.3923468213e+00	3.9400634490e-01	-2.5340540819e+00	-2.6593738623e+00	1.2531978038e-01
0.0042            	-1.3727359056e+00	3.8483794984e-01	-2.5212480665e+00	-2.6333599388e+00	1.1211187232e-01
0.0044            	-1.3533704661e+00	3.7591845012e-01	-2.5055727205e+00	-2.6061568263e+00	1.0058410589e-01
0.0046            	-1.3478563227e+00	3.7113116351e-01	-2.5120771688e+00	-2.6038949071e+00	9.1817738299e-02
0.0048            	-1.3467225233e+00	3.6781521953e-01	-2.5254514417e+00	-2.6094482442e+00	8.3996802417e-02
0.005             	-1.3456622217e+00	3.6438919263e-01	-2.5365860316e+00	-2.6139552375e+00	7.7369205885e-02
0.0052            	-1.3441603348e+00	3.6099523974e-01	-2.5471754432e+00	-2.6177480564e+00	7.0572613258e-02
0.0054            	-1.3428318951e+00	3.5776722378e-01	-2.5581782154e+00	-2.6219210028e+00	6.3742787464e-02
0.0056            	-1.3412645701e+00	3.5466181586e-01	-2.5681639120e+00	-2.6253465261e+00	5.7182614064e-02
0.0058            	-1.3392142665e+00	3.5153141750e-01	-2.5769275994e+00	-2.6276780662e+00	5.0750466816e-02
0.006             	-1.3375855828e+00	3.4865400191e-01	-2.5857348508e+00	-2.6304530082e+00	4.4718157347e-02
0.0062            	-1.3363758835e+00	3.4588463629e-01	-2.5951528359e+00	-2.6339523015e+00	3.8799465554e-02
0.0064            	-1.3355872244e+00	3.4334993439e-01	-2.6046001081e+00	-2.6378872784e+00	3.3287170353e-02
0.0066            	-1.3353944959e+00	3.4109979650e-01	-2.6142663318e+00	-2.6425276617e+00	2.8261329968e-02
0.0068            	-1.3357136798e+00	3.3907421517e-01	-2.6241781701e+00	-2.6478027649e+00	2.3624594740e-02
0.007             	-1.3361421002e+00	3.3719606626e-01	-2.6338692414e+00	-2.6530767209e+00	1.9207479531e-02
0.0072            	-1.3368718247e+00	3.3534760908e-01	-2.6437065232e+00	-2.6587250863e+00	1.5018563129e-02
0.0074            	-1.3377637508e+00	3.3373947410e-01	-2.6535797246e+00	-2.6645536131e+00	1.0973888491e-02
0.0076            	-1.3388504610e+00	3.3223875445e-01	-2.6635535034e+00	-2.6706272127e+00	7.0737092951e-03
0.0078            	-1.3399972112e+00	3.3083813031e-01	-2.6732454090e+00	-2.6766199157e+00	3.3745066683e-03
0.008             	-1.3410433253e+00	3.2953777405e-01	-2.6828194118e+00	-2.6824530312e+00	-3.6638062955e-04
0.0082            	-1.3422256552e+00	3.2820526588e-01	-2.6926283964e+00	-2.6885398534e+00	-4.0885430104e-03
0.0084            	-1.3433920734e+00	3.2701376222e-01	-2.7013107210e+00	-2.6940474339e+00	-7.2632871135e-03
0.0086            	-1.3445152701e+00	3.2580227530e-01	-2.7102678020e+00	-2.6996491711e+00	-1.0618630905e-02
0.0088            	-1.3457655057e+00	3.2470487136e-01	-2.7190712558e+00	-2.7053011336e+00	-1.3770122182e-02
0.009             	-1.3468449009e+00	3.2354054668e-01	-2.7277831428e+00	-2.7107364723e+00	-1.7046670443e-02
0.0092            	-1.3482312266e+00	3.2250654891e-01	-2.7368988355e+00	-2.7166806444e+00	-2.0218191180e-02
0.0094            	-1.3493742069e+00	3.2144786948e-01	-2.7454044270e+00	-2.7220764204e+00	-2.3328006555e-02
0.0096            	-1.3503425575e+00	3.2042841362e-01	-2.7532976774e+00	-2.7269913962e+00	-2.6306281158e-02
0.0098            	-1.3513930468e+00	3.1937216154e-01	-2.7613761050e+00	-2.7320810993e+00	-2.9295005743e-02
0.01              	-1.3525446058e+00	3.1833359407e-01	-2.7694896540e+00	-2.7372894328e+00	-3.2200221151e-02
0.0102            	-1.3538519980e+00	3.1734290199e-01	-2.7777385886e+00	-2.7427212922e+00	-3.5017296344e-02
0.0104            	-1.3552197205e+00	3.1628967786e-01	-2.7860481422e+00	-2.7482437916e+00	-3.7804350650e-02
0.0106            	-1.3563853369e+00	3.1518989694e-01	-2.7935623043e+00	-2.7531664891e+00	-4.0395815225e-02
0.0108            	-1.3576204535e+00	3.1413576076e-01	-2.8009363911e+00	-2.7580886490e+00	-4.2847742088e-02
0.011             	-1.3590547597e+00	3.1323705741e-01	-2.8083667814e+00	-2.7632381504e+00	-4.5128630992e-02
0.0112            	-1.3603879590e+00	3.1227608022e-01	-2.8156566139e+00	-2.7682162660e+00	-4.7440347905e-02
0.0114            	-1.3614465362e+00	3.1120859054e-01	-2.8224834149e+00	-2.7726882437e+00	-4.9795171235e-02
0.0116            	-1.3623860733e+00	3.1012039206e-01	-2.8289211822e+00	-2.7768466644e+00	-5.2074517830e-02
0.0118            	-1.3633128428e+00	3.0906619162e-01	-2.8350070334e+00	-2.7808163595e+00	-5.4190673886e-02
0.012             	-1.3645070290e+00	3.0811015851e-01	-2.8415031545e+00	-2.7852586063e+00	-5.6244548227e-02
0.0122            	-1.3658891824e+00	3.0727435362e-01	-2.8483551928e+00	-2.7900667788e+00	-5.8288414028e-02
0.0124            	-1.3673100798e+00	3.0645189624e-01	-2.8554633854e+00	-2.7950417725e+00	-6.0421612914e-02
0.0126            	-1.3682245519e+00	3.0542928879e-01	-2.8617506166e+00	-2.7990998602e+00	-6.2650756363e-02
0.0128            	-1.3689035607e+00	3.0433347068e-01	-2.8671354360e+00	-2.8024712788e+00	-6.4664157283e-02
0.013             	-1.3696856422e+00	3.0331504244e-01	-2.8725752240e+00	-2.8059732542e+00	-6.6601969849e-02
0.0132            	-1.3708893191e+00	3.0245244012e-01	-2.8786837973e+00	-2.8102312178e+00	-6.8452579539e-02
0.0134            	-1.3716696908e+00	3.0149276613e-01	-2.8839686919e+00	-2.8136540368e+00	-7.0314655140e-02
0.0136            	-1.3724584910e+00	3.0052645432e-01	-2.8893196346e+00	-2.8171183083e+00	-7.2201326317e-02
0.0138            	-1.3729112375e+00	2.9949639503e-01	-2.8939277924e+00	-2.8198751337e+00	-7.4052658680e-02
0.014             	-1.3737629677e+00	2.9864240775e-01	-2.8991712005e+00	-2.8233485679e+00	-7.5822632547e-02
0.0142            	-1.3745764697e+00	2.9773369703e-01	-2.9043167665e+00	-2.8267348530e+00	-7.7581913497e-02
0.0144            	-1.3753496222e+00	2.9681592425e-01	-2.9092871558e+00	-2.8299932001e+00	-7.9293955647e-02
0.0146            	-1.3764476094e+00	2.9607198804e-01	-2.9147558698e+00	-2.8338255443e+00	-8.0930325473e-02
0.0148            	-1.3776287317e+00	2.9537427075e-01	-2.9203670500e+00	-2.8378122567e+00	-8.2554793328e-02
0.015             	-1.3786132594e+00	2.9456587535e-01	-2.9257348264e+00	-2.8414806726e+00	-8.4254153772e-02
0.0152            	-1.3793651545e+00	2.9374483849e-01	-2.9304504992e+00	-2.8445904041e+00	-8.5860095075e-02
0.0154            	-1.3801744941e+00	2.9296306887e-01	-2.9352916616e+00	-2.8478203249e+00	-8.7471336703e-02
0.0156            	-1.3808298117e+00	2.9208120996e-01	-2.9398612219e+00	-2.8507604226e+00	-8.9100799283e-02
0.0158            	-1.3809323405e+00	2.9102310147e-01	-2.9434442284e+00	-2.8526544547e+00	-9.0789773713e-02
0.016             	-1.3816341523e+00	2.9016506631e-01	-2.9480362220e+00	-2.8556522633e+00	-9.2383958658e-02
0.0162            	-1.3826817352e+00	2.8937818634e-01	-2.9530239654e+00	-2.8591937179e+00	-9.3830247528e-02
0.0164            	-1.3835962323e+00	2.8861078189e-01	-2.9578154865e+00	-2.8625039756e+00	-9.5311510936e-02
0.0166            	-1.3848140209e+00	2.8800091992e-01	-2.9632295071e+00	-2.8664287745e+00	-9.6800732666e-02
0.0168            	-1.3857245119e+00	2.8726472806e-01	-2.9679445541e+00	-2.8696967890e+00	-9.8247765180e-02
0.017             	-1.3862280085e+00	2.8641816655e-01	-2.9720876134e+00	-2.8722718152e+00	-9.9815798208e-02
0.0172            	-1.3861452994e+00	2.8541491679e-01	-2.9753141681e+00	-2.8738023835e+00	-1.0151178462e-01
0.0174            	-1.3865604441e+00	2.8451910782e-01	-2.9793379098e+00	-2.8762293990e+00	-1.0310851081e-01
0.0176            	-1.3872618146e+00	2.8366025557e-01	-2.9836731454e+00	-2.8790983873e+00	-1.0457475804e-01
0.0178            	-1.3879265240e+00	2.8281023272e-01	-2.9878672369e+00	-2.8818601424e+00	-1.0600709445e-01
0.018             	-1.3885675836e+00	2.8201947158e-01	-2.9918759399e+00	-2.8845055536e+00	-1.0737038637e-01
0.0182            	-1.3895753597e+00	2.8135899488e-01	-2.9968476625e+00	-2.8879991909e+00	-1.0884847159e-01
0.0184            	-1.3895776578e+00	2.8027578085e-01	-2.9999941605e+00	-2.8895747380e+00	-1.1041942250e-01
0.0186            	-1.3897773918e+00	2.7933677193e-01	-3.0033102904e+00	-2.8914325370e+00	-1.1187775342e-01
0.0188            	-1.3905212904e+00	2.7859903913e-01	-3.0073049121e+00	-2.8941737465e+00	-1.1313116562e-01
0.019             	-1.3916698422e+00	2.7806574609e-01	-3.0119438811e+00	-2.8976417827e+00	-1.1430209840e-01
0.0192            	-1.3926469579e+00	2.7758497742e-01	-3.0162338259e+00	-2.9007638708e+00	-1.1546995503e-01
0.0194            	-1.3929687734e+00	2.7693304906e-01	-3.0195387620e+00	-2.9027381544e+00	-1.1680060755e-01
0.0196            	-1.3933138235e+00	2.7641297782e-01	-3.0228420734e+00	-2.9047348602e+00	-1.1810721321e-01
0.0198            	-1.3940912795e+00	2.7599224245e-01	-3.0267741156e+00	-2.9074783373e+00	-1.1929577829e-01
0.02              	-1.3943585843e+00	2.7530189739e-01	-3.0297611508e+00	-2.9092391597e+00	-1.2052199111e-01
0.0202            	-1.3937641869e+00	2.7427576185e-01	-3.0314991740e+00	-2.9095137739e+00	-1.2198540014e-01
0.0204            	-1.3932564417e+00	2.7330016670e-01	-3.0332729123e+00	-2.9098928978e+00	-1.2338001447e-01
0.0206            	-1.3934919260e+00	2.7250917375e-01	-3.0359573105e+00	-2.9114705812e+00	-1.2448672927e-01
0.0208            	-1.3940876151e+00	2.7175909110e-01	-3.0392174239e+00	-2.9136963271e+00	-1.2552109680e-01
0.021             	-1.3948500849e+00	2.7106880911e-01	-3.0427650284e+00	-2.9162325991e+00	-1.2653242923e-01
0.0212            	-1.3952003943e+00	2.7027944666e-01	-3.0456337104e+00	-2.9180172495e+00	-1.2761646087e-01
0.0214            	-1.3954207975e+00	2.6947301495e-01	-3.0484389397e+00	-2.9196402674e+00	-1.2879867234e-01
0.0216            	-1.3958933860e+00	2.6877799729e-01	-3.0517190592e+00	-2.9217529156e+00	-1.2996614361e-01
0.0218            	-1.3966939636e+00	2.6817900330e-01	-3.0555898653e+00	-2.9244888962e+00	-1.3110096910e-01
0.022             	-1.3977548870e+00	2.6761860957e-01	-3.0598838464e+00	-2.9276968102e+00	-1.3218703620e-01
0.0222            	-1.4011365718e+00	2.6792472004e-01	-3.0680592489e+00	-2.9351661963e+00	-1.3289305260e-01
0.0224            	-1.4050638889e+00	2.6826744735e-01	-3.0775368384e+00	-2.9438323081e+00	-1.3370453030e-01
0.0226            	-1.4054231146e+00	2.6759883122e-01	-3.0815003857e+00	-2.9461733075e+00	-1.3532707819e-01
0.0228            	-1.4041707469e+00	2.6654823226e-01	-3.0829353753e+00	-2.9456384345e+00	-1.3729694076e-01
0.023             	-1.4038257752e+00	2.6598806486e-01	-3.0853791103e+00	-2.9465153303e+00	-1.3886377997e-01
0.0232            	-1.4062009110e+00	2.6650956342e-01	-3.0923910487e+00	-2.9523964354e+00	-1.3999461334e-01
0.0234            	-1.4045193159e+00	2.6548994862e-01	-3.0923825726e+00	-2.9507106022e+00	-1.4167197046e-01
0.0236            	-1.3992543737e+00	2.6338751168e-01	-3.0862327427e+00	-2.9423707451e+00	-1.4386199764e-01
0.0238            	-1.3972658239e+00	2.6238031107e-01	-3.0850335464e+00	-2.9397825971e+00	-1.4525094933e-01
0.024             	-1.3974677358e+00	2.6176652609e-01	-3.0868409893e+00	-2.9408882304e+00	-1.4595275885e-01
0.0242            	-1.3971628462e+00	2.6097944824e-01	-3.0875125965e+00	-2.9409191444e+00	-1.4659345206e-01
0.0244            	-1.3963360946e+00	2.6005847093e-01	-3.0873382419e+00	-2.9400052156e+00	-1.4733302630e-01
0.0246            	-1.3985369709e+00	2.6011870785e-01	-3.0925443037e+00	-2.9448091227e+00	-1.4773518098e-01
0.0248            	-1.4008614164e+00	2.5994299598e-01	-3.0979735073e+00	-2.9498481700e+00	-1.4812533726e-01
0.025             	-1.4013649477e+00	2.5921446323e-01	-3.1003461003e+00	-2.9515379979e+00	-1.4880810238e-01
0.0252            	-1.3992583311e+00	2.5776322806e-01	-3.0983145445e+00	-2.9484156034e+00	-1.4989894109e-01
0.0254            	-1.3989968780e+00	2.5717995379e-01	-3.0992356537e+00	-2.9486147049e+00	-1.5062094889e-01
0.0256            	-1.4000688802e+00	2.5688683462e-01	-3.1022028006e+00	-2.9511702805e+00	-1.5103252011e-01
0.0258            	-1.4017639941e+00	2.5685293677e-01	-3.1062515439e+00	-2.9548897660e+00	-1.5136177784e-01
0.026             	-1.4026834475e+00	2.5662269471e-01	-3.1090379640e+00	-2.9572024295e+00	-1.5183553452e-01
0.0262            	-1.4030050823e+00	2.5622624793e-01	-3.1110579575e+00	-2.9585340610e+00	-1.5252389646e-01
0.0264            	-1.4034500810e+00	2.5582822996e-01	-3.1133594142e+00	-2.9601297881e+00	-1.5322962615e-01
0.0266            	-1.4036047085e+00	2.5519950857e-01	-3.1149300801e+00	-2.9610697486e+00	-1.5386033152e-01
0.0268            	-1.4038425400e+00	2.5460528331e-01	-3.1166306301e+00	-2.9621578551e+00	-1.5447277501e-01
0.027             	-1.4040214665e+00	2.5406609357e-01	-3.1182704368e+00	-2.9631566849e+00	-1.5511375190e-01
0.0272            	-1.4043157372e+00	2.5361208282e-01	-3.1200939403e+00	-2.9643627073e+00	-1.5573123297e-01
0.0274            	-1.4050104582e+00	2.5330637513e-01	-3.1225295154e+00	-2.9662752159e+00	-1.5625429944e-01
0.0276            	-1.4061883846e+00	2.5313523646e-01	-3.1257325242e+00	-2.9690546467e+00	-1.5667787753e-01
0.0278            	-1.4068460999e+00	2.5280650507e-01	-3.1279608745e+00	-2.9708265371e+00	-1.5713433736e-01
0.028             	-1.4071546036e+00	2.5243935218e-01	-3.1297024254e+00	-2.9720058163e+00	-1.5769660911e-01
0.0282            	-1.4068379958e+00	2.5192751701e-01	-3.1305828142e+00	-2.9721294029e+00	-1.5845341132e-01
0.0284            	-1.4063229786e+00	2.5133689211e-01	-3.1309519628e+00	-2.9717989600e+00	-1.5915300280e-01
0.0286            	-1.4058759540e+00	2.5074446482e-01	-3.1312612306e+00	-2.9715065693e+00	-1.5975466124e-01
0.0288            	-1.4057912321e+00	2.5026820760e-01	-3.1322204411e+00	-2.9719014526e+00	-1.6031898846e-01
0.029             	-1.4063193989e+00	2.4995564638e-01	-3.1342819415e+00	-2.9734603697e+00	-1.6082157189e-01
0.0292            	-1.4066048696e+00	2.4948347546e-01	-3.1357999261e+00	-2.9745048326e+00	-1.6129509346e-01
0.0294            	-1.4073380662e+00	2.4921434289e-01	-3.1382625414e+00	-2.9764693369e+00	-1.6179320456e-01
0.0296            	-1.4082845174e+00	2.4899565602e-01	-3.1410974435e+00	-2.9788332391e+00	-1.6226420438e-01
0.0298            	-1.4092779643e+00	2.4883989506e-01	-3.1439474097e+00	-2.9812516691e+00	-1.6269574061e-01
0.03              	-1.4100641673e+00	2.4866879516e-01	-3.1464949049e+00	-2.9833116197e+00	-1.6318328516e-01
0.0302            	-1.4099989909e+00	2.4830894777e-01	-3.1477109089e+00	-2.9838544453e+00	-1.6385646355e-01
0.0304            	-1.4094723749e+00	2.4785726059e-01	-3.1480598482e+00	-2.9835022990e+00	-1.6455754920e-01
0.0306            	-1.4090162048e+00	2.4742762423e-01	-3.1485118732e+00	-2.9832721413e+00	-1.6523973183e-01
0.0308            	-1.4088718454e+00	2.4705436897e-01	-3.1494532769e+00	-2.9835984839e+00	-1.6585479303e-01
0.031             	-1.4087839533e+00	2.4666893263e-01	-3.1502280278e+00	-2.9838979672e+00	-1.6633006056e-01
0.0312            	-1.4087516179e+00	2.4624891251e-01	-3.1509613865e+00	-2.9842323112e+00	-1.6672907531e-01
0.0314            	-1.4090978824e+00	2.4606117286e-01	-3.1522872052e+00	-2.9852414851e+00	-1.6704572017e-01
0.0316            	-1.4094907074e+00	2.4590511001e-01	-3.1537105153e+00	-2.9863459650e+00	-1.6736455031e-01
0.0318            	-1.4097547187e+00	2.4569557091e-01	-3.1550322752e+00	-2.9872708563e+00	-1.6776141889e-01
0.032             	-1.4097233205e+00	2.4536067976e-01	-3.1559574175e+00	-2.9877020293e+00	-1.6825538828e-01
0.0322            	-1.4094738482e+00	2.4494728177e-01	-3.1566298003e+00	-2.9877887483e+00	-1.6884105196e-01
0.0324            	-1.4093611311e+00	2.4450189199e-01	-3.1575324933e+00	-2.9881273778e+00	-1.6940511553e-01
0.0326            	-1.4095392283e+00	2.4411841958e-01	-3.1588126116e+00	-2.9889455341e+00	-1.6986707754e-01
0.0328            	-1.4099356059e+00	2.4386043446e-01	-3.1603565168e+00	-2.9901138644e+00	-1.7024265248e-01
0.033             	-1.4100904670e+00	2.4350078403e-01	-3.1614184196e+00	-2.9907996768e+00	-1.7061874279e-01
0.0332            	-1.4101917884e+00	2.4324292548e-01	-3.1624647286e+00	-2.9914241527e+00	-1.7104057587e-01
0.0334            	-1.4099900263e+00	2.4283876561e-01	-3.1628266366e+00	-2.9914033446e+00	-1.7142329205e-01
0.0336            	-1.4100179813e+00	2.4254685084e-01	-3.1635396960e+00	-2.9917878293e+00	-1.7175186669e-01
0.0338            	-1.4109094935e+00	2.4255863983e-01	-3.1658310336e+00	-2.9938250103e+00	-1.7200602329e-01
0.034             	-1.4115100362e+00	2.4248366264e-01	-3.1676255187e+00	-2.9953227956e+00	-1.7230272315e-01
0.0342            	-1.4118586268e+00	2.4239578583e-01	-3.1691533770e+00	-2.9964353153e+00	-1.7271806164e-01
0.0344            	-1.4122019753e+00	2.4232324002e-01	-3.1705460337e+00	-2.9974749922e+00	-1.7307104153e-01
0.0346            	-1.4120676683e+00	2.4204545556e-01	-3.1711740329e+00	-2.9976546847e+00	-1.7351934820e-01
0.0348            	-1.4112031180e+00	2.4151735140e-01	-3.1705196595e+00	-2.9964629477e+00	-1.7405671177e-01
0.035             	-1.4106592394e+00	2.4111307288e-01	-3.1703679593e+00	-2.9958432190e+00	-1.7452474025e-01
0.0352            	-1.4103375785e+00	2.4069211578e-01	-3.1704589732e+00	-2.9955670651e+00	-1.7489190807e-01
0.0354            	-1.4103914391e+00	2.4033489329e-01	-3.1713019659e+00	-2.9960424220e+00	-1.7525954386e-01
0.0356            	-1.4104879871e+00	2.3996674242e-01	-3.1723294446e+00	-2.9966527094e+00	-1.7567673521e-01
0.0358            	-1.4109537197e+00	2.3975477834e-01	-3.1739191367e+00	-2.9979132881e+00	-1.7600584861e-01
0.036             	-1.4115503411e+00	2.3956351967e-01	-3.1756004141e+00	-2.9993505481e+00	-1.7624986601e-01
0.0362            	-1.4123233937e+00	2.3950969358e-01	-3.1776470846e+00	-3.0011469360e+00	-1.7650014859e-01
0.0364            	-1.4126978304e+00	2.3942681823e-01	-3.1790810273e+00	-3.0022383441e+00	-1.7684268323e-01
0.0366            	-1.4126764271e+00	2.3929280315e-01	-3.1798558728e+00	-3.0026043635e+00	-1.7725150931e-01
0.0368            	-1.4129176963e+00	2.3928044659e-01	-3.1810234145e+00	-3.0034294035e+00	-1.7759401101e-01
0.037             	-1.4130725973e+00	2.3924619330e-01	-3.1818850343e+00	-3.0040151144e+00	-1.7786991983e-01
0.0372            	-1.4128068121e+00	2.3906743793e-01	-3.1820806705e+00	-3.0038471474e+00	-1.7823352315e-01
0.0374            	-1.4125577126e+00	2.3883741076e-01	-3.1823815934e+00	-3.0037485092e+00	-1.7863308413e-01
0.0376            	-1.4124753547e+00	2.3864040556e-01	-3.1829983631e+00	-3.0039745363e+00	-1.7902382681e-01
0.0378            	-1.4125362738e+00	2.3843072783e-01	-3.1837820975e+00	-3.0044273226e+00	-1.7935477495e-01
0.038             	-1.4125009928e+00	2.3817293864e-01	-3.1842518418e+00	-3.0046269137e+00	-1.7962492810e-01
0.0382            	-1.4123003102e+00	2.3787063183e-01	-3.1844314482e+00	-3.0045160343e+00	-1.7991541390e-01
0.0384            	-1.4122065488e+00	2.3766721361e-01	-3.1847832555e+00	-3.0045981765e+00	-1.8018507895e-01
0.0386            	-1.4122635290e+00	2.3743886558e-01	-3.1853380711e+00	-3.0049325646e+00	-1.8040550652e-01
0.0388            	-1.4124265382e+00	2.3723322110e-01	-3.1861088323e+00	-3.0054809544e+00	-1.8062787791e-01
0.039             	-1.4128204321e+00	2.3718612582e-01	-3.1871659925e+00	-3.0064034283e+00	-1.8076256416e-01
0.0392            	-1.4130940621e+00	2.3708236196e-01	-3.1880762828e+00	-3.0071322034e+00	-1.8094407933e-01
0.0394            	-1.4130937323e+00	2.3688836304e-01	-3.1886316628e+00	-3.0074095637e+00	-1.8122209906e-01
0.0396            	-1.4131946976e+00	2.3669659886e-01	-3.1892799629e+00	-3.0078346790e+00	-1.8144528389e-01
0.0398            	-1.4134295328e+00	2.3655454767e-01	-3.1901124461e+00	-3.0084857559e+00	-1.8162669025e-01
0.04              	-1.4135195117e+00	2.3642542126e-01	-3.1906833555e+00	-3.0088611894e+00	-1.8182216610e-01
0.0402            	-1.4137768355e+00	2.3636202684e-01	-3.1916593262e+00	-3.0096064986e+00	-1.8205282756e-01
0.0404            	-1.4136516132e+00	2.3612936194e-01	-3.1920150691e+00	-3.0096591477e+00	-1.8235592131e-01
0.0406            	-1.4134044416e+00	2.3586642057e-01	-3.1921853782e+00	-3.0094971307e+00	-1.8268824753e-01
0.0408            	-1.4131688758e+00	2.3555898343e-01	-3.1923498811e+00	-3.0093438163e+00	-1.8300606480e-01
0.041             	-1.4132924614e+00	2.3536182782e-01	-3.1930138923e+00	-3.0097994075e+00	-1.8321448475e-01
0.0412            	-1.4139483188e+00	2.3531852620e-01	-3.1945897981e+00	-3.0112432178e+00	-1.8334658025e-01
0.0414            	-1.4151378816e+00	2.3550415031e-01	-3.1971651345e+00	-3.0137204489e+00	-1.8344468565e-01
0.0416            	-1.4160156588e+00	2.3557105161e-01	-3.1994055506e+00	-3.0157184341e+00	-1.8368711653e-01
0.0418            	-1.4163798487e+00	2.3547216454e-01	-3.2010200516e+00	-3.0168898745e+00	-1.8413017707e-01
0.042             	-1.4156025456e+00	2.3507500555e-01	-3.2005009202e+00	-3.0158530056e+00	-1.8464791453e-01
0.0422            	-1.4148555100e+00	2.3469056855e-01	-3.1999652900e+00	-3.0148381550e+00	-1.8512713505e-01
0.0424            	-1.4130003749e+00	2.3399098814e-01	-3.1973038405e+00	-3.0116522952e+00	-1.8565154532e-01
0.0426            	-1.4120868255e+00	2.3377644347e-01	-3.1961590041e+00	-3.0101663276e+00	-1.8599267652e-01
0.0428            	-1.4128367394e+00	2.3393152611e-01	-3.1976309241e+00	-3.0116522014e+00	-1.8597872266e-01
0.043             	-1.4151246505e+00	2.3455162862e-01	-3.2016055990e+00	-3.0159274500e+00	-1.8567814897e-01
0.0432            	-1.4179851489e+00	2.3535090554e-01	-3.2068890805e+00	-3.0214296892e+00	-1.8545939129e-01
0.0434            	-1.4188081986e+00	2.3556791011e-01	-3.2092077931e+00	-3.0234120951e+00	-1.8579569800e-01
0.0436            	-1.4181197243e+00	2.3535347747e-01	-3.2092188295e+00	-3.0227291391e+00	-1.8648969042e-01
0.0438            	-1.4164563243e+00	2.3476370207e-01	-3.2075663411e+00	-3.0202394948e+00	-1.8732684624e-01
0.044             	-1.4133020847e+00	2.3371013446e-01	-3.2029109840e+00	-3.0147575767e+00	-1.8815340730e-01
0.0442            	-1.4102219618e+00	2.3265413213e-01	-3.1981799302e+00	-3.0093119269e+00	-1.8886800336e-01
0.0444            	-1.4097759898e+00	2.3234811912e-01	-3.1973847182e+00	-3.0084683489e+00	-1.8891636932e-01
0.0446            	-1.4105017552e+00	2.3230989941e-01	-3.1982547862e+00	-3.0096291483e+00	-1.8862563788e-01
0.0448            	-1.4118588035e+00	2.3248387502e-01	-3.2002151040e+00	-3.0119663555e+00	-1.8824874847e-01
0.045             	-1.4129072694e+00	2.3257217918e-01	-3.2017649152e+00	-3.0137897270e+00	-1.8797518818e-01
0.0452            	-1.4144832557e+00	2.3286582260e-01	-3.2045475723e+00	-3.0167570418e+00	-1.8779053049e-01
0.0454            	-1.4176377002e+00	2.3377747731e-01	-3.2101224843e+00	-3.0226989424e+00	-1.8742354190e-01
0.0456            	-1.4194006132e+00	2.3424846948e-01	-3.2138094131e+00	-3.0263053198e+00	-1.8750409336e-01
0.0458            	-1.4195017349e+00	2.3428675219e-01	-3.2151199685e+00	-3.0270617191e+00	-1.8805824933e-01
0.046             	-1.4189097980e+00	2.3414692586e-01	-3.2151481998e+00	-3.0264838979e+00	-1.8866430196e-01
0.0462            	-1.4171855245e+00	2.3357728470e-01	-3.2130523348e+00	-3.0237116919e+00	-1.8934064292e-01
0.0464            	-1.4131831109e+00	2.3222437101e-01	-3.2068842193e+00	-3.0166252205e+00	-1.9025899880e-01
0.0466            	-1.4104535896e+00	2.3135453972e-01	-3.2025345684e+00	-3.0117208738e+00	-1.9081369455e-01
0.0468            	-1.4103553617e+00	2.3110785246e-01	-3.2020265178e+00	-3.0113686206e+00	-1.9065789718e-01
0.047             	-1.4111540262e+00	2.3107279103e-01	-3.2029925370e+00	-3.0126502948e+00	-1.9034224227e-01
0.0472            	-1.4118346019e+00	2.3110235439e-01	-3.2038101523e+00	-3.0137396780e+00	-1.9007047423e-01
0.0474            	-1.4134697381e+00	2.3145681169e-01	-3.2065211577e+00	-3.0167303170e+00	-1.8979084074e-01
0.0476            	-1.4155862806e+00	2.3186573242e-01	-3.2101536255e+00	-3.0206630934e+00	-1.8949053212e-01
0.0478            	-1.4176160993e+00	2.3238579929e-01	-3.2137665807e+00	-3.0244993897e+00	-1.8926719105e-01
0.048             	-1.4173703907e+00	2.3220436657e-01	-3.2139229172e+00	-3.0243318493e+00	-1.8959106785e-01
0.0482            	-1.4153210789e+00	2.3152067416e-01	-3.2112184762e+00	-3.0209303170e+00	-1.9028815917e-01
0.0484            	-1.4135567105e+00	2.3089279203e-01	-3.2088858580e+00	-3.0179996395e+00	-1.9088621851e-01
0.0486            	-1.4120552503e+00	2.3033986582e-01	-3.2067219995e+00	-3.0154162500e+00	-1.9130574943e-01
0.0488            	-1.4112495882e+00	2.2999464127e-01	-3.2054451933e+00	-3.0139721848e+00	-1.9147300844e-01
0.049             	-1.4113978751e+00	2.2989293888e-01	-3.2056562749e+00	-3.0142260125e+00	-1.9143026239e-01
0.0492            	-1.4122049687e+00	2.2994120553e-01	-3.2069049859e+00	-3.0156574617e+00	-1.9124752424e-01
0.0494            	-1.4134324409e+00	2.3009212574e-01	-3.2088532957e+00	-3.0178590888e+00	-1.9099420697e-01
0.0496            	-1.4145840487e+00	2.3023390029e-01	-3.2107802282e+00	-3.0199741628e+00	-1.9080606539e-01
0.0498            	-1.4158301208e+00	2.3051991288e-01	-3.2130148077e+00	-3.0223375246e+00	-1.9067728306e-01
0.05              	-1.4159448164e+00	2.3047784589e-01	-3.2134800819e+00	-3.0226848574e+00	-1.9079522448e-01
0.0502            	-1.4163218385e+00	2.3054464732e-01	-3.2145074558e+00	-3.0235755664e+00	-1.9093188940e-01
0.0504            	-1.4185076499e+00	2.3137438816e-01	-3.2189283754e+00	-3.0279718376e+00	-1.9095653784e-01
0.0506            	-1.4192811818e+00	2.3148897846e-01	-3.2209244714e+00	-3.0297434175e+00	-1.9118105386e-01
0.0508            	-1.4194544306e+00	2.3153811847e-01	-3.2222099818e+00	-3.0305594216e+00	-1.9165056028e-01
0.051             	-1.4181569177e+00	2.3108645107e-01	-3.2208991532e+00	-3.0286064943e+00	-1.9229265894e-01
0.0512            	-1.4158276423e+00	2.3037705493e-01	-3.2179091779e+00	-3.0247822313e+00	-1.9312694666e-01
0.0514            	-1.4134778718e+00	2.2963386906e-01	-3.2146363983e+00	-3.0207960709e+00	-1.9384032739e-01
0.0516            	-1.4120266923e+00	2.2900613478e-01	-3.2125104456e+00	-3.0182819151e+00	-1.9422853054e-01
0.0518            	-1.4117660655e+00	2.2879933748e-01	-3.2121783895e+00	-3.0178552602e+00	-1.9432312928e-01
0.052             	-1.4124564610e+00	2.2898226046e-01	-3.2135654173e+00	-3.0192391697e+00	-1.9432624760e-01
0.0522            	-1.4135703264e+00	2.2929011393e-01	-3.2159268665e+00	-3.0215337597e+00	-1.9439310682e-01
0.0524            	-1.4143036247e+00	2.2942064788e-01	-3.2178012382e+00	-3.0232042438e+00	-1.9459699435e-01
0.0526            	-1.4130861924e+00	2.2889841425e-01	-3.2163502684e+00	-3.0212613266e+00	-1.9508894181e-01
0.0528            	-1.4111795166e+00	2.2830016464e-01	-3.2134076219e+00	-3.0178833275e+00	-1.9552429437e-01
0.053             	-1.4081903629e+00	2.2734142649e-01	-3.2084806355e+00	-3.0124306807e+00	-1.9604995483e-01
0.0532            	-1.4082724672e+00	2.2742680022e-01	-3.2084714307e+00	-3.0125081825e+00	-1.9596324815e-01
0.0534            	-1.4092357819e+00	2.2758347685e-01	-3.2096663323e+00	-3.0140689481e+00	-1.9559738425e-01
0.0536            	-1.4092209135e+00	2.2736290567e-01	-3.2091376170e+00	-3.0137897220e+00	-1.9534789505e-01
0.0538            	-1.4091582372e+00	2.2721167734e-01	-3.2089926221e+00	-3.0136545482e+00	-1.9533807390e-01
0.054             	-1.4099056383e+00	2.2731282445e-01	-3.2103894128e+00	-3.0151003447e+00	-1.9528906806e-01
0.0542            	-1.4132356264e+00	2.2807726155e-01	-3.2164849409e+00	-3.0214780968e+00	-1.9500684404e-01
0.0544            	-1.4127327435e+00	2.2758714035e-01	-3.2162385861e+00	-3.0208520366e+00	-1.9538654957e-01
0.0546            	-1.4088754032e+00	2.2619288931e-01	-3.2101122634e+00	-3.0139315349e+00	-1.9618072851e-01
0.0548            	-1.4075466715e+00	2.2590172661e-01	-3.2078963476e+00	-3.0114948454e+00	-1.9640150227e-01
0.055             	-1.4077698729e+00	2.2597126714e-01	-3.2081181232e+00	-3.0118289345e+00	-1.9628918871e-01
0.0552            	-1.4081930495e+00	2.2604356188e-01	-3.2088349942e+00	-3.0126105466e+00	-1.9622444763e-01
0.0554            	-1.4122758655e+00	2.2734748770e-01	-3.2161092761e+00	-3.0203305036e+00	-1.9577877254e-01
0.0556            	-1.4139163596e+00	2.2742398722e-01	-3.2193857394e+00	-3.0236092293e+00	-1.9577651015e-01
0.0558            	-1.4126846787e+00	2.2680201328e-01	-3.2180281764e+00	-3.0216987669e+00	-1.9632940949e-01
0.056             	-1.4116473243e+00	2.2649985549e-01	-3.2173885983e+00	-3.0203416234e+00	-1.9704697484e-01
0.0562            	-1.4113408245e+00	2.2647126342e-01	-3.2178726981e+00	-3.0202771736e+00	-1.9759552451e-01
0.0564            	-1.4106870446e+00	2.2627446204e-01	-3.2175773894e+00	-3.0194757393e+00	-1.9810165011e-01
0.0566            	-1.4096383584e+00	2.2600270639e-01	-3.2163269326e+00	-3.0178018247e+00	-1.9852510790e-01
0.0568            	-1.4061478526e+00	2.2491590530e-01	-3.2108239033e+00	-3.0115598042e+00	-1.9926409909e-01
0.057             	-1.4014093014e+00	2.2357390391e-01	-3.2029528151e+00	-3.0028857089e+00	-2.0006710618e-01
0.0572            	-1.4025539714e+00	2.2385774773e-01	-3.2046043656e+00	-3.0048561542e+00	-1.9974821138e-01
0.0574            	-1.4083494872e+00	2.2547116841e-01	-3.2138926005e+00	-3.0152957874e+00	-1.9859681310e-01
0.0576            	-1.4113773068e+00	2.2611264835e-01	-3.2189413059e+00	-3.0208479597e+00	-1.9809334617e-01
0.0578            	-1.4106237800e+00	2.2582756903e-01	-3.2180871004e+00	-3.0196673302e+00	-1.9841977015e-01
0.058             	-1.4081806535e+00	2.2518926569e-01	-3.2146045029e+00	-3.0154829049e+00	-1.9912159801e-01
0.0582            	-1.4065545048e+00	2.2483811517e-01	-3.2121735925e+00	-3.0126413011e+00	-1.9953229141e-01
0.0584            	-1.4051987340e+00	2.2447040705e-01	-3.2100900263e+00	-3.0102437471e+00	-1.9984627917e-01
0.0586            	-1.4030066290e+00	2.2376373151e-01	-3.2065529861e+00	-3.0062831221e+00	-2.0026986401e-01
0.0588            	-1.4009727445e+00	2.2306388663e-01	-3.2031813728e+00	-3.0025634309e+00	-2.0061794196e-01
0.059             	-1.3999859461e+00	2.2258881327e-01	-3.2013003797e+00	-3.0006361360e+00	-2.0066424370e-01
0.0592            	-1.3996763188e+00	2.2221830347e-01	-3.2004178195e+00	-2.9998852286e+00	-2.0053259095e-01
0.0594            	-1.3992039106e+00	2.2180004912e-01	-3.1990811786e+00	-2.9987444999e+00	-2.0033667870e-01
0.0596            	-1.3992377153e+00	2.2161010110e-01	-3.1987031865e+00	-2.9985893085e+00	-2.0011387793e-01
0.0598            	-1.4001975856e+00	2.2167649631e-01	-3.2001953554e+00	-3.0002952634e+00	-1.9990009208e-01
0.06              	-1.4046369500e+00	2.2282834896e-01	-3.2076526927e+00	-3.0084632963e+00	-1.9918939638e-01
0.0602            	-1.4050977741e+00	2.2263063105e-01	-3.2087621976e+00	-3.0094788729e+00	-1.9928332473e-01
0.0604            	-1.4048078195e+00	2.2245070122e-01	-3.2091005599e+00	-3.0093580995e+00	-1.9974246044e-01
0.0606            	-1.4035463046e+00	2.2203689676e-01	-3.2079430984e+00	-3.0075178538e+00	-2.0042524460e-01
0.0608            	-1.4021646198e+00	2.2162311013e-01	-3.2063935629e+00	-3.0053614012e+00	-2.0103216165e-01
0.061             	-1.4016010000e+00	2.2151590164e-01	-3.2059251256e+00	-3.0045635627e+00	-2.0136156281e-01
0.0612            	-1.4001248787e+00	2.2109051904e-01	-3.2035564109e+00	-3.0019030842e+00	-2.0165332675e-01
0.0614            	-1.3948298314e+00	2.1947858471e-01	-3.1944784101e+00	-2.9920690364e+00	-2.0240937364e-01
0.0616            	-1.3946975391e+00	2.1954234274e-01	-3.1939705249e+00	-2.9916828015e+00	-2.0228772335e-01
0.0618            	-1.3993775617e+00	2.2077636572e-01	-3.2014154921e+00	-3.0000853077e+00	-2.0133018439e-01
0.062             	-1.3994595803e+00	2.2035063460e-01	-3.2014477061e+00	-3.0001834334e+00	-2.0126427277e-01
0.0622            	-1.3977313410e+00	2.1967129296e-01	-3.1987983390e+00	-2.9971305105e+00	-2.0166782856e-01
0.0624            	-1.3966663860e+00	2.1927254295e-01	-3.1972896207e+00	-2.9953111963e+00	-2.0197842438e-01
0.0626            	-1.3966558423e+00	2.1912632231e-01	-3.1974106973e+00	-2.9953611910e+00	-2.0204950635e-01
0.0628            	-1.3945432322e+00	2.1833013542e-01	-3.1939135300e+00	-2.9914999972e+00	-2.0241353279e-01
0.063             	-1.3917265483e+00	2.1742214420e-01	-3.1892317666e+00	-2.9863424316e+00	-2.0288933502e-01
0.0632            	-1.3908495561e+00	2.1701539599e-01	-3.1875300155e+00	-2.9846145639e+00	-2.0291545163e-01
0.0634            	-1.3924322100e+00	2.1737968458e-01	-3.1898436865e+00	-2.9873540532e+00	-2.0248963325e-01
0.0636            	-1.3959152347e+00	2.1820324902e-01	-3.1954754045e+00	-2.9936529370e+00	-2.0182246753e-01
0.0638            	-1.3962526357e+00	2.1815703418e-01	-3.1959820197e+00	-2.9942436456e+00	-2.0173837416e-01
0.064             	-1.3958711161e+00	2.1799010719e-01	-3.1957536872e+00	-2.9937479597e+00	-2.0200572748e-01
0.0642            	-1.3947922167e+00	2.1770252806e-01	-3.1942108578e+00	-2.9918976456e+00	-2.0231321216e-01
0.0644            	-1.3918582385e+00	2.1676984299e-01	-3.1895428706e+00	-2.9866296738e+00	-2.0291319677e-01
0.0646            	-1.3881140069e+00	2.1579640429e-01	-3.1832942305e+00	-2.9797611222e+00	-2.0353310834e-01
0.0648            	-1.3882287884e+00	2.1588455883e-01	-3.1831727716e+00	-2.9798151742e+00	-2.0335759741e-01
0.065             	-1.3888767952e+00	2.1590842746e-01	-3.1836780621e+00	-2.9807158262e+00	-2.0296223585e-01
0.0652            	-1.3918653300e+00	2.1676074667e-01	-3.1883860004e+00	-2.9860583302e+00	-2.0232767019e-01
0.0654            	-1.3926902637e+00	2.1675627508e-01	-3.1898379097e+00	-2.9876092185e+00	-2.0222869121e-01
0.0656            	-1.3914150111e+00	2.1622767623e-01	-3.1882022449e+00	-2.9855161336e+00	-2.0268611129e-01
0.0658            	-1.3882287177e+00	2.1515186312e-01	-3.1833794583e+00	-2.9799184468e+00	-2.0346101141e-01
0.066             	-1.3842313585e+00	2.1378120288e-01	-3.1768386823e+00	-2.9726506996e+00	-2.0418798268e-01
0.0662            	-1.3829679585e+00	2.1330578381e-01	-3.1746256437e+00	-2.9702807803e+00	-2.0434486335e-01
0.0664            	-1.3833957190e+00	2.1322937262e-01	-3.1749783328e+00	-2.9708848854e+00	-2.0409344739e-01
0.0666            	-1.3843582669e+00	2.1337151445e-01	-3.1760167193e+00	-2.9723666266e+00	-2.0365009270e-01
0.0668            	-1.3850106323e+00	2.1346901706e-01	-3.1767314149e+00	-2.9733763398e+00	-2.0335507509e-01
0.067             	-1.3852017651e+00	2.1352911213e-01	-3.1768482821e+00	-2.9736259062e+00	-2.0322237591e-01
0.0672            	-1.3843930220e+00	2.1327412750e-01	-3.1754673058e+00	-2.9721266749e+00	-2.0334063093e-01
0.0674            	-1.3833012575e+00	2.1294589717e-01	-3.1738165466e+00	-2.9702095308e+00	-2.0360701577e-01
0.0676            	-1.3824854712e+00	2.1268391261e-01	-3.1725338973e+00	-2.9687524199e+00	-2.0378147746e-01
0.0678            	-1.3818424046e+00	2.1233942336e-01	-3.1715011926e+00	-2.9675930009e+00	-2.0390819175e-01
0.068             	-1.3806960223e+00	2.1179693666e-01	-3.1695197202e+00	-2.9654558824e+00	-2.0406383783e-01
0.0682            	-1.3790585007e+00	2.1116283866e-01	-3.1667569195e+00	-2.9624369604e+00	-2.0431995911e-01
0.0684            	-1.3783054910e+00	2.1080480880e-01	-3.1654385915e+00	-2.9610247867e+00	-2.0441380481e-01
0.0686            	-1.3783215709e+00	2.1054587764e-01	-3.1652038856e+00	-2.9609235137e+00	-2.0428037196e-01
0.0688            	-1.3781675657e+00	2.1039099548e-01	-3.1647028790e+00	-2.9605190052e+00	-2.0418387383e-01
0.069             	-1.3781690400e+00	2.1030005737e-01	-3.1646162908e+00	-2.9604771854e+00	-2.0413910540e-01
0.0692            	-1.3779763054e+00	2.1023193220e-01	-3.1642097144e+00	-2.9600811626e+00	-2.0412855181e-01
0.0694            	-1.3777091046e+00	2.1013925622e-01	-3.1638312717e+00	-2.9596247405e+00	-2.0420653123e-01
0.0696            	-1.3771601284e+00	2.0995800601e-01	-3.1629080742e+00	-2.9586141655e+00	-2.0429390873e-01
0.0698            	-1.3762451187e+00	2.0965453530e-01	-3.1614048797e+00	-2.9569475586e+00	-2.0445732111e-01
0.07              	-1.3752544845e+00	2.0931310001e-01	-3.1598508880e+00	-2.9551799285e+00	-2.0467095955e-01
0.0702            	-1.3746369212e+00	2.0905619354e-01	-3.1587455913e+00	-2.9540097169e+00	-2.0473587444e-01
0.0704            	-1.3746206970e+00	2.0903587008e-01	-3.1586614474e+00	-2.9539514207e+00	-2.0471002673e-01
0.0706            	-1.3729705126e+00	2.0834522977e-01	-3.1559950805e+00	-2.9509680529e+00	-2.0502702762e-01
0.0708            	-1.3702076329e+00	2.0742743632e-01	-3.1514627339e+00	-2.9459389998e+00	-2.0552373407e-01
0.071             	-1.3687819471e+00	2.0690480393e-01	-3.1489306424e+00	-2.9432472683e+00	-2.0568337408e-01
0.0712            	-1.3695477698e+00	2.0708294007e-01	-3.1499159167e+00	-2.9445057281e+00	-2.0541018858e-01
0.0714            	-1.3716612923e+00	2.0762911307e-01	-3.1533980298e+00	-2.9483603071e+00	-2.0503772263e-01
0.0716            	-1.3716309708e+00	2.0761814404e-01	-3.1534970621e+00	-2.9483795018e+00	-2.0511756031e-01
0.0718            	-1.3696726320e+00	2.0700434133e-01	-3.1507010026e+00	-2.9450231333e+00	-2.0567786929e-01
0.072             	-1.3668646344e+00	2.0615510878e-01	-3.1462290050e+00	-2.9399791369e+00	-2.0624986807e-01
0.0722            	-1.3650556678e+00	2.0557290353e-01	-3.1434095020e+00	-2.9367604188e+00	-2.0664908318e-01
0.0724            	-1.3638655327e+00	2.0517927674e-01	-3.1413053733e+00	-2.9345182194e+00	-2.0678715391e-01
0.0726            	-1.3630388330e+00	2.0487449693e-01	-3.1396566954e+00	-2.9328671807e+00	-2.0678951466e-01
0.0728            	-1.3624272385e+00	2.0460952912e-01	-3.1385026044e+00	-2.9316785407e+00	-2.0682406367e-01
0.073             	-1.3612767662e+00	2.0420188694e-01	-3.1363565298e+00	-2.9294550311e+00	-2.0690149870e-01
0.0732            	-1.3605001555e+00	2.0399378992e-01	-3.1348377839e+00	-2.9279190474e+00	-2.0691873646e-01
0.0734            	-1.3598343732e+00	2.0375643982e-01	-3.1335790649e+00	-2.9266239056e+00	-2.0695515930e-01
0.0736            	-1.3589498856e+00	2.0336576810e-01	-3.1320942174e+00	-2.9249969943e+00	-2.0709722309e-01
0.0738            	-1.3579219908e+00	2.0299691626e-01	-3.1302709315e+00	-2.9230574566e+00	-2.0721347493e-01
0.074             	-1.3576683261e+00	2.0293707602e-01	-3.1297725932e+00	-2.9225546227e+00	-2.0721797049e-01
0.0742            	-1.3583130363e+00	2.0310487776e-01	-3.1310352626e+00	-2.9238306676e+00	-2.0720459501e-01
0.0744            	-1.3575417265e+00	2.0277208536e-01	-3.1299918624e+00	-2.9225376577e+00	-2.0745420473e-01
0.0746            	-1.3562581686e+00	2.0236649343e-01	-3.1282124042e+00	-2.9203643707e+00	-2.0784803349e-01
0.0748            	-1.3550607293e+00	2.0196838311e-01	-3.1264411308e+00	-2.9182812946e+00	-2.0815983613e-01
0.075             	-1.3531088807e+00	2.0134790214e-01	-3.1233466537e+00	-2.9147822075e+00	-2.0856444618e-01
0.0752            	-1.3519677623e+00	2.0105304483e-01	-3.1215827704e+00	-2.9127591475e+00	-2.0882362296e-01
0.0754            	-1.3504050214e+00	2.0054370670e-01	-3.1190715266e+00	-2.9099407846e+00	-2.0913074193e-01
0.0756            	-1.3493075336e+00	2.0022197921e-01	-3.1172502382e+00	-2.9079326528e+00	-2.0931758546e-01
0.0758            	-1.3487805906e+00	1.9999574146e-01	-3.1164893307e+00	-2.9070252559e+00	-2.0946407477e-01
0.076             	-1.3485506793e+00	1.9997142352e-01	-3.1161488744e+00	-2.9066251165e+00	-2.0952375789e-01
0.0762            	-1.3471997412e+00	1.9944950524e-01	-3.1140195217e+00	-2.9042095020e+00	-2.0981001969e-01
0.0764            	-1.3450611918e+00	1.9871738627e-01	-3.1104821517e+00	-2.9003022677e+00	-2.1017988404e-01
0.0766            	-1.3429596623e+00	1.9810174389e-01	-3.1068217029e+00	-2.8963705137e+00	-2.1045118912e-01
0.0768            	-1.3415520788e+00	1.9770002943e-01	-3.1041752142e+00	-2.8936396859e+00	-2.1053552831e-01
0.077             	-1.3407419268e+00	1.9749846453e-01	-3.1023666509e+00	-2.8919252522e+00	-2.1044139870e-01
0.0772            	-1.3404966267e+00	1.9751594879e-01	-3.1015069416e+00	-2.8912500975e+00	-2.1025684412e-01
0.0774            	-1.3397446976e+00	1.9724209744e-01	-3.0999012337e+00	-2.8896953145e+00	-2.1020591922e-01
0.0776            	-1.3362317251e+00	1.9600471505e-01	-3.0937263803e+00	-2.8830949153e+00	-2.1063146505e-01
0.0778            	-1.3318495191e+00	1.9454914389e-01	-3.0860154308e+00	-2.8748572346e+00	-2.1115819626e-01
0.078             	-1.3287169509e+00	1.9346532714e-01	-3.0802876045e+00	-2.8688607531e+00	-2.1142685139e-01
0.0782            	-1.3276654331e+00	1.9288849102e-01	-3.0775537252e+00	-2.8664422956e+00	-2.1111142953e-01
0.0784            	-1.3273413688e+00	1.9254988987e-01	-3.0760332703e+00	-2.8653580039e+00	-2.1067526638e-01
0.0786            	-1.3276757789e+00	1.9241867247e-01	-3.0758392686e+00	-2.8655954132e+00	-2.1024385545e-01
0.0788            	-1.3278256226e+00	1.9228811103e-01	-3.0753926594e+00	-2.8655219523e+00	-2.0987070709e-01
0.079             	-1.3278331219e+00	1.9215488691e-01	-3.0750306275e+00	-2.8653484357e+00	-2.0968219179e-01
0.0792            	-1.3271737232e+00	1.9187816246e-01	-3.0738000170e+00	-2.8640737317e+00	-2.0972628530e-01
0.0794            	-1.3269742194e+00	1.9181144718e-01	-3.0734770057e+00	-2.8637127223e+00	-2.0976428344e-01
0.0796            	-1.3286739852e+00	1.9237881475e-01	-3.0766305063e+00	-2.8669892384e+00	-2.0964126799e-01
0.0798            	-1.3277686098e+00	1.9202483739e-01	-3.0755007678e+00	-2.8655189937e+00	-2.0998177406e-01
0.08              	-1.3254713916e+00	1.9142685502e-01	-3.0719235543e+00	-2.8614331687e+00	-2.1049038558e-01
0.0802            	-1.3231366139e+00	1.9088068130e-01	-3.0680722187e+00	-2.8571727233e+00	-2.1089949543e-01
0.0804            	-1.3192909582e+00	1.8979165272e-01	-3.0613549390e+00	-2.8499684277e+00	-2.1138651136e-01
0.0806            	-1.3163067456e+00	1.8906277081e-01	-3.0558794401e+00	-2.8442464656e+00	-2.1163297450e-01
0.0808            	-1.3177259849e+00	1.8964570523e-01	-3.0577005528e+00	-2.8465762613e+00	-2.1112429147e-01
0.081             	-1.3209042066e+00	1.9053848298e-01	-3.0627047682e+00	-2.8522565907e+00	-2.1044817753e-01
0.0812            	-1.3199663601e+00	1.9021752088e-01	-3.0609951069e+00	-2.8504639135e+00	-2.1053119339e-01
0.0814            	-1.3178638803e+00	1.8968206721e-01	-3.0575710302e+00	-2.8466493955e+00	-2.1092163476e-01
0.0816            	-1.3153970616e+00	1.8915502286e-01	-3.0534925237e+00	-2.8421433235e+00	-2.1134920026e-01
0.0818            	-1.3123412381e+00	1.8830033617e-01	-3.0484172758e+00	-2.8365498760e+00	-2.1186739973e-01
0.082             	-1.3098667193e+00	1.8764541224e-01	-3.0440423431e+00	-2.8318878909e+00	-2.1215445221e-01
0.0822            	-1.3075883806e+00	1.8700817233e-01	-3.0398943501e+00	-2.8275355557e+00	-2.1235879442e-01
0.0824            	-1.3063257728e+00	1.8663759231e-01	-3.0373661392e+00	-2.8250088424e+00	-2.1235729676e-01
0.0826            	-1.3060094574e+00	1.8650298450e-01	-3.0363459118e+00	-2.8241824134e+00	-2.1216349849e-01
0.0828            	-1.3050363149e+00	1.8612462633e-01	-3.0340755914e+00	-2.8220741105e+00	-2.1200148082e-01
0.083             	-1.3029930562e+00	1.8545984809e-01	-3.0300944787e+00	-2.8180402955e+00	-2.1205418318e-01
0.0832            	-1.2994587463e+00	1.8435906973e-01	-3.0235122348e+00	-2.8112148637e+00	-2.1229737116e-01
0.0834            	-1.2971888401e+00	1.8372051107e-01	-3.0190713708e+00	-2.8067245255e+00	-2.1234684525e-01
0.0836            	-1.2964467692e+00	1.8345345994e-01	-3.0169440471e+00	-2.8049187927e+00	-2.1202525434e-01
0.0838            	-1.2972772211e+00	1.8366511483e-01	-3.0177696995e+00	-2.8061620709e+00	-2.1160762865e-01
0.084             	-1.2990623187e+00	1.8420254317e-01	-3.0204761621e+00	-2.8093003997e+00	-2.1117576240e-01
0.0842            	-1.2994083814e+00	1.8424007976e-01	-3.0210686917e+00	-2.8099427272e+00	-2.1112596449e-01
0.0844            	-1.2959148697e+00	1.8318264694e-01	-3.0151717976e+00	-2.8035007685e+00	-2.1167102909e-01
0.0846            	-1.2934258781e+00	1.8265949868e-01	-3.0108578694e+00	-2.7988548128e+00	-2.1200305664e-01
0.0848            	-1.2917361633e+00	1.8230687181e-01	-3.0078512302e+00	-2.7956617784e+00	-2.1218945183e-01
0.085             	-1.2909558326e+00	1.8223932584e-01	-3.0063980680e+00	-2.7941548666e+00	-2.1224320139e-01
0.0852            	-1.2909239812e+00	1.8240048428e-01	-3.0065015958e+00	-2.7941747791e+00	-2.1232681674e-01
0.0854            	-1.2903509567e+00	1.8225045973e-01	-3.0058485145e+00	-2.7932752139e+00	-2.1257330060e-01
0.0856            	-1.2889329538e+00	1.8184833994e-01	-3.0036169877e+00	-2.7907414476e+00	-2.1287554009e-01
0.0858            	-1.2870983533e+00	1.8142506504e-01	-3.0008499473e+00	-2.7875233270e+00	-2.1332662033e-01
0.086             	-1.2840772432e+00	1.8054199067e-01	-2.9960813483e+00	-2.7821179173e+00	-2.1396343101e-01
0.0862            	-1.2813513307e+00	1.7979754318e-01	-2.9914101200e+00	-2.7770563907e+00	-2.1435372932e-01
0.0864            	-1.2792575438e+00	1.7932777025e-01	-2.9875732557e+00	-2.7730441716e+00	-2.1452908412e-01
0.0866            	-1.2769763385e+00	1.7882863237e-01	-2.9831471833e+00	-2.7685499302e+00	-2.1459725313e-01
0.0868            	-1.2718175729e+00	1.7739030341e-01	-2.9735968237e+00	-2.7586159847e+00	-2.1498083897e-01
0.087             	-1.2679874315e+00	1.7642734028e-01	-2.9660670011e+00	-2.7510209321e+00	-2.1504606899e-01
0.0872            	-1.2672558808e+00	1.7622382554e-01	-2.9634915996e+00	-2.7490016806e+00	-2.1448991905e-01
0.0874            	-1.2677597827e+00	1.7629623968e-01	-2.9630376257e+00	-2.7492785956e+00	-2.1375903015e-01
0.0876            	-1.2697997194e+00	1.7694286517e-01	-2.9654366026e+00	-2.7525180208e+00	-2.1291858189e-01
0.0878            	-1.2689221552e+00	1.7662297353e-01	-2.9632113944e+00	-2.7505278524e+00	-2.1268354202e-01
0.088             	-1.2655973787e+00	1.7564054478e-01	-2.9571089248e+00	-2.7441518412e+00	-2.1295708368e-01
0.0882            	-1.2623694188e+00	1.7475084484e-01	-2.9511134916e+00	-2.7379261646e+00	-2.1318732701e-01
0.0884            	-1.2609429540e+00	1.7434393800e-01	-2.9481220886e+00	-2.7350039983e+00	-2.1311809029e-01
0.0886            	-1.2621962226e+00	1.7476823013e-01	-2.9501650377e+00	-2.7372787414e+00	-2.1288629627e-01
0.0888            	-1.2620202871e+00	1.7466294401e-01	-2.9499024700e+00	-2.7369715221e+00	-2.1293094786e-01
0.089             	-1.2613572634e+00	1.7448204258e-01	-2.9490832908e+00	-2.7358989088e+00	-2.1318438200e-01
0.0892            	-1.2600246816e+00	1.7408441882e-01	-2.9472122242e+00	-2.7336307937e+00	-2.1358143056e-01
0.0894            	-1.2601606433e+00	1.7430204190e-01	-2.9480742743e+00	-2.7341977804e+00	-2.1387649390e-01
0.0896            	-1.2581667224e+00	1.7370981827e-01	-2.9453533054e+00	-2.7308433751e+00	-2.1450993032e-01
0.0898            	-1.2557216128e+00	1.7314556787e-01	-2.9417418122e+00	-2.7265925189e+00	-2.1514929328e-01
0.09              	-1.2524915363e+00	1.7238704737e-01	-2.9364331930e+00	-2.7207081328e+00	-2.1572506018e-01
0.0902            	-1.2483459665e+00	1.7140417639e-01	-2.9292012888e+00	-2.7129466109e+00	-2.1625467789e-01
0.0904            	-1.2438117450e+00	1.7027684178e-01	-2.9209177228e+00	-2.7042706064e+00	-2.1664711644e-01
0.0906            	-1.2394012553e+00	1.6914743632e-01	-2.9124337917e+00	-2.6956181512e+00	-2.1681564050e-01
0.0908            	-1.2389611443e+00	1.6921812610e-01	-2.9104618076e+00	-2.6941920481e+00	-2.1626975950e-01
0.091             	-1.2391910054e+00	1.6933587990e-01	-2.9096338190e+00	-2.6940079149e+00	-2.1562590410e-01
0.0912            	-1.2376422670e+00	1.6890782242e-01	-2.9059208363e+00	-2.6906026852e+00	-2.1531815114e-01
0.0914            	-1.2352678536e+00	1.6821568672e-01	-2.9012693992e+00	-2.6859025532e+00	-2.1536684598e-01
0.0916            	-1.2319662152e+00	1.6714852669e-01	-2.8948863669e+00	-2.6794093986e+00	-2.1547696827e-01
0.0918            	-1.2280222124e+00	1.6587813239e-01	-2.8873220052e+00	-2.6716832150e+00	-2.1563879022e-01
0.092             	-1.2258314845e+00	1.6516916313e-01	-2.8825705926e+00	-2.6671167809e+00	-2.1545381178e-01
0.0922            	-1.2243875583e+00	1.6460055873e-01	-2.8791355082e+00	-2.6639553123e+00	-2.1518019581e-01
0.0924            	-1.2236309389e+00	1.6425598772e-01	-2.8769098817e+00	-2.6620858797e+00	-2.1482400193e-01
0.0926            	-1.2230769075e+00	1.6402960226e-01	-2.8751237837e+00	-2.6606387993e+00	-2.1448498438e-01
0.0928            	-1.2226237194e+00	1.6388203840e-01	-2.8736913235e+00	-2.6594693812e+00	-2.1422194233e-01
0.093             	-1.2229646712e+00	1.6406806176e-01	-2.8740301221e+00	-2.6599797322e+00	-2.1405038989e-01
0.0932            	-1.2239173372e+00	1.6445350933e-01	-2.8756227555e+00	-2.6617287150e+00	-2.1389404057e-01
0.0934            	-1.2235198435e+00	1.6454321081e-01	-2.8753554373e+00	-2.6611975622e+00	-2.1415787516e-01
0.0936            	-1.2213212337e+00	1.6402586724e-01	-2.8722290608e+00	-2.6574357641e+00	-2.1479329674e-01
0.0938            	-1.2192724324e+00	1.6377053898e-01	-2.8692534791e+00	-2.6538991720e+00	-2.1535430714e-01
0.094             	-1.2172197715e+00	1.6346423139e-01	-2.8661652873e+00	-2.6503024151e+00	-2.1586287218e-01
0.0942            	-1.2157917850e+00	1.6339965451e-01	-2.8641012275e+00	-2.6478423987e+00	-2.1625882880e-01
0.0944            	-1.2140221629e+00	1.6318258889e-01	-2.8614889827e+00	-2.6447666542e+00	-2.1672232847e-01
0.0946            	-1.2121161317e+00	1.6292544158e-01	-2.8585514028e+00	-2.6413918331e+00	-2.1715956971e-01
0.0948            	-1.2095040782e+00	1.6237434078e-01	-2.8541766220e+00	-2.6365923892e+00	-2.1758423284e-01
0.095             	-1.2061823688e+00	1.6167720625e-01	-2.8485676347e+00	-2.6304661862e+00	-2.1810144853e-01
0.0952            	-1.2027619627e+00	1.6097834197e-01	-2.8428227454e+00	-2.6241733355e+00	-2.1864940999e-01
0.0954            	-1.1981942030e+00	1.5974433582e-01	-2.8348684034e+00	-2.6156284047e+00	-2.1923999868e-01
0.0956            	-1.1936438243e+00	1.5850944848e-01	-2.8265429882e+00	-2.6069153184e+00	-2.1962766980e-01
0.0958            	-1.1893572476e+00	1.5737539714e-01	-2.8182596828e+00	-2.5984870890e+00	-2.1977259377e-01
0.096             	-1.1864360425e+00	1.5664669685e-01	-2.8121265881e+00	-2.5924993365e+00	-2.1962725154e-01
0.0962            	-1.1844087458e+00	1.5611194935e-01	-2.8075632697e+00	-2.5881903806e+00	-2.1937288908e-01
0.0964            	-1.1816950541e+00	1.5530981052e-01	-2.8017328198e+00	-2.5825614640e+00	-2.1917135584e-01
0.0966            	-1.1797990811e+00	1.5478130002e-01	-2.7973944851e+00	-2.5784963236e+00	-2.1889816147e-01
0.0968            	-1.1783516467e+00	1.5439512246e-01	-2.7939641541e+00	-2.5753337237e+00	-2.1863043036e-01
0.097             	-1.1768890201e+00	1.5401405637e-01	-2.7906758539e+00	-2.5722269470e+00	-2.1844890689e-01
0.0972            	-1.1753889808e+00	1.5362290549e-01	-2.7874866562e+00	-2.5691323089e+00	-2.1835434730e-01
0.0974            	-1.1741637221e+00	1.5335201311e-01	-2.7849984851e+00	-2.5666629646e+00	-2.1833552048e-01
0.0976            	-1.1736848766e+00	1.5334665684e-01	-2.7839384317e+00	-2.5656540924e+00	-2.1828433929e-01
0.0978            	-1.1735342330e+00	1.5356169245e-01	-2.7837373221e+00	-2.5654028940e+00	-2.1833442809e-01
0.098             	-1.1721572940e+00	1.5339507784e-01	-2.7816065275e+00	-2.5629605578e+00	-2.1864596976e-01
0.0982            	-1.1701001313e+00	1.5304568283e-01	-2.7783709702e+00	-2.5592856164e+00	-2.1908535385e-01
0.0984            	-1.1668208594e+00	1.5232844333e-01	-2.7729711976e+00	-2.5533064582e+00	-2.1966473947e-01
0.0986            	-1.1638191798e+00	1.5175271375e-01	-2.7678436414e+00	-2.5477410005e+00	-2.2010264095e-01
0.0988            	-1.1612840182e+00	1.5136672243e-01	-2.7634203262e+00	-2.5429941813e+00	-2.2042614489e-01
0.099             	-1.1589169224e+00	1.5101361727e-01	-2.7591186242e+00	-2.5384762345e+00	-2.2064238967e-01
0.0992            	-1.1565827307e+00	1.5070521410e-01	-2.7547409888e+00	-2.5339532251e+00	-2.2078776371e-01
0.0994            	-1.1540695146e+00	1.5031650467e-01	-2.7499832575e+00	-2.5290611434e+00	-2.2092211414e-01
0.0996            	-1.1510761810e+00	1.4980401171e-01	-2.7444595721e+00	-2.5233059670e+00	-2.2115360510e-01
0.0998            	-1.1486350444e+00	1.4931640882e-01	-2.7393742735e+00	-2.5183221811e+00	-2.2105209239e-01
0.1               	-1.1441260338e+00	1.4812713837e-01	-2.7309684589e+00	-2.5096102633e+00	-2.2135819566e-01
0.1002            	-1.1388635554e+00	1.4674338856e-01	-2.7208913022e+00	-2.4993092065e+00	-2.2158209569e-01
0.1004            	-1.1342181855e+00	1.4552205998e-01	-2.7117110943e+00	-2.4900737326e+00	-2.2163736168e-01
0.1006            	-1.1316218210e+00	1.4483181179e-01	-2.7058262797e+00	-2.4845349608e+00	-2.2129131882e-01
0.1008            	-1.1297590002e+00	1.4432348048e-01	-2.7010915418e+00	-2.4803047711e+00	-2.2078677064e-01
0.101             	-1.1281497708e+00	1.4388996613e-01	-2.6969455469e+00	-2.4766225443e+00	-2.2032300268e-01
0.1012            	-1.1268932971e+00	1.4357748913e-01	-2.6938045657e+00	-2.4737955800e+00	-2.2000898569e-01
0.1014            	-1.1268234128e+00	1.4365995157e-01	-2.6929955634e+00	-2.4733211945e+00	-2.1967436888e-01
0.1016            	-1.1271028378e+00	1.4384278823e-01	-2.6931178041e+00	-2.4736617399e+00	-2.1945606421e-01
0.1018            	-1.1262723536e+00	1.4384272172e-01	-2.6917625254e+00	-2.4721536164e+00	-2.1960890908e-01
0.102             	-1.1240085003e+00	1.4351074590e-01	-2.6882830461e+00	-2.4681500233e+00	-2.2013302281e-01
0.1022            	-1.1213331360e+00	1.4307318960e-01	-2.6841454984e+00	-2.4634058851e+00	-2.2073961322e-01
0.1024            	-1.1190531718e+00	1.4280440138e-01	-2.6806752738e+00	-2.4593908087e+00	-2.2128446506e-01
0.1026            	-1.1164789183e+00	1.4244716113e-01	-2.6764610670e+00	-2.4547094518e+00	-2.2175161526e-01
0.1028            	-1.1132898214e+00	1.4192263682e-01	-2.6710510236e+00	-2.4488153332e+00	-2.2223569041e-01
0.103             	-1.1099296250e+00	1.4136514809e-01	-2.6651179426e+00	-2.4424885963e+00	-2.2262934624e-01
0.1032            	-1.1061190891e+00	1.4066148470e-01	-2.6581431912e+00	-2.4351906847e+00	-2.2295250655e-01
0.1034            	-1.1024845080e+00	1.4004706234e-01	-2.6512975849e+00	-2.4281333005e+00	-2.2316428443e-01
0.1036            	-1.0991992229e+00	1.3947186010e-01	-2.6449535377e+00	-2.4216759918e+00	-2.2327754593e-01
0.1038            	-1.0959122769e+00	1.3879881451e-01	-2.6383845905e+00	-2.4151045721e+00	-2.2328001840e-01
0.104             	-1.0925776545e+00	1.3813801275e-01	-2.6315038436e+00	-2.4083295763e+00	-2.2317426724e-01
0.1042            	-1.0894814511e+00	1.3758512820e-01	-2.6248707922e+00	-2.4019168471e+00	-2.2295394503e-01
0.1044            	-1.0883764375e+00	1.3771871247e-01	-2.6218542691e+00	-2.3993035721e+00	-2.2255069706e-01
0.1046            	-1.0864790773e+00	1.3754533925e-01	-2.6174713541e+00	-2.3952147544e+00	-2.2225659974e-01
0.1048            	-1.0844985556e+00	1.3730597550e-01	-2.6135217459e+00	-2.3912594285e+00	-2.2226231734e-01
0.105             	-1.0819635444e+00	1.3686401982e-01	-2.6086668084e+00	-2.3862969486e+00	-2.2236985979e-01
0.1052            	-1.0795588332e+00	1.3652535465e-01	-2.6041123154e+00	-2.3816149909e+00	-2.2249732453e-01
0.1054            	-1.0774885346e+00	1.3615702614e-01	-2.5999815066e+00	-2.3774792879e+00	-2.2250221870e-01
0.1056            	-1.0747720267e+00	1.3564400769e-01	-2.5949597367e+00	-2.3722518950e+00	-2.2270784168e-01
0.1058            	-1.0720602045e+00	1.3519050070e-01	-2.5900499265e+00	-2.3670851678e+00	-2.2296475870e-01
0.106             	-1.0698102798e+00	1.3487441777e-01	-2.5859016492e+00	-2.3627611044e+00	-2.2314054480e-01
0.1062            	-1.0677469373e+00	1.3466508236e-01	-2.5821435773e+00	-2.3588187259e+00	-2.2332485134e-01
0.1064            	-1.0661990737e+00	1.3468308749e-01	-2.5792579067e+00	-2.3558280270e+00	-2.2342987963e-01
0.1066            	-1.0650995244e+00	1.3474983949e-01	-2.5769004384e+00	-2.3535497436e+00	-2.2335069482e-01
0.1068            	-1.0629324242e+00	1.3461973368e-01	-2.5729511293e+00	-2.3494079889e+00	-2.2354314043e-01
0.107             	-1.0597385439e+00	1.3420025522e-01	-2.5675346553e+00	-2.3435058715e+00	-2.2402878377e-01
0.1072            	-1.0560557689e+00	1.3360302675e-01	-2.5611016579e+00	-2.3366065979e+00	-2.2449506000e-01
0.1074            	-1.0523394716e+00	1.3301152577e-01	-2.5544776588e+00	-2.3295783010e+00	-2.2489935778e-01
0.1076            	-1.0478136917e+00	1.3215393723e-01	-2.5460936614e+00	-2.3208605224e+00	-2.2523313902e-01
0.1078            	-1.0441791410e+00	1.3162191387e-01	-2.5391830301e+00	-2.3137706560e+00	-2.2541237405e-01
0.108             	-1.0408114590e+00	1.3112071400e-01	-2.5325227274e+00	-2.3070728227e+00	-2.2544990468e-01
0.1082            	-1.0375308070e+00	1.3058488716e-01	-2.5258678031e+00	-2.3004647086e+00	-2.2540309451e-01
0.1084            	-1.0340190616e+00	1.2993748369e-01	-2.5187227184e+00	-2.2933804208e+00	-2.2534229754e-01
0.1086            	-1.0288203381e+00	1.2865227771e-01	-2.5083067246e+00	-2.2829737005e+00	-2.2533302418e-01
0.1088            	-1.0244729203e+00	1.2779096634e-01	-2.4992627762e+00	-2.2741043084e+00	-2.2515846779e-01
0.109             	-1.0219188242e+00	1.2743595468e-01	-2.4932405159e+00	-2.2685390822e+00	-2.2470143373e-01
0.1092            	-1.0195270956e+00	1.2705756953e-01	-2.4873829032e+00	-2.2632185472e+00	-2.2416435603e-01
0.1094            	-1.0168884519e+00	1.2658410376e-01	-2.4815167788e+00	-2.2576468413e+00	-2.2386993752e-01
0.1096            	-1.0142981781e+00	1.2606319232e-01	-2.4757325399e+00	-2.2521644481e+00	-2.2356809180e-01
0.1098            	-1.0120992294e+00	1.2563835047e-01	-2.4709655160e+00	-2.2475819874e+00	-2.2338352855e-01
0.11              	-1.0102230844e+00	1.2530407295e-01	-2.4670269986e+00	-2.2437365837e+00	-2.2329041497e-01
0.1102            	-1.0104322602e+00	1.2570497259e-01	-2.4670780246e+00	-2.2439712725e+00	-2.2310675206e-01
0.1104            	-1.0100341307e+00	1.2581499658e-01	-2.4663587788e+00	-2.2432135201e+00	-2.2314525869e-01
0.1106            	-1.0074092350e+00	1.2532552902e-01	-2.4620008962e+00	-2.2384096831e+00	-2.2359121309e-01
0.1108            	-1.0041720423e+00	1.2479519036e-01	-2.4566123451e+00	-2.2324782149e+00	-2.2413413021e-01
0.111             	-1.0009487737e+00	1.2437588001e-01	-2.4513094016e+00	-2.2266034745e+00	-2.2470592716e-01
0.1112            	-9.9795859830e-01	1.2418823573e-01	-2.4463145300e+00	-2.2211158633e+00	-2.2519866669e-01
0.1114            	-9.9539127387e-01	1.2413507214e-01	-2.4420220149e+00	-2.2164022813e+00	-2.2561973360e-01
0.1116            	-9.9319748724e-01	1.2421396902e-01	-2.4383849981e+00	-2.2123899863e+00	-2.2599501181e-01
0.1118            	-9.9205500571e-01	1.2470527177e-01	-2.4365222405e+00	-2.2103161260e+00	-2.2620611454e-01
0.112             	-9.8885086783e-01	1.2438768973e-01	-2.4308573472e+00	-2.2042795414e+00	-2.2657780575e-01
0.1122            	-9.8398182519e-01	1.2370215654e-01	-2.4222263004e+00	-2.1950949754e+00	-2.2713132501e-01
0.1124            	-9.7917933532e-01	1.2309086165e-01	-2.4136821633e+00	-2.1860204170e+00	-2.2766174633e-01
0.1126            	-9.7344020239e-01	1.2210413010e-01	-2.4032719195e+00	-2.1750761621e+00	-2.2819575736e-01
0.1128            	-9.6822731962e-01	1.2124365297e-01	-2.3935070179e+00	-2.1649808286e+00	-2.2852618931e-01
0.113             	-9.6348098360e-01	1.2041395967e-01	-2.3840681467e+00	-2.1555150570e+00	-2.2855308977e-01
0.1132            	-9.6039247877e-01	1.2010303177e-01	-2.3775805716e+00	-2.1491827646e+00	-2.2839780705e-01
0.1134            	-9.5757240431e-01	1.1967669937e-01	-2.3715355915e+00	-2.1433402001e+00	-2.2819539144e-01
0.1136            	-9.5404584104e-01	1.1906224479e-01	-2.3643760452e+00	-2.1362338637e+00	-2.2814218157e-01
0.1138            	-9.5027522658e-01	1.1840791908e-01	-2.3568160114e+00	-2.1286832323e+00	-2.2813277913e-01
0.114             	-9.4679434374e-01	1.1786351048e-01	-2.3500309420e+00	-2.1218098148e+00	-2.2822112727e-01
0.1142            	-9.4346366022e-01	1.1735309967e-01	-2.3437089512e+00	-2.1153181358e+00	-2.2839081537e-01
0.1144            	-9.4067507352e-01	1.1693753881e-01	-2.3383330121e+00	-2.1098415796e+00	-2.2849143255e-01
0.1146            	-9.3732753452e-01	1.1632773095e-01	-2.3319796481e+00	-2.1033173586e+00	-2.2866228954e-01
0.1148            	-9.3352036552e-01	1.1563168917e-01	-2.3247477478e+00	-2.0958942394e+00	-2.2885350837e-01
0.115             	-9.3038015596e-01	1.1519611864e-01	-2.3189579180e+00	-2.0898591149e+00	-2.2909880302e-01
0.1152            	-9.2840822689e-01	1.1513866534e-01	-2.3151709631e+00	-2.0859937084e+00	-2.2917725464e-01
0.1154            	-9.2626109968e-01	1.1500912535e-01	-2.3112359029e+00	-2.0818790511e+00	-2.2935685175e-01
0.1156            	-9.2269700245e-01	1.1446464687e-01	-2.3048783104e+00	-2.0751361576e+00	-2.2974215273e-01
0.1158            	-9.1925930735e-01	1.1407965788e-01	-2.2987052533e+00	-2.0686119340e+00	-2.3009331931e-01
0.116             	-9.1631122055e-01	1.1387044670e-01	-2.2933359519e+00	-2.0629791965e+00	-2.3035675541e-01
0.1162            	-9.1311045469e-01	1.1359454558e-01	-2.2874554804e+00	-2.0568381949e+00	-2.3061728553e-01
0.1164            	-9.0914226878e-01	1.1313505681e-01	-2.2802331642e+00	-2.0492588509e+00	-2.3097431332e-01
0.1166            	-9.0486537080e-01	1.1258452333e-01	-2.2723767675e+00	-2.0410537546e+00	-2.3132301296e-01
0.1168            	-9.0092513236e-01	1.1216839224e-01	-2.2648789151e+00	-2.0333645899e+00	-2.3151432518e-01
0.117             	-8.9749590655e-01	1.1185724122e-01	-2.2583024319e+00	-2.0266471225e+00	-2.3165530942e-01
0.1172            	-8.9399195190e-01	1.1156051424e-01	-2.2515177917e+00	-2.0197508478e+00	-2.3176694397e-01
0.1174            	-8.9062305000e-01	1.1130775463e-01	-2.2448438829e+00	-2.0130449914e+00	-2.3179889142e-01
0.1176            	-8.8687577762e-01	1.1091920275e-01	-2.2377484530e+00	-2.0057500041e+00	-2.3199844887e-01
0.1178            	-8.8284085920e-01	1.1046969079e-01	-2.2301699189e+00	-1.9979258187e+00	-2.3224410025e-01
0.118             	-8.7869249068e-01	1.0998304540e-01	-2.2224448425e+00	-1.9899149119e+00	-2.3252993055e-01
0.1182            	-8.7480292627e-01	1.0968322714e-01	-2.2152333326e+00	-1.9824195926e+00	-2.3281374003e-01
0.1184            	-8.7109813827e-01	1.0940267061e-01	-2.2085415651e+00	-1.9753689208e+00	-2.3317264430e-01
0.1186            	-8.6737142211e-01	1.0913377187e-01	-2.2019708239e+00	-1.9683568341e+00	-2.3361398987e-01
0.1188            	-8.6354268407e-01	1.0891384911e-01	-2.1950239748e+00	-1.9610546715e+00	-2.3396930336e-01
0.119             	-8.5982768228e-01	1.0873671741e-01	-2.1882441944e+00	-1.9539497795e+00	-2.3429441495e-01
0.1192            	-8.5599381414e-01	1.0861255374e-01	-2.1812920977e+00	-1.9466398630e+00	-2.3465223472e-01
0.1194            	-8.5210002561e-01	1.0852552868e-01	-2.1742766959e+00	-1.9392383736e+00	-2.3503832235e-01
0.1196            	-8.4828860692e-01	1.0843953413e-01	-2.1672553722e+00	-1.9319162930e+00	-2.3533907917e-01
0.1198            	-8.4417154655e-01	1.0822602240e-01	-2.1597468989e+00	-1.9240449960e+00	-2.3570190290e-01
0.12              	-8.3990181542e-01	1.0805172356e-01	-2.1521471518e+00	-1.9159753913e+00	-2.3617176049e-01
0.1202            	-8.3586648219e-01	1.0789765733e-01	-2.1448167954e+00	-1.9082748799e+00	-2.3654191549e-01
0.1204            	-8.3184376610e-01	1.0777540988e-01	-2.1374860748e+00	-1.9005868035e+00	-2.3689927130e-01
0.1206            	-8.2789727483e-01	1.0775185952e-01	-2.1303825399e+00	-1.8930885448e+00	-2.3729399510e-01
0.1208            	-8.2375768719e-01	1.0772880647e-01	-2.1229996766e+00	-1.8852575255e+00	-2.3774215110e-01
0.121             	-8.1948158717e-01	1.0770151330e-01	-2.1154204897e+00	-1.8771918320e+00	-2.3822865770e-01
0.1212            	-8.1499562391e-01	1.0753613242e-01	-2.1074783348e+00	-1.8687347913e+00	-2.3874354349e-01
0.1214            	-8.1062649301e-01	1.0749875926e-01	-2.0999676768e+00	-1.8606103314e+00	-2.3935734536e-01
0.1216            	-8.0669205914e-01	1.0757184005e-01	-2.0932316260e+00	-1.8533078721e+00	-2.3992375387e-01
0.1218            	-8.0286153852e-01	1.0772018934e-01	-2.0866908435e+00	-1.8462069603e+00	-2.4048388323e-01
0.122             	-7.9835227497e-01	1.0766643218e-01	-2.0792527933e+00	-1.8379786716e+00	-2.4127412170e-01
0.1222            	-7.9268654881e-01	1.0721243297e-01	-2.0696701117e+00	-1.8275216046e+00	-2.4214850702e-01
0.1224            	-7.8712179580e-01	1.0691568533e-01	-2.0606225426e+00	-1.8174330671e+00	-2.4318947548e-01
0.1226            	-7.8194406670e-01	1.0668748733e-01	-2.0521214250e+00	-1.8080047792e+00	-2.4411664579e-01
0.1228            	-7.7829351458e-01	1.0701337833e-01	-2.0465466159e+00	-1.8015668225e+00	-2.4497979338e-01
0.123             	-7.7638309138e-01	1.0789277288e-01	-2.0444933699e+00	-1.7986297763e+00	-2.4586359358e-01
0.1232            	-7.7179514407e-01	1.0796886417e-01	-2.0375238730e+00	-1.7905570806e+00	-2.4696679242e-01
0.1234            	-7.6700367095e-01	1.0805530395e-01	-2.0303185193e+00	-1.7821629306e+00	-2.4815558868e-01
0.1236            	-7.6252085762e-01	1.0846060364e-01	-2.0237654299e+00	-1.7744035726e+00	-2.4936185731e-01
0.1238            	-7.5728327869e-01	1.0870415606e-01	-2.0158285490e+00	-1.7651975532e+00	-2.5063099582e-01
0.124             	-7.5123758825e-01	1.0869808490e-01	-2.0064231896e+00	-1.7544491831e+00	-2.5197400656e-01
0.1242            	-7.4252112428e-01	1.0784654697e-01	-1.9922824665e+00	-1.7386623575e+00	-2.5362010899e-01
0.1244            	-7.3383151470e-01	1.0724135947e-01	-1.9781642013e+00	-1.7229136154e+00	-2.5525058596e-01
0.1246            	-7.2739004646e-01	1.0732513364e-01	-1.9675656971e+00	-1.7111728950e+00	-2.5639280208e-01
0.1248            	-7.2159588752e-01	1.0760836619e-01	-1.9580331859e+00	-1.7006124805e+00	-2.5742070545e-01
0.125             	-7.1547358902e-01	1.0766688976e-01	-1.9478944772e+00	-1.6894208276e+00	-2.5847364961e-01
0.1252            	-7.0929145877e-01	1.0772800791e-01	-1.9379128809e+00	-1.6782478992e+00	-2.5966498170e-01
0.1254            	-7.0290801704e-01	1.0779759981e-01	-1.9280067237e+00	-1.6669113789e+00	-2.6109534481e-01
0.1256            	-6.9703272492e-01	1.0793693273e-01	-1.9188829805e+00	-1.6564742151e+00	-2.6240876531e-01
0.1258            	-6.9124536947e-01	1.0806562024e-01	-1.9100083174e+00	-1.6462495282e+00	-2.6375878924e-01
0.126             	-6.8520191861e-01	1.0822392004e-01	-1.9009513509e+00	-1.6356775941e+00	-2.6527375684e-01
0.1262            	-6.7854468066e-01	1.0820403093e-01	-1.8907847805e+00	-1.6239370709e+00	-2.6684770958e-01
0.1264            	-6.7182313173e-01	1.0829777828e-01	-1.8806960255e+00	-1.6121711445e+00	-2.6852488101e-01
0.1266            	-6.6516186484e-01	1.0830085081e-01	-1.8704384387e+00	-1.6003810842e+00	-2.7005735451e-01
0.1268            	-6.5906286673e-01	1.0836329135e-01	-1.8610761977e+00	-1.5896009656e+00	-2.7147523210e-01
0.127             	-6.5263039521e-01	1.0844606980e-01	-1.8513563452e+00	-1.5783085678e+00	-2.7304777737e-01
0.1272            	-6.4644827133e-01	1.0844332082e-01	-1.8420164786e+00	-1.5674565106e+00	-2.7455996798e-01
0.1274            	-6.4011090452e-01	1.0860982534e-01	-1.8326276183e+00	-1.5564247137e+00	-2.7620290464e-01
0.1276            	-6.3350473183e-01	1.0883188127e-01	-1.8227897560e+00	-1.5448996098e+00	-2.7789014619e-01
0.1278            	-6.2633520565e-01	1.0895645288e-01	-1.8122430052e+00	-1.5324567083e+00	-2.7978629697e-01
0.128             	-6.1916860789e-01	1.0927321386e-01	-1.8016235425e+00	-1.5199803792e+00	-2.8164316337e-01
0.1282            	-6.1214022048e-01	1.0982036690e-01	-1.7914463349e+00	-1.5078633879e+00	-2.8358294696e-01
0.1284            	-6.0484740397e-01	1.1021567011e-01	-1.7807558741e+00	-1.4952253410e+00	-2.8553053310e-01
0.1286            	-5.9777851054e-01	1.1046744426e-01	-1.7700055317e+00	-1.4827812764e+00	-2.8722425528e-01
0.1288            	-5.9058652442e-01	1.1095206167e-01	-1.7593468879e+00	-1.4702599683e+00	-2.8908691951e-01
0.129             	-5.8408323882e-01	1.1119714661e-01	-1.7492574939e+00	-1.4587119858e+00	-2.9054550813e-01
0.1292            	-5.7753377436e-01	1.1135857557e-01	-1.7395423685e+00	-1.4473049586e+00	-2.9223740989e-01
0.1294            	-5.7086372780e-01	1.1142773729e-01	-1.7294867651e+00	-1.4356071104e+00	-2.9387965476e-01
0.1296            	-5.6377804164e-01	1.1160967092e-01	-1.7192179631e+00	-1.4233870232e+00	-2.9583093991e-01
0.1298            	-5.5689127123e-01	1.1216790606e-01	-1.7093349057e+00	-1.4115587241e+00	-2.9777618162e-01
0.13              	-5.4944031940e-01	1.1234819121e-01	-1.6984694122e+00	-1.3986750255e+00	-2.9979438670e-01
0.1302            	-5.4211288613e-01	1.1264780226e-01	-1.6879796026e+00	-1.3861026874e+00	-3.0187691515e-01
0.1304            	-5.3476331766e-01	1.1276912227e-01	-1.6773847113e+00	-1.3734556733e+00	-3.0392903798e-01
0.1306            	-5.2775773199e-01	1.1344761489e-01	-1.6673409001e+00	-1.3614281820e+00	-3.0591271806e-01
0.1308            	-5.2022709103e-01	1.1358663618e-01	-1.6564473538e+00	-1.3484507679e+00	-3.0799658587e-01
0.131             	-5.1240324519e-01	1.1371901334e-01	-1.6452684738e+00	-1.3350374821e+00	-3.1023099172e-01
0.1312            	-5.0467917367e-01	1.1400289530e-01	-1.6343423589e+00	-1.3218503531e+00	-3.1249200579e-01
0.1314            	-4.9708818108e-01	1.1424296639e-01	-1.6235936066e+00	-1.3088849844e+00	-3.1470862224e-01
0.1316            	-4.8942960152e-01	1.1441350768e-01	-1.6126673379e+00	-1.2957632705e+00	-3.1690406745e-01
0.1318            	-4.8193369644e-01	1.1464356580e-01	-1.6020667617e+00	-1.2829670773e+00	-3.1909968442e-01
0.132             	-4.7446485738e-01	1.1487077347e-01	-1.5913967279e+00	-1.2701632213e+00	-3.2123350658e-01
0.1322            	-4.6674302913e-01	1.1500794952e-01	-1.5810736791e+00	-1.2572798687e+00	-3.2379381041e-01
0.1324            	-4.5856372783e-01	1.1522079675e-01	-1.5696165128e+00	-1.2433719842e+00	-3.2624452859e-01
0.1326            	-4.5030573090e-01	1.1539050008e-01	-1.5581737722e+00	-1.2293926170e+00	-3.2878115522e-01
0.1328            	-4.4208139333e-01	1.1544197031e-01	-1.5467603509e+00	-1.2154615688e+00	-3.3129878210e-01
0.133             	-4.3356444953e-01	1.1560264976e-01	-1.5350425993e+00	-1.2010857492e+00	-3.3395685013e-01
0.1332            	-4.2514845591e-01	1.1575218907e-01	-1.5235619978e+00	-1.1869294548e+00	-3.3663254298e-01
0.1334            	-4.1680889054e-01	1.1600189024e-01	-1.5121363009e+00	-1.1728770410e+00	-3.3925925989e-01
0.1336            	-4.0894514727e-01	1.1625064319e-01	-1.5013339220e+00	-1.1596121083e+00	-3.4172181375e-01
0.1338            	-4.0115299038e-01	1.1647787984e-01	-1.4904341572e+00	-1.1463700690e+00	-3.4406408822e-01
0.134             	-3.9363200355e-01	1.1672880297e-01	-1.4799050879e+00	-1.1335845475e+00	-3.4632054042e-01
0.1342            	-3.8578320296e-01	1.1702474580e-01	-1.4688843675e+00	-1.1202253867e+00	-3.4865898080e-01
0.1344            	-3.7784161522e-01	1.1730108167e-01	-1.4575356725e+00	-1.1066094515e+00	-3.5092622102e-01
0.1346            	-3.7014309825e-01	1.1752873602e-01	-1.4464400042e+00	-1.0933631003e+00	-3.5307690383e-01
0.1348            	-3.6244931514e-01	1.1775841955e-01	-1.4354398483e+00	-1.0801692393e+00	-3.5527060900e-01
0.135             	-3.5540196717e-01	1.1807650309e-01	-1.4251460036e+00	-1.0679749690e+00	-3.5717103463e-01
0.1352            	-3.4680952998e-01	1.1834116388e-01	-1.4132035859e+00	-1.0534113229e+00	-3.5979226296e-01
0.1354            	-3.3883072597e-01	1.1871200713e-01	-1.4019977248e+00	-1.0398295884e+00	-3.6216813646e-01
0.1356            	-3.3033807287e-01	1.1890226129e-01	-1.3902159324e+00	-1.0254460391e+00	-3.6476989334e-01
0.1358            	-3.2404865895e-01	1.1921932785e-01	-1.3809220813e+00	-1.0145096996e+00	-3.6641238171e-01
0.136             	-3.1611771242e-01	1.1953218654e-01	-1.3697386189e+00	-1.0009870219e+00	-3.6875159703e-01
0.1362            	-3.0801962630e-01	1.1950499464e-01	-1.3583111451e+00	-9.8717519886e-01	-3.7113594626e-01
0.1364            	-2.9963477155e-01	1.2035061505e-01	-1.3472345078e+00	-9.7325202546e-01	-3.7398248237e-01
0.1366            	-2.9284124324e-01	1.2091625394e-01	-1.3373632487e+00	-9.6152286758e-01	-3.7584038110e-01
0.1368            	-2.8639374569e-01	1.2134496201e-01	-1.3278764160e+00	-9.5033195368e-01	-3.7754446229e-01
0.137             	-2.7909653421e-01	1.2178263911e-01	-1.3175804111e+00	-9.3788673977e-01	-3.7969367135e-01
0.1372            	-2.7203453914e-01	1.2234632855e-01	-1.3073562937e+00	-9.2571268600e-01	-3.8164360773e-01
0.1374            	-2.6407184017e-01	1.2294971122e-01	-1.2961316051e+00	-9.1213764270e-01	-3.8399396236e-01
0.1376            	-2.5707392018e-01	1.2384407967e-01	-1.2859696372e+00	-9.0005873879e-01	-3.8591089843e-01
0.1378            	-2.5206939116e-01	1.2473412944e-01	-1.2780213635e+00	-8.9108007289e-01	-3.8694129057e-01
0.138             	-2.4542915465e-01	1.2544143836e-01	-1.2683417449e+00	-8.7960002710e-01	-3.8874171780e-01
0.1382            	-2.4031353808e-01	1.2670347960e-01	-1.2603280274e+00	-8.7047755179e-01	-3.8985047563e-01
0.1384            	-2.3429825329e-01	1.2736055068e-01	-1.2515723159e+00	-8.6008441126e-01	-3.9148790467e-01
0.1386            	-2.2756726438e-01	1.2821574736e-01	-1.2418563974e+00	-8.4849546309e-01	-3.9336093434e-01
0.1388            	-2.2147565723e-01	1.2890064039e-01	-1.2331114665e+00	-8.3803139050e-01	-3.9508007605e-01
0.139             	-2.1572927712e-01	1.2997833770e-01	-1.2245545530e+00	-8.2800655361e-01	-3.9654799938e-01
0.1392            	-2.0958483689e-01	1.3059485225e-01	-1.2157003672e+00	-8.1743502047e-01	-3.9826534668e-01
0.1394            	-2.0378674241e-01	1.3135553037e-01	-1.2071726182e+00	-8.0737305153e-01	-3.9979956671e-01
0.1396            	-1.9777676148e-01	1.3224353388e-01	-1.1984511553e+00	-7.9700233913e-01	-4.0144881617e-01
0.1398            	-1.9234609382e-01	1.3278667858e-01	-1.1902975423e+00	-7.8749486497e-01	-4.0280267733e-01
0.14              	-1.8539064966e-01	1.3383457772e-01	-1.1804318137e+00	-7.7560655653e-01	-4.0482525721e-01
0.1402            	-1.8020507569e-01	1.3499106936e-01	-1.1726507713e+00	-7.6653046132e-01	-4.0612030994e-01
0.1404            	-1.7453783330e-01	1.3547241417e-01	-1.1644082950e+00	-7.5674198079e-01	-4.0766631419e-01
0.1406            	-1.6954194201e-01	1.3603878496e-01	-1.1567611508e+00	-7.4792251739e-01	-4.0883863338e-01
0.1408            	-1.6278408941e-01	1.3714561528e-01	-1.1475639342e+00	-7.3656605651e-01	-4.1099787770e-01
0.141             	-1.5967315029e-01	1.3794359847e-01	-1.1429229338e+00	-7.3113461720e-01	-4.1178831661e-01
0.1412            	-1.5701841220e-01	1.3977525120e-01	-1.1393687564e+00	-7.2670279041e-01	-4.1266596600e-01
0.1414            	-1.5191726152e-01	1.4110238613e-01	-1.1325560796e+00	-7.1819530131e-01	-4.1436077827e-01
0.1416            	-1.4721013348e-01	1.4135846826e-01	-1.1260584898e+00	-7.1023937836e-01	-4.1581911141e-01
0.1418            	-1.4408288117e-01	1.4217280573e-01	-1.1213662991e+00	-7.0476603073e-01	-4.1660026838e-01
0.142             	-1.3959263570e-01	1.4346297505e-01	-1.1149740730e+00	-6.9707967221e-01	-4.1789440081e-01
0.1422            	-1.3747781099e-01	1.4416110562e-01	-1.1112923407e+00	-6.9312398132e-01	-4.1816835934e-01
0.1424            	-1.3368937043e-01	1.4490469080e-01	-1.1060351230e+00	-6.8670693195e-01	-4.1932819108e-01
0.1426            	-1.2983263845e-01	1.4686390086e-01	-1.1007481153e+00	-6.8020669612e-01	-4.2054141923e-01
0.1428            	-1.2729843850e-01	1.4726331582e-01	-1.0974573978e+00	-6.7602713740e-01	-4.2143026040e-01
0.143             	-1.2416978275e-01	1.4866249637e-01	-1.0933059239e+00	-6.7082274470e-01	-4.2248317919e-01
0.1432            	-1.2254616358e-01	1.4966047509e-01	-1.0903052070e+00	-6.6769876710e-01	-4.2260643994e-01
0.1434            	-1.1912744585e-01	1.5089845430e-01	-1.0855087436e+00	-6.6188181763e-01	-4.2362692592e-01
0.1436            	-1.1692046185e-01	1.5152455571e-01	-1.0819635042e+00	-6.5790221395e-01	-4.2406129024e-01
0.1438            	-1.1426494559e-01	1.5236186230e-01	-1.0778728219e+00	-6.5320135652e-01	-4.2467146535e-01
0.144             	-1.1319453678e-01	1.5289721406e-01	-1.0754474749e+00	-6.5091827423e-01	-4.2452920066e-01
0.1442            	-1.1097383547e-01	1.5394573647e-01	-1.0718843106e+00	-6.4691599079e-01	-4.2496831985e-01
0.1444            	-1.1003688026e-01	1.5469108262e-01	-1.0695599262e+00	-6.4481684334e-01	-4.2474308282e-01
0.1446            	-1.0826536302e-01	1.5550342360e-01	-1.0662448658e+00	-6.4138779591e-01	-4.2485706986e-01
0.1448            	-1.0630315440e-01	1.5645543215e-01	-1.0626195095e+00	-6.3761290913e-01	-4.2500660033e-01
0.145             	-1.0576966540e-01	1.5715139322e-01	-1.0614267492e+00	-6.3648304002e-01	-4.2494370922e-01
0.1452            	-1.0420087444e-01	1.5817473041e-01	-1.0582307921e+00	-6.3331627049e-01	-4.2491452160e-01
0.1454            	-1.0383155736e-01	1.5868831871e-01	-1.0568613437e+00	-6.3226222918e-01	-4.2459911447e-01
0.1456            	-1.0338837031e-01	1.5974151147e-01	-1.0553807057e+00	-6.3107872316e-01	-4.2430198254e-01
0.1458            	-1.0355243062e-01	1.6060060247e-01	-1.0545416443e+00	-6.3082325276e-01	-4.2371839151e-01
0.146             	-1.0265939633e-01	1.6136116562e-01	-1.0525282600e+00	-6.2892352635e-01	-4.2360473369e-01
0.1462            	-1.0324077642e-01	1.6232105498e-01	-1.0522842498e+00	-6.2938290133e-01	-4.2290134849e-01
0.1464            	-1.0350344210e-01	1.6331066626e-01	-1.0519751000e+00	-6.2949099211e-01	-4.2248410792e-01
0.1466            	-1.0472847086e-01	1.6413087828e-01	-1.0527575539e+00	-6.3110724779e-01	-4.2165030606e-01
0.1468            	-1.0518410278e-01	1.6500314227e-01	-1.0525072878e+00	-6.3143774668e-01	-4.2106954111e-01
0.147             	-1.0575651007e-01	1.6536149779e-01	-1.0521019988e+00	-6.3180750944e-01	-4.2029448931e-01
0.1472            	-1.0542239389e-01	1.6592602836e-01	-1.0508886964e+00	-6.3086674208e-01	-4.2002195429e-01
0.1474            	-1.0607305664e-01	1.6675066731e-01	-1.0505227153e+00	-6.3133441427e-01	-4.1918830099e-01
0.1476            	-1.0668408061e-01	1.6737115081e-01	-1.0501026116e+00	-6.3173538639e-01	-4.1836722516e-01
0.1478            	-1.0772221376e-01	1.6794580903e-01	-1.0500831453e+00	-6.3276378639e-01	-4.1731935887e-01
0.148             	-1.0880380599e-01	1.6880981794e-01	-1.0502568551e+00	-6.3393223352e-01	-4.1632462154e-01
0.1482            	-1.0853639866e-01	1.6964428236e-01	-1.0492613008e+00	-6.3316704908e-01	-4.1609425176e-01
0.1484            	-1.0833500843e-01	1.7036879227e-01	-1.0481560065e+00	-6.3241301170e-01	-4.1574299484e-01
0.1486            	-1.0904104900e-01	1.7115367911e-01	-1.0480788730e+00	-6.3308048549e-01	-4.1499838748e-01
0.1488            	-1.1068485996e-01	1.7159462508e-01	-1.0489232055e+00	-6.3514646269e-01	-4.1377674277e-01
0.149             	-1.1222556567e-01	1.7235117274e-01	-1.0496060401e+00	-6.3702858571e-01	-4.1257745438e-01
0.1492            	-1.1281627330e-01	1.7320555492e-01	-1.0492935091e+00	-6.3746302784e-01	-4.1183048125e-01
0.1494            	-1.1282714419e-01	1.7400838798e-01	-1.0485009369e+00	-6.3707761264e-01	-4.1142332425e-01
0.1496            	-1.1296765148e-01	1.7459261641e-01	-1.0479099559e+00	-6.3692262941e-01	-4.1098732645e-01
0.1498            	-1.1295050995e-01	1.7536525739e-01	-1.0470476755e+00	-6.3647434768e-01	-4.1057332779e-01
0.15              	-1.1500500088e-01	1.7627809675e-01	-1.0482468005e+00	-6.3912840115e-01	-4.0911839939e-01
0.1502            	-1.1637206716e-01	1.7722294037e-01	-1.0486496634e+00	-6.4069689888e-01	-4.0795276457e-01
0.1504            	-1.1860890545e-01	1.7805866785e-01	-1.0500988500e+00	-6.4365833043e-01	-4.0644051953e-01
0.1506            	-1.1895209126e-01	1.7892318069e-01	-1.0497723020e+00	-6.4383824225e-01	-4.0593405972e-01
0.1508            	-1.1854440762e-01	1.7950087937e-01	-1.0488749758e+00	-6.4298189552e-01	-4.0589308029e-01
0.151             	-1.1892083193e-01	1.8027829548e-01	-1.0483606451e+00	-6.4310115446e-01	-4.0525949059e-01
0.1512            	-1.2004938306e-01	1.8099028263e-01	-1.0487340515e+00	-6.4441640880e-01	-4.0431764269e-01
0.1514            	-1.2112011202e-01	1.8182310765e-01	-1.0489183291e+00	-6.4557927656e-01	-4.0333905251e-01
0.1516            	-1.2250678591e-01	1.8260833450e-01	-1.0495531791e+00	-6.4728337544e-01	-4.0226980362e-01
0.1518            	-1.2320987481e-01	1.8340018622e-01	-1.0495683062e+00	-6.4799402791e-01	-4.0157427830e-01
0.152             	-1.2382370005e-01	1.8377386203e-01	-1.0496888972e+00	-6.4866814866e-01	-4.0102074856e-01
0.1522            	-1.2450800938e-01	1.8432061139e-01	-1.0498073825e+00	-6.4941170064e-01	-4.0039568187e-01
0.1524            	-1.2506100838e-01	1.8501721511e-01	-1.0497775945e+00	-6.4994980563e-01	-3.9982778887e-01
0.1526            	-1.2569347820e-01	1.8566409986e-01	-1.0496802881e+00	-6.5053362224e-01	-3.9914666583e-01
0.1528            	-1.2636587120e-01	1.8637643713e-01	-1.0496838932e+00	-6.5120781781e-01	-3.9847607540e-01
0.153             	-1.2784021918e-01	1.8709360159e-01	-1.0503644815e+00	-6.5302245995e-01	-3.9734202159e-01
0.1532            	-1.2918134585e-01	1.8795253231e-01	-1.0509202353e+00	-6.5464146349e-01	-3.9627877179e-01
0.1534            	-1.3032511724e-01	1.8880847103e-01	-1.0513227175e+00	-6.5598647597e-01	-3.9533624148e-01
0.1536            	-1.3104559514e-01	1.8951047205e-01	-1.0515613651e+00	-6.5682627772e-01	-3.9473508743e-01
0.1538            	-1.3158864986e-01	1.9028442947e-01	-1.0514822736e+00	-6.5732978664e-01	-3.9415248691e-01
0.154             	-1.3169758601e-01	1.9109497234e-01	-1.0509615733e+00	-6.5717837264e-01	-3.9378320061e-01
0.1542            	-1.3207227809e-01	1.9192934680e-01	-1.0507643498e+00	-6.5745445299e-01	-3.9330989681e-01
0.1544            	-1.3305807571e-01	1.9261893725e-01	-1.0509982420e+00	-6.5855719673e-01	-3.9244104531e-01
0.1546            	-1.3434188447e-01	1.9335918100e-01	-1.0514590535e+00	-6.6007141121e-01	-3.9138764227e-01
0.1548            	-1.3584547476e-01	1.9413860846e-01	-1.0522558135e+00	-6.6197338151e-01	-3.9028243198e-01
0.155             	-1.3726317315e-01	1.9495304273e-01	-1.0530218705e+00	-6.6377410838e-01	-3.8924776207e-01
0.1552            	-1.3780918001e-01	1.9580186135e-01	-1.0528153997e+00	-6.6421687986e-01	-3.8859851985e-01
0.1554            	-1.3848118006e-01	1.9657938390e-01	-1.0527846154e+00	-6.6487348774e-01	-3.8791112763e-01
0.1556            	-1.3847448778e-01	1.9743602779e-01	-1.0522695090e+00	-6.6460924227e-01	-3.8766026671e-01
0.1558            	-1.3897065947e-01	1.9830323200e-01	-1.0521881424e+00	-6.6506473068e-01	-3.8712341173e-01
0.156             	-1.3912326096e-01	1.9916065678e-01	-1.0517160644e+00	-6.6498129315e-01	-3.8673477124e-01
0.1562            	-1.3758543535e-01	2.0023746628e-01	-1.0494613675e+00	-6.6231611911e-01	-3.8714524840e-01
0.1564            	-1.3648946778e-01	2.0115604638e-01	-1.0478259874e+00	-6.6040246148e-01	-3.8742352593e-01
0.1566            	-1.3606625672e-01	2.0151214297e-01	-1.0469174305e+00	-6.5952497195e-01	-3.8739245850e-01
0.1568            	-1.3480464774e-01	2.0308305036e-01	-1.0445911730e+00	-6.5710023426e-01	-3.8749093879e-01
0.157             	-1.3642238868e-01	2.0346405183e-01	-1.0455921068e+00	-6.5921844210e-01	-3.8637366474e-01
0.1572            	-1.3654463286e-01	2.0392150971e-01	-1.0451969221e+00	-6.5914309390e-01	-3.8605382818e-01
0.1574            	-1.3729627025e-01	2.0479562843e-01	-1.0452038664e+00	-6.5989820345e-01	-3.8530566296e-01
0.1576            	-1.3959402783e-01	2.0559237789e-01	-1.0467485446e+00	-6.6296830015e-01	-3.8378024448e-01
0.1578            	-1.4287232353e-01	2.0671502640e-01	-1.0490440122e+00	-6.6739432965e-01	-3.8164968258e-01
0.158             	-1.4635140702e-01	2.0727846306e-01	-1.0519105041e+00	-6.7230665908e-01	-3.7960384505e-01
0.1582            	-1.4857497117e-01	2.0759931700e-01	-1.0537792647e+00	-6.7546460352e-01	-3.7831466118e-01
0.1584            	-1.4986923910e-01	2.0881586955e-01	-1.0544271581e+00	-6.7708281816e-01	-3.7734433996e-01
0.1586            	-1.4793996696e-01	2.0998726250e-01	-1.0515366609e+00	-6.7370829741e-01	-3.7782836348e-01
0.1588            	-1.4391311645e-01	2.1133222875e-01	-1.0471528031e+00	-6.6748951798e-01	-3.7966328508e-01
0.159             	-1.3673622705e-01	2.1264220813e-01	-1.0394697133e+00	-6.5647108370e-01	-3.8299862960e-01
0.1592            	-1.2658927893e-01	2.1421605064e-01	-1.0287529367e+00	-6.4096574729e-01	-3.8778718944e-01
0.1594            	-1.1929053409e-01	2.1534889512e-01	-1.0207707076e+00	-6.2967588787e-01	-3.9109481970e-01
0.1596            	-1.1633904317e-01	2.1642993743e-01	-1.0168696407e+00	-6.2477386351e-01	-3.9209577717e-01
0.1598            	-1.1561029497e-01	2.1791474257e-01	-1.0152600831e+00	-6.2324033650e-01	-3.9201974656e-01
0.16              	-1.1708060089e-01	2.1924333969e-01	-1.0159648628e+00	-6.2506303227e-01	-3.9090183049e-01
0.1602            	-1.2340092739e-01	2.2046035291e-01	-1.0215340625e+00	-6.3416795863e-01	-3.8736610385e-01
0.1604            	-1.3325922561e-01	2.2108842445e-01	-1.0308820233e+00	-6.4870023726e-01	-3.8218178605e-01
0.1606            	-1.4313453508e-01	2.2171628079e-01	-1.0403254540e+00	-6.6329726210e-01	-3.7702819194e-01
0.1608            	-1.5152356508e-01	2.2212254980e-01	-1.0486231021e+00	-6.7583511611e-01	-3.7278798595e-01
0.161             	-1.6463038344e-01	2.2169397157e-01	-1.0609359664e+00	-6.9509836663e-01	-3.6583759974e-01
0.1612            	-1.7551024308e-01	2.2111263337e-01	-1.0708962794e+00	-7.1095838279e-01	-3.5993789663e-01
0.1614            	-1.8241789073e-01	2.2053815753e-01	-1.0767401173e+00	-7.2078794940e-01	-3.5595216793e-01
0.1616            	-1.8384035948e-01	2.2092853840e-01	-1.0769925207e+00	-7.2233661986e-01	-3.5465590089e-01
0.1618            	-1.7805526994e-01	2.2189460459e-01	-1.0703680007e+00	-7.1323927031e-01	-3.5712873044e-01
0.162             	-1.6271146889e-01	2.2401625856e-01	-1.0544077451e+00	-6.8991534143e-01	-3.6449240364e-01
0.1622            	-1.3932494644e-01	2.2676193634e-01	-1.0309311967e+00	-6.5479054477e-01	-3.7614065189e-01
0.1624            	-1.1135259475e-01	2.3048435519e-01	-1.0026789790e+00	-6.1269208426e-01	-3.8998689477e-01
0.1626            	-8.6015647186e-02	2.3431857300e-01	-9.7667252015e-01	-5.7435190726e-01	-4.0232061289e-01
0.1628            	-7.0890857722e-02	2.3795035370e-01	-9.6004988895e-01	-5.5091580219e-01	-4.0913408675e-01
0.163             	-6.6260735578e-02	2.4035808831e-01	-9.5399936933e-01	-5.4326042024e-01	-4.1073894909e-01
0.1632            	-6.6071068566e-02	2.4269139254e-01	-9.5261308055e-01	-5.4237760884e-01	-4.1023547171e-01
0.1634            	-7.3546101286e-02	2.4431395378e-01	-9.5934318344e-01	-5.5321769301e-01	-4.0612549044e-01
0.1636            	-8.3765173963e-02	2.4482444813e-01	-9.6904056814e-01	-5.6828545803e-01	-4.0075511011e-01
0.1638            	-9.4317087147e-02	2.4557181878e-01	-9.7970316315e-01	-5.8416866872e-01	-3.9553449443e-01
0.164             	-1.0761137261e-01	2.4481621219e-01	-9.9245054382e-01	-6.0383664452e-01	-3.8861389930e-01
0.1642            	-1.2173489690e-01	2.4404251992e-01	-1.0054412844e+00	-6.2445553912e-01	-3.8098574533e-01
0.1644            	-1.3669246911e-01	2.4209322773e-01	-1.0194796237e+00	-6.4643228097e-01	-3.7304734274e-01
0.1646            	-1.4639140250e-01	2.4138144445e-01	-1.0277630375e+00	-6.6027292124e-01	-3.6749011623e-01
0.1648            	-1.5380798812e-01	2.4061590194e-01	-1.0341946858e+00	-6.7090533099e-01	-3.6328935476e-01
0.165             	-1.5335284044e-01	2.4073104461e-01	-1.0324905278e+00	-6.6959810437e-01	-3.6289242348e-01
0.1652            	-1.4547179720e-01	2.4225030839e-01	-1.0238575417e+00	-6.5740056805e-01	-3.6645697365e-01
0.1654            	-1.2794423330e-01	2.4489193884e-01	-1.0057766424e+00	-6.3083255449e-01	-3.7494408789e-01
0.1656            	-1.0387217765e-01	2.4898940162e-01	-9.8132062192e-01	-5.9453248861e-01	-3.8678813331e-01
0.1658            	-7.5987527695e-02	2.5367916346e-01	-9.5324874570e-01	-5.5261190055e-01	-4.0063684516e-01
0.166             	-4.6784178015e-02	2.5913474315e-01	-9.2339691210e-01	-5.0848263407e-01	-4.1491427804e-01
0.1662            	-2.6362456534e-02	2.6366501990e-01	-9.0196313125e-01	-4.7734402216e-01	-4.2461910909e-01
0.1664            	-1.7080608700e-02	2.6690938027e-01	-8.9138338015e-01	-4.6277229878e-01	-4.2861108138e-01
0.1666            	-1.7305866334e-02	2.6917036071e-01	-8.9068321970e-01	-4.6264747619e-01	-4.2803574352e-01
0.1668            	-2.5460278809e-02	2.7026479074e-01	-8.9823423909e-01	-4.7457739836e-01	-4.2365684074e-01
0.167             	-3.9660082967e-02	2.7020310564e-01	-9.1233270011e-01	-4.9582643302e-01	-4.1650626709e-01
0.1672            	-5.0979037266e-02	2.7007199089e-01	-9.2448486751e-01	-5.1322147102e-01	-4.1126339649e-01
0.1674            	-6.5367075303e-02	2.6904870810e-01	-9.3927510890e-01	-5.3500462975e-01	-4.0427047915e-01
0.1676            	-8.2875673044e-02	2.6707459778e-01	-9.5683853327e-01	-5.6129493968e-01	-3.9554359359e-01
0.1678            	-9.8299722899e-02	2.6494620079e-01	-9.7212907274e-01	-5.8436425927e-01	-3.8776481347e-01
0.168             	-1.1568761033e-01	2.6202812674e-01	-9.8846234757e-01	-6.0991878412e-01	-3.7854356345e-01
0.1682            	-1.3017033586e-01	2.5954605637e-01	-1.0017045646e+00	-6.3102261815e-01	-3.7068194643e-01
0.1684            	-1.4121976478e-01	2.5776044772e-01	-1.0111595113e+00	-6.4679952042e-01	-3.6435999086e-01
0.1686            	-1.4822119604e-01	2.5684992472e-01	-1.0163643947e+00	-6.5640339340e-01	-3.5996100131e-01
0.1688            	-1.4895573994e-01	2.5706371811e-01	-1.0154403383e+00	-6.5667590908e-01	-3.5876442920e-01
0.169             	-1.4012578207e-01	2.5928743591e-01	-1.0051829465e+00	-6.4271725531e-01	-3.6246569116e-01
0.1692            	-1.2201527535e-01	2.6334395576e-01	-9.8583171608e-01	-6.1493113339e-01	-3.7090058269e-01
0.1694            	-9.5163226742e-02	2.6912708121e-01	-9.5804639056e-01	-5.7418642202e-01	-3.8385996854e-01
0.1696            	-6.2769779451e-02	2.7616472536e-01	-9.2492616376e-01	-5.2523286133e-01	-3.9969330243e-01
0.1698            	-2.8187016012e-02	2.8399152154e-01	-8.8944825688e-01	-4.7291114445e-01	-4.1653711243e-01
0.17              	2.1132252591e-03	2.9160391293e-01	-8.5798931850e-01	-4.2688143399e-01	-4.3110788451e-01
0.1702            	2.0136895673e-02	2.9722408218e-01	-8.3870750974e-01	-3.9921685920e-01	-4.3949065054e-01
0.1704            	2.5022752643e-02	3.0053284377e-01	-8.3262419280e-01	-3.9128934376e-01	-4.4133484904e-01
0.1706            	1.9001733401e-02	3.0205460809e-01	-8.3781645512e-01	-3.9990649416e-01	-4.3790996096e-01
0.1708            	4.4448134959e-03	3.0197675581e-01	-8.5220752415e-01	-4.2165894858e-01	-4.3054857557e-01
0.171             	-2.9060509074e-03	3.0341741384e-01	-8.6045810083e-01	-4.3313510132e-01	-4.2732299951e-01
0.1712            	-1.8207255893e-02	3.0260923285e-01	-8.7682152641e-01	-4.5661801910e-01	-4.2020350731e-01
0.1714            	-3.4400820364e-02	3.0017923090e-01	-8.9437412021e-01	-4.8158788047e-01	-4.1278623974e-01
0.1716            	-4.7588261010e-02	2.9787390522e-01	-9.0810626977e-01	-5.0164139590e-01	-4.0646487388e-01
0.1718            	-6.3852208983e-02	2.9461433276e-01	-9.2434936589e-01	-5.2602689193e-01	-3.9832247396e-01
0.172             	-8.1292972202e-02	2.9085771309e-01	-9.4136302115e-01	-5.5197448278e-01	-3.8938853837e-01
0.1722            	-9.8407075140e-02	2.8668176917e-01	-9.5753634800e-01	-5.7717524914e-01	-3.8036109886e-01
0.1724            	-1.1373154981e-01	2.8355006159e-01	-9.7090411049e-01	-5.9918360506e-01	-3.7172050543e-01
0.1726            	-1.2639449596e-01	2.8136521772e-01	-9.8147236070e-01	-6.1713067631e-01	-3.6434168438e-01
0.1728            	-1.3379341294e-01	2.8002084836e-01	-9.8669794968e-01	-6.2714238778e-01	-3.5955556190e-01
0.173             	-1.3286238652e-01	2.8101570021e-01	-9.8347573310e-01	-6.2460025307e-01	-3.5887548004e-01
0.1732            	-1.2360568476e-01	2.8456590177e-01	-9.7208491017e-01	-6.0964813984e-01	-3.6243677032e-01
0.1734            	-1.0526225386e-01	2.8958997635e-01	-9.5211196264e-01	-5.8131823518e-01	-3.7079372746e-01
0.1736            	-7.7221167750e-02	2.9734420702e-01	-9.2237071245e-01	-5.3840652398e-01	-3.8396418848e-01
0.1738            	-4.3779717621e-02	3.0708121839e-01	-8.8742140516e-01	-4.8749042020e-01	-3.9993098496e-01
0.174             	-8.5141365612e-03	3.1710868292e-01	-8.5098888247e-01	-4.3400857780e-01	-4.1698030467e-01
0.1742            	2.3915639652e-02	3.2683477453e-01	-8.1703999077e-01	-3.8460435573e-01	-4.3243563504e-01
0.1744            	4.8805338733e-02	3.3506833197e-01	-7.9080061765e-01	-3.4659497009e-01	-4.4420564756e-01
0.1746            	6.0818920470e-02	3.4117078698e-01	-7.7734602368e-01	-3.2785409137e-01	-4.4949193231e-01
0.1748            	5.9745733755e-02	3.4363639553e-01	-7.7779193305e-01	-3.2915023277e-01	-4.4864170028e-01
0.175             	4.8554923732e-02	3.4422122969e-01	-7.8894395851e-01	-3.4591705552e-01	-4.4302690299e-01
0.1752            	3.4738556929e-02	3.4303233666e-01	-8.0369473868e-01	-3.6710881241e-01	-4.3658592627e-01
0.1754            	2.3427757166e-02	3.4250540974e-01	-8.1680475939e-01	-3.8497462253e-01	-4.3183013686e-01
0.1756            	8.1634158251e-03	3.4002613254e-01	-8.3455397865e-01	-4.0911357350e-01	-4.2544040515e-01
0.1758            	-1.5939632506e-03	3.3949285748e-01	-8.4616090662e-01	-4.2467441656e-01	-4.2148649006e-01
0.176             	-1.3451556448e-02	3.3762404292e-01	-8.5951978972e-01	-4.4321145131e-01	-4.1630833841e-01
0.1762            	-2.7039096667e-02	3.3459857405e-01	-8.7404689575e-01	-4.6406254454e-01	-4.0998435121e-01
0.1764            	-4.3182096243e-02	3.3009849857e-01	-8.9040721321e-01	-4.8838570285e-01	-4.0202151036e-01
0.1766            	-6.0197979295e-02	3.2533146531e-01	-9.0669845671e-01	-5.1354720765e-01	-3.9315124906e-01
0.1768            	-7.7870492365e-02	3.2062685779e-01	-9.2279389687e-01	-5.3926744080e-01	-3.8352645607e-01
0.177             	-9.3940619499e-02	3.1653091128e-01	-9.3677675928e-01	-5.6232899914e-01	-3.7444776014e-01
0.1772            	-1.0634690114e-01	3.1378415819e-01	-9.4653175049e-01	-5.7961277639e-01	-3.6691897411e-01
0.1774            	-1.1359519098e-01	3.1272816908e-01	-9.5071411968e-01	-5.8895225082e-01	-3.6176186886e-01
0.1776            	-1.1422325475e-01	3.1403283081e-01	-9.4804807203e-01	-5.8824729077e-01	-3.5980078127e-01
0.1778            	-1.0687283401e-01	3.1792196045e-01	-9.3738979026e-01	-5.7556772913e-01	-3.6182206112e-01
0.178             	-9.1193059254e-02	3.2395123999e-01	-9.1874356864e-01	-5.5056484357e-01	-3.6817872506e-01
0.1782            	-6.6843624322e-02	3.3312766888e-01	-8.9148758431e-01	-5.1258741648e-01	-3.7890016783e-01
0.1784            	-3.5795828900e-02	3.4417475752e-01	-8.5787324036e-01	-4.6473244908e-01	-3.9314079128e-01
0.1786            	-1.0473488699e-03	3.5653655315e-01	-8.2091566309e-01	-4.1150518042e-01	-4.0941048268e-01
0.1788            	3.4613633129e-02	3.6922242041e-01	-7.8321308295e-01	-3.5699290835e-01	-4.2622017461e-01
0.179             	6.6034156356e-02	3.8109989974e-01	-7.5000254168e-01	-3.0896711449e-01	-4.4103542720e-01
0.1792            	9.0848714799e-02	3.9212376800e-01	-7.2354601809e-01	-2.7092429424e-01	-4.5262172384e-01
0.1794            	1.0393896094e-01	3.9899461579e-01	-7.0959466321e-01	-2.5085837067e-01	-4.5873629254e-01
0.1796            	1.0239997994e-01	4.0110140725e-01	-7.1119485113e-01	-2.5319744563e-01	-4.5799740550e-01
0.1798            	9.1147702156e-02	3.9996143063e-01	-7.2331527061e-01	-2.7050993315e-01	-4.5280533746e-01
0.18              	7.8399166021e-02	3.9802771735e-01	-7.3821886163e-01	-2.9071026479e-01	-4.4750859684e-01
0.1802            	6.4842483756e-02	3.9555496948e-01	-7.5506553401e-01	-3.1269028325e-01	-4.4237525076e-01
0.1804            	5.2524772479e-02	3.9276627810e-01	-7.7138919104e-01	-3.3316982304e-01	-4.3821936800e-01
0.1806            	4.6407962370e-02	3.9190989146e-01	-7.8177062079e-01	-3.4447734802e-01	-4.3729327276e-01
0.1808            	4.0297387289e-02	3.8931855863e-01	-7.9071024763e-01	-3.5505773653e-01	-4.3565251111e-01
0.181             	3.1133747824e-02	3.8611841380e-01	-8.0206808719e-01	-3.6990029577e-01	-4.3216779142e-01
0.1812            	1.9102903530e-02	3.8199283273e-01	-8.1485808094e-01	-3.8832613694e-01	-4.2653194400e-01
0.1814            	4.0496409615e-03	3.7697679710e-01	-8.2959809062e-01	-4.1074940435e-01	-4.1884868627e-01
0.1816            	-1.2946848692e-02	3.7153979697e-01	-8.4515548263e-01	-4.3552459001e-01	-4.0963089262e-01
0.1818            	-2.9450039733e-02	3.6662607853e-01	-8.5918032416e-01	-4.5904020181e-01	-4.0014012235e-01
0.182             	-4.5086320549e-02	3.6219632649e-01	-8.7145128157e-01	-4.8081196133e-01	-3.9063932023e-01
0.1822            	-5.8176692184e-02	3.5889394544e-01	-8.8068056008e-01	-4.9851697222e-01	-3.8216358786e-01
0.1824            	-6.8229832127e-02	3.5686095051e-01	-8.8640466425e-01	-5.1143216425e-01	-3.7497250000e-01
0.1826            	-7.3051857735e-02	3.5682738599e-01	-8.8632545302e-01	-5.1621458425e-01	-3.7011086878e-01
0.1828            	-7.1161278108e-02	3.5956750764e-01	-8.7936566726e-01	-5.1084411174e-01	-3.6852155552e-01
0.183             	-6.2094681331e-02	3.6498344548e-01	-8.6510730387e-01	-4.9464833326e-01	-3.7045897060e-01
0.1832            	-4.5401357399e-02	3.7309163914e-01	-8.4337099686e-01	-4.6708685583e-01	-3.7628414103e-01
0.1834            	-2.1823360473e-02	3.8359874911e-01	-8.1485471760e-01	-4.2925071927e-01	-3.8560399833e-01
0.1836            	6.9105357279e-03	3.9586230393e-01	-7.8158508507e-01	-3.8388200680e-01	-3.9770307826e-01
0.1838            	3.8451461261e-02	4.0917199152e-01	-7.4559128373e-01	-3.3434418060e-01	-4.1124710312e-01
0.184             	7.1160595202e-02	4.2312392243e-01	-7.0904013341e-01	-2.8335947151e-01	-4.2568066191e-01
0.1842            	1.0203184809e-01	4.3652651271e-01	-6.7476277143e-01	-2.3534953763e-01	-4.3941323381e-01
0.1844            	1.2886162079e-01	4.4867829298e-01	-6.4537076514e-01	-1.9382376178e-01	-4.5154700336e-01
0.1846            	1.4842636642e-01	4.5853547737e-01	-6.2416200268e-01	-1.6365463492e-01	-4.6050736776e-01
0.1848            	1.5413662399e-01	4.6342294541e-01	-6.1808111703e-01	-1.5490393452e-01	-4.6317718251e-01
0.185             	1.4848288554e-01	4.6391720868e-01	-6.2467780694e-01	-1.6385601793e-01	-4.6082178901e-01
0.1852            	1.3355158536e-01	4.6106260737e-01	-6.4242817582e-01	-1.8766250255e-01	-4.5476567327e-01
0.1854            	1.2017502491e-01	4.5773746390e-01	-6.5989641279e-01	-2.0977318149e-01	-4.5012323130e-01
0.1856            	1.0935153755e-01	4.5481197628e-01	-6.7618160158e-01	-2.2873926324e-01	-4.4744233834e-01
0.1858            	1.0699181339e-01	4.5443780010e-01	-6.8393263728e-01	-2.3497450525e-01	-4.4895813203e-01
0.186             	1.0617564817e-01	4.5402822397e-01	-6.8958013945e-01	-2.3861442156e-01	-4.5096571789e-01
0.1862            	1.0315812757e-01	4.5253381462e-01	-6.9606081486e-01	-2.4487227986e-01	-4.5118853500e-01
0.1864            	9.6232196111e-02	4.4973492124e-01	-7.0494366955e-01	-2.5623963866e-01	-4.4870403089e-01
0.1866            	8.5131399178e-02	4.4549925807e-01	-7.1642733859e-01	-2.7308227012e-01	-4.4334506847e-01
0.1868            	7.0492702398e-02	4.4021976346e-01	-7.2988223522e-01	-2.9444841521e-01	-4.3543382001e-01
0.187             	5.4398824114e-02	4.3473920180e-01	-7.4359890255e-01	-3.1740062716e-01	-4.2619827539e-01
0.1872            	3.7881955178e-02	4.2912184163e-01	-7.5686159037e-01	-3.4054884000e-01	-4.1631275036e-01
0.1874            	2.2637861602e-02	4.2428293155e-01	-7.6767113031e-01	-3.6119770355e-01	-4.0647342676e-01
0.1876            	8.2822274254e-03	4.1990254513e-01	-7.7707178364e-01	-3.8025366439e-01	-3.9681811925e-01
0.1878            	-3.3742244554e-03	4.1688189947e-01	-7.8333275397e-01	-3.9504060144e-01	-3.8829215253e-01
0.188             	-1.1385866354e-02	4.1559018927e-01	-7.8540016057e-01	-4.0408594664e-01	-3.8131421393e-01
0.1882            	-1.3878530828e-02	4.1705884396e-01	-7.8170244063e-01	-4.0472975114e-01	-3.7697268949e-01
0.1884            	-1.0761347380e-02	4.2140267826e-01	-7.7239222743e-01	-3.9695746110e-01	-3.7543476634e-01
0.1886            	-1.2205710870e-03	4.2866943258e-01	-7.5690972590e-01	-3.7967543404e-01	-3.7723429186e-01
0.1888            	1.4202789293e-02	4.3834917193e-01	-7.3614707863e-01	-3.5387075002e-01	-3.8227632861e-01
0.189             	3.5494658871e-02	4.5027556888e-01	-7.0907649386e-01	-3.1904358806e-01	-3.9003290580e-01
0.1892            	6.1023942505e-02	4.6370405380e-01	-6.7800437819e-01	-2.7797824659e-01	-4.0002613160e-01
0.1894            	9.0094550661e-02	4.7883475987e-01	-6.4368951425e-01	-2.3175020646e-01	-4.1193930779e-01
0.1896            	1.2294931388e-01	4.9611238895e-01	-6.0559831957e-01	-1.7984984590e-01	-4.2574847367e-01
0.1898            	1.5606000059e-01	5.1341851017e-01	-5.6812778831e-01	-1.2800389357e-01	-4.4012389475e-01
0.19              	1.8547198714e-01	5.2958659261e-01	-5.3585499035e-01	-8.2455508033e-02	-4.5339948232e-01
0.1902            	2.0612557815e-01	5.4247883888e-01	-5.1411722030e-01	-5.0933032002e-02	-4.6318418830e-01
0.1904            	2.0948959639e-01	5.4746493209e-01	-5.1155531080e-01	-4.6288059010e-02	-4.6526725179e-01
0.1906            	2.0054102433e-01	5.4648863939e-01	-5.2325028574e-01	-6.1084118538e-02	-4.6216616720e-01
0.1908            	1.8958885456e-01	5.4408278481e-01	-5.3860591059e-01	-7.9714100740e-02	-4.5889180985e-01
0.191             	1.7627396771e-01	5.3967520354e-01	-5.5791231687e-01	-1.0268219073e-01	-4.5523012614e-01
0.1912            	1.7449378775e-01	5.3914889429e-01	-5.6723140629e-01	-1.0912191540e-01	-4.5810949090e-01
0.1914            	1.8341072829e-01	5.4273195975e-01	-5.6529244154e-01	-9.9235492478e-02	-4.6605694906e-01
0.1916            	1.8895030709e-01	5.4422360564e-01	-5.6591520836e-01	-9.4007297086e-02	-4.7190791127e-01
0.1918            	1.9165566877e-01	5.4453850290e-01	-5.6745268041e-01	-9.2070671434e-02	-4.7538200898e-01
0.192             	1.8762493189e-01	5.4209198144e-01	-5.7406324716e-01	-9.9406691694e-02	-4.7465655547e-01
0.1922            	1.7770135789e-01	5.3756574107e-01	-5.8473282811e-01	-1.1466505617e-01	-4.7006777194e-01
0.1924            	1.6268874683e-01	5.3139231111e-01	-5.9869913924e-01	-1.3666082280e-01	-4.6203831645e-01
0.1926            	1.4480617337e-01	5.2422520472e-01	-6.1441318121e-01	-1.6240041723e-01	-4.5201276398e-01
0.1928            	1.2497562100e-01	5.1624175725e-01	-6.3110782218e-01	-1.9057829008e-01	-4.4052953209e-01
0.193             	1.0556289267e-01	5.0865377444e-01	-6.4648280806e-01	-2.1767851136e-01	-4.2880429670e-01
0.1932            	8.6230232033e-02	5.0087008889e-01	-6.6118059253e-01	-2.4436006423e-01	-4.1682052830e-01
0.1934            	6.8398837179e-02	4.9384742689e-01	-6.7410669895e-01	-2.6865451229e-01	-4.0545218665e-01
0.1936            	5.2203878610e-02	4.8771364136e-01	-6.8491979488e-01	-2.9025601883e-01	-3.9466377605e-01
0.1938            	3.9427286654e-02	4.8383350784e-01	-6.9186738766e-01	-3.0650640717e-01	-3.8536098048e-01
0.194             	3.1398966125e-02	4.8299299656e-01	-6.9374804306e-01	-3.1547505541e-01	-3.7827298766e-01
0.1942            	2.8595874149e-02	4.8478291496e-01	-6.9070323461e-01	-3.1675574316e-01	-3.7394749145e-01
0.1944            	3.1887815122e-02	4.8987132903e-01	-6.8171367179e-01	-3.0896902078e-01	-3.7274465102e-01
0.1946            	4.0904577344e-02	4.9834689759e-01	-6.6722897378e-01	-2.9270990955e-01	-3.7451906423e-01
0.1948            	5.4690432906e-02	5.0872412957e-01	-6.4865709342e-01	-2.6963811381e-01	-3.7901897962e-01
0.195             	7.3426538759e-02	5.2167862329e-01	-6.2504974685e-01	-2.3909833467e-01	-3.8595141219e-01
0.1952            	9.7494526554e-02	5.3864255913e-01	-5.9561656862e-01	-2.0031375776e-01	-3.9530281086e-01
0.1954            	1.2817887703e-01	5.5993499919e-01	-5.5930030325e-01	-1.5147127459e-01	-4.0782902866e-01
0.1956            	1.6232305971e-01	5.8428379990e-01	-5.1986943990e-01	-9.7611660246e-02	-4.2225777966e-01
0.1958            	1.9469184491e-01	6.0675063362e-01	-4.8357456127e-01	-4.7095435725e-02	-4.3647912554e-01
0.196             	2.1980769661e-01	6.2463170491e-01	-4.5637248003e-01	-8.3785434040e-03	-4.4799393662e-01
0.1962            	2.3074029414e-01	6.3450233565e-01	-4.4551063694e-01	7.9849756740e-03	-4.5349561262e-01
0.1964            	2.2625672387e-01	6.3435630082e-01	-4.5262165362e-01	-5.4102933630e-05	-4.5256755068e-01
0.1966            	2.1664391454e-01	6.3118887628e-01	-4.6676672859e-01	-1.6739449757e-02	-4.5002727884e-01
0.1968            	2.0248091762e-01	6.2506040256e-01	-4.8771308944e-01	-4.1375627096e-02	-4.4633746234e-01
0.197             	2.0145863054e-01	6.2432998828e-01	-4.9745665801e-01	-4.7269698471e-02	-4.5018695954e-01
0.1972            	2.1465852438e-01	6.3070333918e-01	-4.9328537816e-01	-3.1984164698e-02	-4.6130121346e-01
0.1974            	2.2918550496e-01	6.3746624216e-01	-4.8691956262e-01	-1.4274276351e-02	-4.7264528627e-01
0.1976            	2.4003070108e-01	6.4225767725e-01	-4.8265688131e-01	-1.2977395761e-03	-4.8135914174e-01
0.1978            	2.4479971242e-01	6.4414230875e-01	-4.8265853873e-01	3.4704430532e-03	-4.8612898178e-01
0.198             	2.4218011737e-01	6.4264813906e-01	-4.8816301920e-01	-1.9013922285e-03	-4.8626162697e-01
0.1982            	2.3264869218e-01	6.3775962256e-01	-4.9897397933e-01	-1.6838297487e-02	-4.8213568184e-01
0.1984            	2.1782296943e-01	6.3059077073e-01	-5.1354568002e-01	-3.8949870577e-02	-4.7459580944e-01
0.1986            	2.0064727283e-01	6.2211479470e-01	-5.2946093497e-01	-6.4083194659e-02	-4.6537774031e-01
0.1988            	1.8077822320e-01	6.1180179405e-01	-5.4738311551e-01	-9.2913334551e-02	-4.5446978096e-01
0.199             	1.6038411920e-01	6.0095262379e-01	-5.6530807951e-01	-1.2226992056e-01	-4.4303815895e-01
0.1992            	1.3984122304e-01	5.8996342109e-01	-5.8291353930e-01	-1.5161554661e-01	-4.3129799270e-01
0.1994            	1.1931072996e-01	5.7808136025e-01	-6.0068570584e-01	-1.8103212297e-01	-4.1965358288e-01
0.1996            	9.9228943285e-02	5.6564126892e-01	-6.1794453024e-01	-2.0974332184e-01	-4.0820120841e-01
0.1998            	8.0459292999e-02	5.5512007915e-01	-6.3318921834e-01	-2.3613531617e-01	-3.9705390217e-01
0.2               	6.4449551476e-02	5.4621707293e-01	-6.4523567922e-01	-2.5816828813e-01	-3.8706739108e-01
0.2002            	5.0873875294e-02	5.3976508951e-01	-6.5430534755e-01	-2.7627879848e-01	-3.7802654907e-01
0.2004            	4.0442044491e-02	5.3472249681e-01	-6.6042540906e-01	-2.8977066004e-01	-3.7065474902e-01
0.2006            	3.5377421604e-02	5.3517229649e-01	-6.6018084828e-01	-2.9471300254e-01	-3.6546784575e-01
0.2008            	3.4156696814e-02	5.3787061104e-01	-6.5628582250e-01	-2.9398621444e-01	-3.6229960806e-01
0.201             	3.7957282508e-02	5.4377963112e-01	-6.4694111834e-01	-2.8551327666e-01	-3.6142784168e-01
0.2012            	4.8464312841e-02	5.5547720762e-01	-6.2990456308e-01	-2.6648796870e-01	-3.6341659438e-01
0.2014            	6.4671007408e-02	5.7154503593e-01	-6.0679115309e-01	-2.3872456914e-01	-3.6806658395e-01
0.2016            	8.9815379021e-02	5.9514167220e-01	-5.7431598585e-01	-1.9734261390e-01	-3.7697337194e-01
0.2018            	1.2350526573e-01	6.2499801113e-01	-5.3356307851e-01	-1.4327627352e-01	-3.9028680498e-01
0.202             	1.6177743133e-01	6.5772034859e-01	-4.8947122596e-01	-8.2958181645e-02	-4.0651304431e-01
0.2022            	1.9716361450e-01	6.8797701548e-01	-4.5005385666e-01	-2.7863313829e-02	-4.2219054283e-01
0.2024            	2.2228784071e-01	7.1029290784e-01	-4.2293327388e-01	1.0821203773e-02	-4.3375447765e-01
0.2026            	2.3098906951e-01	7.2047850815e-01	-4.1471689443e-01	2.3630622293e-02	-4.3834751672e-01
0.2028            	2.2504524606e-01	7.1941039221e-01	-4.2375717403e-01	1.3166659041e-02	-4.3692383307e-01
0.203             	2.1083996425e-01	7.1178782230e-01	-4.4357194104e-01	-1.0946006273e-02	-4.3262593476e-01
0.2032            	1.9534879762e-01	7.0107652296e-01	-4.6721652759e-01	-3.8259466179e-02	-4.2895706141e-01
0.2034            	1.9755404619e-01	7.0038604987e-01	-4.7488521203e-01	-3.9888559823e-02	-4.3499665221e-01
0.2036            	2.1340952015e-01	7.0724813761e-01	-4.6927645716e-01	-2.1228708428e-02	-4.4804774873e-01
0.2038            	2.3528832247e-01	7.1870305902e-01	-4.5626456618e-01	7.1560393854e-03	-4.6342060556e-01
0.204             	2.5432435621e-01	7.2951938441e-01	-4.4438545509e-01	3.2131628665e-02	-4.7651708376e-01
0.2042            	2.6728444168e-01	7.3851766003e-01	-4.3629608126e-01	4.9136401052e-02	-4.8543248231e-01
0.2044            	2.7327091575e-01	7.4476503367e-01	-4.3302330199e-01	5.6759264760e-02	-4.8978256675e-01
0.2046            	2.7257188672e-01	7.4775629956e-01	-4.3468133618e-01	5.5231218632e-02	-4.8991255482e-01
0.2048            	2.6571175546e-01	7.4725913100e-01	-4.4083484809e-01	4.5294331413e-02	-4.8612917950e-01
0.205             	2.5463580958e-01	7.4425720516e-01	-4.5023627481e-01	2.9517672172e-02	-4.7975394698e-01
0.2052            	2.3962031795e-01	7.3777876646e-01	-4.6311975160e-01	8.0604421539e-03	-4.7118019375e-01
0.2054            	2.2329862999e-01	7.2972391968e-01	-4.7675401317e-01	-1.5078376599e-02	-4.6167563657e-01
0.2056            	2.0541605757e-01	7.1932149659e-01	-4.9206033921e-01	-4.0614112036e-02	-4.5144622717e-01
0.2058            	1.8640538935e-01	7.0679986801e-01	-5.0876888903e-01	-6.7979055171e-02	-4.4078983386e-01
0.206             	1.6691630628e-01	6.9286935356e-01	-5.2625889233e-01	-9.6213139884e-02	-4.3004575244e-01
0.2062            	1.4734861139e-01	6.7804750059e-01	-5.4412445598e-01	-1.2471361660e-01	-4.1941083938e-01
0.2064            	1.2830467592e-01	6.6302829264e-01	-5.6147094994e-01	-1.5243079905e-01	-4.0904015089e-01
0.2066            	1.1019940976e-01	6.4827545411e-01	-5.7808246600e-01	-1.7884182324e-01	-3.9924064276e-01
0.2068            	9.2405754727e-02	6.3358977448e-01	-5.9430278243e-01	-2.0474563649e-01	-3.8955714594e-01
0.207             	7.6516377111e-02	6.1971179376e-01	-6.0854820431e-01	-2.2775772504e-01	-3.8079047927e-01
0.2072            	6.2775225888e-02	6.0796472191e-01	-6.1952747007e-01	-2.4698850915e-01	-3.7253896093e-01
0.2074            	5.2303227264e-02	5.9943499034e-01	-6.2594550493e-01	-2.6066952520e-01	-3.6527597973e-01
0.2076            	4.6685546638e-02	5.9750144166e-01	-6.2463744209e-01	-2.6563317441e-01	-3.5900426768e-01
0.2078            	4.7087897230e-02	6.0351774637e-01	-6.1480465510e-01	-2.6031443032e-01	-3.5449022478e-01
0.208             	5.5331168653e-02	6.2179258312e-01	-5.9431717560e-01	-2.4182741915e-01	-3.5248975645e-01
0.2082            	7.3500933643e-02	6.5148476359e-01	-5.6288168800e-01	-2.0793991035e-01	-3.5494177764e-01
0.2084            	1.0175815993e-01	6.8787299100e-01	-5.2217041054e-01	-1.5932704534e-01	-3.6284336520e-01
0.2086            	1.3701293266e-01	7.2884365466e-01	-4.7576285659e-01	-1.0086849563e-01	-3.7489436095e-01
0.2088            	1.7207496142e-01	7.6819926497e-01	-4.3200564835e-01	-4.3927862759e-02	-3.8807778559e-01
0.209             	2.0322843108e-01	8.0260091758e-01	-3.9485975488e-01	5.7985536463e-03	-4.0065830852e-01
0.2092            	2.2335500800e-01	8.2592931442e-01	-3.7167253334e-01	3.7518741327e-02	-4.0919127467e-01
0.2094            	2.2892220704e-01	8.3544339174e-01	-3.6643142378e-01	4.5706495148e-02	-4.1213791892e-01
0.2096            	2.2304335409e-01	8.3399741369e-01	-3.7559160986e-01	3.5247549163e-02	-4.1083915902e-01
0.2098            	2.0856376925e-01	8.2291298555e-01	-3.9679034310e-01	1.0168597695e-02	-4.0695894080e-01
0.21              	1.9347536145e-01	8.0928039167e-01	-4.2134357806e-01	-1.7196427582e-02	-4.0414715048e-01
0.2102            	1.9367767484e-01	8.0607919399e-01	-4.3219014294e-01	-2.2417396629e-02	-4.0977274631e-01
0.2104            	2.0907090851e-01	8.1402225220e-01	-4.2835130130e-01	-5.1047421363e-03	-4.2324655916e-01
0.2106            	2.3134703516e-01	8.2833627625e-01	-4.1654620232e-01	2.3073934006e-02	-4.3962013632e-01
0.2108            	2.5357749489e-01	8.4514425106e-01	-4.0304379765e-01	5.2055596060e-02	-4.5509939371e-01
0.211             	2.7119250937e-01	8.6138842591e-01	-3.9144352752e-01	7.5470745607e-02	-4.6691427313e-01
0.2112            	2.8148932825e-01	8.7437905910e-01	-3.8533523736e-01	8.8821709572e-02	-4.7415694694e-01
0.2114            	2.8528544605e-01	8.8399283707e-01	-3.8335522860e-01	9.3607831753e-02	-4.7696306035e-01
0.2116            	2.8298455605e-01	8.8927476034e-01	-3.8617326811e-01	8.9897921996e-02	-4.7607119011e-01
0.2118            	2.7620598629e-01	8.9114543018e-01	-3.9217963273e-01	8.0116169921e-02	-4.7229580265e-01
0.212             	2.6530698710e-01	8.8896964173e-01	-4.0163419532e-01	6.4489889439e-02	-4.6612408475e-01
0.2122            	2.5149539381e-01	8.8348025680e-01	-4.1350785276e-01	4.4741467430e-02	-4.5824932019e-01
0.2124            	2.3656134791e-01	8.7587419287e-01	-4.2613870930e-01	2.3491993260e-02	-4.4963070256e-01
0.2126            	2.1997957818e-01	8.6500844689e-01	-4.4074537786e-01	-3.9311074852e-04	-4.4035226712e-01
0.2128            	2.0210990242e-01	8.5093537603e-01	-4.5727689721e-01	-2.6528546180e-02	-4.3074835103e-01
0.213             	1.8401683739e-01	8.3538253132e-01	-4.7398669420e-01	-5.2976509712e-02	-4.2101018449e-01
0.2132            	1.6616091377e-01	8.1839616562e-01	-4.9097836323e-01	-7.9328267846e-02	-4.1165009538e-01
0.2134            	1.4883545329e-01	8.0010419687e-01	-5.0790953720e-01	-1.0511931531e-01	-4.0279022189e-01
0.2136            	1.3250077355e-01	7.8214270845e-01	-5.2383729111e-01	-1.2941787200e-01	-3.9441941911e-01
0.2138            	1.1730529215e-01	7.6577665357e-01	-5.3784963873e-01	-1.5161952721e-01	-3.8623011152e-01
0.214             	1.0304377090e-01	7.4911883500e-01	-5.5012551561e-01	-1.7201898691e-01	-3.7810652870e-01
0.2142            	9.1911337413e-02	7.3693245742e-01	-5.5718751430e-01	-1.8668241974e-01	-3.7050509456e-01
0.2144            	8.4668421569e-02	7.3174449555e-01	-5.5707103398e-01	-1.9386709542e-01	-3.6320393856e-01
0.2146            	8.2809368559e-02	7.3594732459e-01	-5.4859965010e-01	-1.9149045649e-01	-3.5710919361e-01
0.2148            	8.7507753215e-02	7.4959019931e-01	-5.3151185728e-01	-1.7824817543e-01	-3.5326368186e-01
0.215             	9.8474571370e-02	7.7043523810e-01	-5.0756054519e-01	-1.5530570122e-01	-3.5225484396e-01
0.2152            	1.1174151108e-01	7.9578603730e-01	-4.8150754648e-01	-1.2901226216e-01	-3.5249528431e-01
0.2154            	1.2614077037e-01	8.2327388563e-01	-4.5504296441e-01	-1.0138071183e-01	-3.5366225258e-01
0.2156            	1.4051213539e-01	8.5016163939e-01	-4.3063181350e-01	-7.4803771366e-02	-3.5582804214e-01
0.2158            	1.5439239261e-01	8.7444942974e-01	-4.0896559589e-01	-5.0090405331e-02	-3.5887519056e-01
0.216             	1.6529496594e-01	8.9607359177e-01	-3.9219848565e-01	-3.0804276889e-02	-3.6139420876e-01
0.2162            	1.7209713248e-01	9.1252644030e-01	-3.8211226771e-01	-1.8959001371e-02	-3.6315326634e-01
0.2164            	1.7438168448e-01	9.2059408416e-01	-3.7969253624e-01	-1.5464583639e-02	-3.6422795261e-01
0.2166            	1.7156320951e-01	9.2204010087e-01	-3.8451960474e-01	-2.0696592862e-02	-3.6382301188e-01
0.2168            	1.6321093847e-01	9.1480922394e-01	-3.9822542551e-01	-3.5901774285e-02	-3.6232365123e-01
0.217             	1.4960299663e-01	9.0091010613e-01	-4.1929411886e-01	-6.0044062804e-02	-3.5925005605e-01
0.2172            	1.3144736239e-01	8.8014619278e-01	-4.4739995550e-01	-9.2252615358e-02	-3.5514734014e-01
0.2174            	1.1289699372e-01	8.5802151020e-01	-4.7787464548e-01	-1.2604032902e-01	-3.5183431646e-01
0.2176            	9.9709865507e-02	8.4106348719e-01	-5.0383139676e-01	-1.5220583287e-01	-3.5162556389e-01
0.2178            	9.4927068081e-02	8.3259108038e-01	-5.2151756354e-01	-1.6583171369e-01	-3.5568584985e-01
0.218             	9.7445331148e-02	8.3264125495e-01	-5.3147237887e-01	-1.6829085828e-01	-3.6318152058e-01
0.2182            	1.0572850115e-01	8.4021353674e-01	-5.3391353878e-01	-1.6122826824e-01	-3.7268527054e-01
0.2184            	1.1647403513e-01	8.5207182877e-01	-5.3206949483e-01	-1.4956071229e-01	-3.8250878255e-01
0.2186            	1.2581129959e-01	8.6442116362e-01	-5.3019242824e-01	-1.3928491453e-01	-3.9090751371e-01
0.2188            	1.3261225178e-01	8.7567545508e-01	-5.2873771677e-01	-1.3175660660e-01	-3.9698111017e-01
0.219             	1.3615253710e-01	8.8453877490e-01	-5.2903457449e-01	-1.2836475014e-01	-4.0066982435e-01
0.2192            	1.3681414201e-01	8.9114037472e-01	-5.3076864047e-01	-1.2857017822e-01	-4.0219846225e-01
0.2194            	1.3443170170e-01	8.9450432664e-01	-5.3461438491e-01	-1.3287549076e-01	-4.0173889415e-01
0.2196            	1.2995503765e-01	8.9549591231e-01	-5.3969440658e-01	-1.3989216564e-01	-3.9980224094e-01
0.2198            	1.2409923842e-01	8.9418157589e-01	-5.4540377570e-01	-1.4860264943e-01	-3.9680112627e-01
0.22              	1.1688197468e-01	8.9009963312e-01	-5.5234828772e-01	-1.5929216918e-01	-3.9305611854e-01
0.2202            	1.0887817219e-01	8.8336432801e-01	-5.6029256693e-01	-1.7126811128e-01	-3.8902445565e-01
0.2204            	9.9613623815e-02	8.7394674867e-01	-5.6957609597e-01	-1.8517442417e-01	-3.8440167180e-01
0.2206            	8.9874432386e-02	8.6252561230e-01	-5.7937254574e-01	-1.9981184048e-01	-3.7956070526e-01
0.2208            	7.9917835568e-02	8.4991400661e-01	-5.8964586872e-01	-2.1490509879e-01	-3.7474076993e-01
0.221             	7.0219362028e-02	8.3692545494e-01	-5.9955115016e-01	-2.2955621305e-01	-3.6999493711e-01
0.2212            	6.0821770320e-02	8.2297598332e-01	-6.0923078922e-01	-2.4379362429e-01	-3.6543716493e-01
0.2214            	5.1909753405e-02	8.0879767765e-01	-6.1831346512e-01	-2.5724697916e-01	-3.6106648597e-01
0.2216            	4.3839223177e-02	7.9616937675e-01	-6.2631629755e-01	-2.6931892560e-01	-3.5699737195e-01
0.2218            	3.5940677073e-02	7.8305601008e-01	-6.3441180458e-01	-2.8126522522e-01	-3.5314657937e-01
0.222             	2.9077222246e-02	7.7158209563e-01	-6.3987393724e-01	-2.9085974638e-01	-3.4901419087e-01
0.2222            	2.3690643706e-02	7.6298246925e-01	-6.4252133758e-01	-2.9757002508e-01	-3.4495131249e-01
0.2224            	2.0358216234e-02	7.5923399058e-01	-6.4087763962e-01	-3.0008060357e-01	-3.4079703604e-01
0.2226            	1.8347310613e-02	7.6341706333e-01	-6.3542208001e-01	-2.9936372939e-01	-3.3605835062e-01
0.2228            	1.8905801816e-02	7.7323374675e-01	-6.2584023353e-01	-2.9401431495e-01	-3.3182591858e-01
0.223             	1.9117612735e-02	7.8999395337e-01	-6.1471854323e-01	-2.8824165888e-01	-3.2647688435e-01
0.2232            	2.2784502721e-02	8.0614559363e-01	-6.0082085732e-01	-2.7762592594e-01	-3.2319493138e-01
0.2234            	2.7487353490e-02	8.2136005622e-01	-5.8662226077e-01	-2.6582377690e-01	-3.2079848388e-01
0.2236            	3.2441923339e-02	8.3522546883e-01	-5.7337067880e-01	-2.5424341606e-01	-3.1912726274e-01
0.2238            	3.7412873190e-02	8.5022774833e-01	-5.6048143639e-01	-2.4282784500e-01	-3.1765359138e-01
0.224             	4.0692159165e-02	8.6403327306e-01	-5.5056813971e-01	-2.3459191069e-01	-3.1597622902e-01
0.2242            	4.2620812509e-02	8.7678414457e-01	-5.4333890285e-01	-2.2904863892e-01	-3.1429026393e-01
0.2244            	4.4234812254e-02	8.8790209389e-01	-5.3794506404e-01	-2.2473771977e-01	-3.1320734428e-01
0.2246            	4.3003293725e-02	8.9590239389e-01	-5.3715030937e-01	-2.2557186096e-01	-3.1157844841e-01
0.2248            	3.9648380138e-02	8.9812341463e-01	-5.4074829971e-01	-2.3072576972e-01	-3.1002252999e-01
0.225             	3.4912537384e-02	8.9684304100e-01	-5.4795579011e-01	-2.3906535767e-01	-3.0889043244e-01
0.2252            	2.7636313356e-02	8.9062707333e-01	-5.5971904958e-01	-2.5222321143e-01	-3.0749583815e-01
0.2254            	1.8228914359e-02	8.8026783595e-01	-5.7564542484e-01	-2.6959379806e-01	-3.0605162678e-01
0.2256            	7.6898721666e-03	8.6735661561e-01	-5.9430860589e-01	-2.8946443078e-01	-3.0484417511e-01
0.2258            	-2.5761890800e-03	8.5491451113e-01	-6.1394167213e-01	-3.0954702514e-01	-3.0439464698e-01
0.226             	-9.7072468037e-03	8.4653802325e-01	-6.3080845077e-01	-3.2511147219e-01	-3.0569697858e-01
0.2262            	-1.4025646635e-02	8.4303607287e-01	-6.4455880427e-01	-3.3630504877e-01	-3.0825375550e-01
0.2264            	-1.5012815588e-02	8.4493618016e-01	-6.5451754086e-01	-3.4227158602e-01	-3.1224595484e-01
0.2266            	-1.3383354566e-02	8.5139762768e-01	-6.6087711420e-01	-3.4382191167e-01	-3.1705520253e-01
0.2268            	-1.0130289594e-02	8.6254509724e-01	-6.6371278397e-01	-3.4198668158e-01	-3.2172610239e-01
0.227             	-6.0016591411e-03	8.7543820203e-01	-6.6449283336e-01	-3.3824807582e-01	-3.2624475754e-01
0.2272            	-1.8990283815e-03	8.8994133184e-01	-6.6384758588e-01	-3.3382282132e-01	-3.3002476456e-01
0.2274            	1.4965156160e-03	9.0397850905e-01	-6.6255998385e-01	-3.2978347631e-01	-3.3277650754e-01
0.2276            	3.9210167337e-03	9.1654451241e-01	-6.6129341284e-01	-3.2672568969e-01	-3.3456772315e-01
0.2278            	5.3734986974e-03	9.2673700573e-01	-6.6025337903e-01	-3.2475319082e-01	-3.3550018821e-01
0.228             	5.2739311138e-03	9.3374288721e-01	-6.6018361266e-01	-3.2481787522e-01	-3.3536573744e-01
0.2282            	4.3913056412e-03	9.3777671555e-01	-6.6034172569e-01	-3.2577955720e-01	-3.3456216849e-01
0.2284            	2.0400319526e-03	9.3798061687e-01	-6.6278598421e-01	-3.2935296015e-01	-3.3343302406e-01
0.2286            	-1.2103630019e-03	9.3542973194e-01	-6.6583587281e-01	-3.3412829940e-01	-3.3170757340e-01
0.2288            	-4.5079374195e-03	9.2944052821e-01	-6.6931124498e-01	-3.3916355991e-01	-3.3014768507e-01
0.229             	-9.3350652489e-03	9.2099323753e-01	-6.7426645228e-01	-3.4646829139e-01	-3.2779816089e-01
0.2292            	-1.3355434593e-02	9.1202324741e-01	-6.7826354920e-01	-3.5248720919e-01	-3.2577634001e-01
0.2294            	-1.8543609318e-02	8.9783138769e-01	-6.8422747471e-01	-3.6065734667e-01	-3.2357012804e-01
0.2296            	-2.3554138817e-02	8.8220234420e-01	-6.8992712298e-01	-3.6851770031e-01	-3.2140942268e-01
0.2298            	-2.8471167633e-02	8.6551655784e-01	-6.9518465038e-01	-3.7606349282e-01	-3.1912115756e-01
0.23              	-3.3079081529e-02	8.4850639819e-01	-6.9917244531e-01	-3.8266530419e-01	-3.1650714113e-01
0.2302            	-3.7266775126e-02	8.3369715639e-01	-7.0118826773e-01	-3.8786090899e-01	-3.1332735874e-01
0.2304            	-4.1168876889e-02	8.2220860039e-01	-7.0087553068e-01	-3.9160664223e-01	-3.0926888845e-01
0.2306            	-4.4761269802e-02	8.1536659716e-01	-6.9795021457e-01	-3.9373637709e-01	-3.0421383748e-01
0.2308            	-4.7668698766e-02	8.1548090323e-01	-6.9158669119e-01	-3.9346204436e-01	-2.9812464683e-01
0.231             	-4.9900482631e-02	8.2340209557e-01	-6.8180478489e-01	-3.9080287508e-01	-2.9100190982e-01
0.2312            	-5.0655634835e-02	8.3918530585e-01	-6.6852820284e-01	-3.8491973626e-01	-2.8360846659e-01
0.2314            	-5.0100875722e-02	8.6261564015e-01	-6.5246604746e-01	-3.7633389945e-01	-2.7613214801e-01
0.2316            	-4.7049687230e-02	8.9176884808e-01	-6.3365622098e-01	-3.6387779772e-01	-2.6977842326e-01
0.2318            	-4.2460723512e-02	9.2537723259e-01	-6.1376879478e-01	-3.4934512090e-01	-2.6442367388e-01
0.232             	-3.6453581691e-02	9.6051362683e-01	-5.9410666641e-01	-3.3350691489e-01	-2.6059975151e-01
0.2322            	-2.9961935060e-02	9.9553549918e-01	-5.7546774435e-01	-3.1769580724e-01	-2.5777193712e-01
0.2324            	-2.4798786400e-02	1.0268793855e+00	-5.6130790356e-01	-3.0545273818e-01	-2.5585516538e-01
0.2326            	-2.1695206416e-02	1.0519206936e+00	-5.5170395497e-01	-2.9754718390e-01	-2.5415677107e-01
0.2328            	-2.1314719160e-02	1.0683244053e+00	-5.4836799929e-01	-2.9549871881e-01	-2.5286928049e-01
0.233             	-2.3569429214e-02	1.0743317859e+00	-5.5187233937e-01	-2.9950559890e-01	-2.5236674047e-01
0.2332            	-2.8388962244e-02	1.0712643043e+00	-5.6105398659e-01	-3.0891595554e-01	-2.5213803105e-01
0.2334            	-3.4771126140e-02	1.0604074114e+00	-5.7522708863e-01	-3.2238467045e-01	-2.5284241817e-01
0.2336            	-4.2734773321e-02	1.0424119239e+00	-5.9406063041e-01	-3.3976508852e-01	-2.5429554188e-01
0.2338            	-5.0221088872e-02	1.0235748288e+00	-6.1473018424e-01	-3.5758618099e-01	-2.5714400325e-01
0.234             	-5.2670878053e-02	1.0134164717e+00	-6.3071256417e-01	-3.6802716014e-01	-2.6268540403e-01
0.2342            	-4.6653305036e-02	1.0154147965e+00	-6.3836141408e-01	-3.6583401208e-01	-2.7252740200e-01
0.2344            	-3.5767359465e-02	1.0307390839e+00	-6.3905283733e-01	-3.5529377813e-01	-2.8375905920e-01
0.2346            	-2.2611016651e-02	1.0563206517e+00	-6.3510077852e-01	-3.4016140591e-01	-2.9493937261e-01
0.2348            	-9.6816070016e-03	1.0872054027e+00	-6.2871188433e-01	-3.2403754916e-01	-3.0467433516e-01
0.235             	3.5677892021e-04	1.1201789402e+00	-6.2222516296e-01	-3.1075580256e-01	-3.1146936040e-01
0.2352            	6.4973532890e-03	1.1516107881e+00	-6.1727416168e-01	-3.0213972755e-01	-3.1513443413e-01
0.2354            	8.9911294802e-03	1.1802981226e+00	-6.1353081122e-01	-2.9777427613e-01	-3.1575653509e-01
0.2356            	8.2140411557e-03	1.2039508315e+00	-6.1224276012e-01	-2.9790733891e-01	-3.1433542122e-01
0.2358            	4.6573736637e-03	1.2222535458e+00	-6.1242541404e-01	-3.0155533336e-01	-3.1087008068e-01
0.236             	-1.4762787242e-03	1.2343645483e+00	-6.1475762516e-01	-3.0885509131e-01	-3.0590253386e-01
0.2362            	-8.1231887420e-03	1.2396702844e+00	-6.1796864992e-01	-3.1710751370e-01	-3.0086113622e-01
0.2364            	-1.5838753640e-02	1.2391068168e+00	-6.2258657551e-01	-3.2713204140e-01	-2.9545453412e-01
0.2366            	-2.4366784063e-02	1.2320602367e+00	-6.2899666095e-01	-3.3886511454e-01	-2.9013154641e-01
0.2368            	-3.2841147227e-02	1.2180487366e+00	-6.3670633152e-01	-3.5119431299e-01	-2.8551201853e-01
0.237             	-4.0944521220e-02	1.1971680110e+00	-6.4549126131e-01	-3.6369015187e-01	-2.8180110943e-01
0.2372            	-4.8359805731e-02	1.1719356863e+00	-6.5428827954e-01	-3.7550394550e-01	-2.7878433404e-01
0.2374            	-5.3161259746e-02	1.1420982137e+00	-6.6160020031e-01	-3.8396135990e-01	-2.7763884041e-01
0.2376            	-5.8938269895e-02	1.1080489949e+00	-6.6999138454e-01	-3.9393396216e-01	-2.7605742237e-01
0.2378            	-6.2444732724e-02	1.0721936767e+00	-6.7504568079e-01	-3.9996757312e-01	-2.7507810767e-01
0.238             	-6.6300452874e-02	1.0376903702e+00	-6.7796585951e-01	-4.0528338263e-01	-2.7268247688e-01
0.2382            	-7.1040755114e-02	1.0085020282e+00	-6.7766338140e-01	-4.0987244581e-01	-2.6779093559e-01
0.2384            	-7.7339742251e-02	9.9322240485e-01	-6.7319586685e-01	-4.1393767567e-01	-2.5925819117e-01
0.2386            	-8.5476006741e-02	9.9424338390e-01	-6.6426654524e-01	-4.1760927936e-01	-2.4665726588e-01
0.2388            	-9.5246803053e-02	1.0113275421e+00	-6.5251529912e-01	-4.2150445261e-01	-2.3101084651e-01
0.239             	-1.0522523248e-01	1.0425193634e+00	-6.3765413071e-01	-4.2405229783e-01	-2.1360183288e-01
0.2392            	-1.1363275952e-01	1.0816206704e+00	-6.2129681760e-01	-4.2428116832e-01	-1.9701564928e-01
0.2394            	-1.1956354316e-01	1.1254545419e+00	-6.0376523562e-01	-4.2144616098e-01	-1.8231907465e-01
0.2396            	-1.2301766178e-01	1.1701772581e+00	-5.8647828520e-01	-4.1625680438e-01	-1.7022148082e-01
0.2398            	-1.2445626268e-01	1.2128516234e+00	-5.7076027395e-01	-4.0983639966e-01	-1.6092387429e-01
0.24              	-1.2471035974e-01	1.2512853650e+00	-5.5798108638e-01	-4.0370090293e-01	-1.5428018345e-01
0.2402            	-1.2545105170e-01	1.2831014894e+00	-5.5014925147e-01	-4.0052567743e-01	-1.4962357404e-01
0.2404            	-1.2656069298e-01	1.3064698900e+00	-5.4651994170e-01	-3.9982066383e-01	-1.4669927787e-01
0.2406            	-1.2879379049e-01	1.3184442122e+00	-5.4889534607e-01	-4.0324146353e-01	-1.4565388255e-01
0.2408            	-1.3203878481e-01	1.3175315060e+00	-5.5712528096e-01	-4.1060142529e-01	-1.4652385567e-01
0.241             	-1.3652370811e-01	1.3047405752e+00	-5.7092922342e-01	-4.2198831982e-01	-1.4894090360e-01
0.2412            	-1.4276382563e-01	1.2822322755e+00	-5.9016524858e-01	-4.3784644992e-01	-1.5231879867e-01
0.2414            	-1.4945990654e-01	1.2488197093e+00	-6.1388050169e-01	-4.5640015738e-01	-1.5748034431e-01
0.2416            	-1.5518187342e-01	1.2142393548e+00	-6.3930983609e-01	-4.7483679146e-01	-1.6447304463e-01
0.2418            	-1.5545856954e-01	1.1888177210e+00	-6.6052952201e-01	-4.8572333055e-01	-1.7480619146e-01
0.242             	-1.5042252000e-01	1.1787766743e+00	-6.7579346456e-01	-4.8831925228e-01	-1.8747421228e-01
0.2422            	-1.4146549196e-01	1.1846311621e+00	-6.8476873676e-01	-4.8384986034e-01	-2.0091887642e-01
0.2424            	-1.2997850258e-01	1.2033134408e+00	-6.8879324925e-01	-4.7437512721e-01	-2.1441812204e-01
0.2426            	-1.2000634596e-01	1.2310746802e+00	-6.9100028615e-01	-4.6550648904e-01	-2.2549379711e-01
0.2428            	-1.1229262820e-01	1.2627111666e+00	-6.9226779087e-01	-4.5842652364e-01	-2.3384126723e-01
0.243             	-1.0824462257e-01	1.2943186771e+00	-6.9492278582e-01	-4.5570601548e-01	-2.3921677034e-01
0.2432            	-1.0664864515e-01	1.3219966607e+00	-6.9769034402e-01	-4.5549381716e-01	-2.4219652686e-01
0.2434            	-1.0797819021e-01	1.3457995789e+00	-7.0163595218e-01	-4.5879616631e-01	-2.4283978588e-01
0.2436            	-1.1105845966e-01	1.3644805501e+00	-7.0583968532e-01	-4.6397830232e-01	-2.4186138299e-01
0.2438            	-1.1605301985e-01	1.3797827232e+00	-7.0985608783e-01	-4.7098106377e-01	-2.3887502406e-01
0.244             	-1.2442953950e-01	1.3914082938e+00	-7.1559982045e-01	-4.8222944972e-01	-2.3337037073e-01
0.2442            	-1.3270766954e-01	1.3950295735e+00	-7.2170454039e-01	-4.9355993974e-01	-2.2814460065e-01
0.2444            	-1.4208835695e-01	1.3949025107e+00	-7.2822420723e-01	-5.0620046056e-01	-2.2202374667e-01
0.2446            	-1.5144877877e-01	1.3881498476e+00	-7.3563020819e-01	-5.1926388286e-01	-2.1636632533e-01
0.2448            	-1.6006269966e-01	1.3741608373e+00	-7.4348184958e-01	-5.3180362445e-01	-2.1167822513e-01
0.245             	-1.6703158122e-01	1.3532836602e+00	-7.5094149473e-01	-5.4250232858e-01	-2.0843916615e-01
0.2452            	-1.7287861562e-01	1.3273654005e+00	-7.5816633442e-01	-5.5196178283e-01	-2.0620455159e-01
0.2454            	-1.7575215065e-01	1.2945073898e+00	-7.6409797901e-01	-5.5780114016e-01	-2.0629683885e-01
0.2456            	-1.7648791886e-01	1.2567554271e+00	-7.6849945692e-01	-5.6073764732e-01	-2.0776180960e-01
0.2458            	-1.7431937009e-01	1.2141226225e+00	-7.7064866899e-01	-5.5964370459e-01	-2.1100496441e-01
0.246             	-1.7223849585e-01	1.1714616204e+00	-7.7150108998e-01	-5.5798904084e-01	-2.1351204914e-01
0.2462            	-1.6873898628e-01	1.1320017598e+00	-7.6796579971e-01	-5.5272188613e-01	-2.1524391358e-01
0.2464            	-1.6905328656e-01	1.1042443095e+00	-7.6279787591e-01	-5.5045222452e-01	-2.1234565139e-01
0.2466            	-1.7470671182e-01	1.0926133307e+00	-7.5643940375e-01	-5.5292641370e-01	-2.0351299005e-01
0.2468            	-1.8456647105e-01	1.0954186588e+00	-7.4942327746e-01	-5.5927810978e-01	-1.9014516768e-01
0.247             	-1.9676856604e-01	1.1072082102e+00	-7.4255132260e-01	-5.6804422734e-01	-1.7450709526e-01
0.2472            	-2.0936252483e-01	1.1268820286e+00	-7.3491685345e-01	-5.7682095155e-01	-1.5809590189e-01
0.2474            	-2.2226534119e-01	1.1517672636e+00	-7.2802868064e-01	-5.8627968151e-01	-1.4174899913e-01
0.2476            	-2.3383692273e-01	1.1794523916e+00	-7.2098954567e-01	-5.9433169557e-01	-1.2665785010e-01
0.2478            	-2.4452046938e-01	1.2085093316e+00	-7.1555422905e-01	-6.0229758390e-01	-1.1325664514e-01
0.248             	-2.5297871117e-01	1.2373641951e+00	-7.1050648251e-01	-6.0823195243e-01	-1.0227453008e-01
0.2482            	-2.5959921841e-01	1.2630671330e+00	-7.0701406135e-01	-6.1310624909e-01	-9.3907812261e-02
0.2484            	-2.6455469183e-01	1.2844168572e+00	-7.0595913383e-01	-6.1753425874e-01	-8.8424875085e-02
0.2486            	-2.6901279702e-01	1.3001236473e+00	-7.0747713743e-01	-6.2275136573e-01	-8.4725771700e-02
0.2488            	-2.7476998673e-01	1.3122119494e+00	-7.1239117561e-01	-6.3096557453e-01	-8.1425601078e-02
0.249             	-2.7836018284e-01	1.3179901859e+00	-7.1849195146e-01	-6.3760615857e-01	-8.0885792896e-02
0.2492            	-2.8197242847e-01	1.3118524630e+00	-7.2888271223e-01	-6.4641378458e-01	-8.2468927650e-02
0.2494            	-2.8325525449e-01	1.2948701201e+00	-7.4096440765e-01	-6.5373745832e-01	-8.7226949334e-02
0.2496            	-2.8398220902e-01	1.2705391070e+00	-7.5548172835e-01	-6.6172307320e-01	-9.3758655154e-02
0.2498            	-2.8501280770e-01	1.2385088222e+00	-7.7261769021e-01	-6.7132165281e-01	-1.0129603740e-01
0.25              	-2.8633583579e-01	1.2009472383e+00	-7.9283818605e-01	-6.8275492882e-01	-1.1008325723e-01
0.2502            	-2.8533460835e-01	1.1641237573e+00	-8.1294518103e-01	-6.9180719886e-01	-1.2113798217e-01
0.2504            	-2.8193082638e-01	1.1364812553e+00	-8.3061971485e-01	-6.9724068380e-01	-1.3337903105e-01
0.2506            	-2.7691005198e-01	1.1210637297e+00	-8.4525277052e-01	-6.9953643724e-01	-1.4571633328e-01
0.2508            	-2.7098273862e-01	1.1195888230e+00	-8.5698626674e-01	-6.9947587199e-01	-1.5751039475e-01
0.251             	-2.6528974705e-01	1.1317123215e+00	-8.6581945000e-01	-6.9819947205e-01	-1.6761997795e-01
0.2512            	-2.6101653651e-01	1.1545931531e+00	-8.7249224157e-01	-6.9726265730e-01	-1.7522958427e-01
0.2514            	-2.5930867243e-01	1.1844008297e+00	-8.7842729527e-01	-6.9852232006e-01	-1.7990497521e-01
0.2516            	-2.6057059524e-01	1.2176129886e+00	-8.8409850056e-01	-7.0261984552e-01	-1.8147865504e-01
0.2518            	-2.6417564736e-01	1.2503816419e+00	-8.8943451321e-01	-7.0889290397e-01	-1.8054160925e-01
0.252             	-2.7028879263e-01	1.2818246713e+00	-8.9481694392e-01	-7.1769726459e-01	-1.7711967933e-01
0.2522            	-2.7800505757e-01	1.3099764803e+00	-8.9978953790e-01	-7.2789982652e-01	-1.7188971138e-01
0.2524            	-2.8693259983e-01	1.3334233601e+00	-9.0459496015e-01	-7.3923007991e-01	-1.6536488024e-01
0.2526            	-2.9567963683e-01	1.3505402696e+00	-9.0899705450e-01	-7.5017816408e-01	-1.5881889042e-01
0.2528            	-3.0385986965e-01	1.3611057390e+00	-9.1283397287e-01	-7.6027685608e-01	-1.5255711679e-01
0.253             	-3.1165528960e-01	1.3654649404e+00	-9.1665975909e-01	-7.6998516914e-01	-1.4667458995e-01
0.2532            	-3.1845873792e-01	1.3619275540e+00	-9.2059555653e-01	-7.7875651618e-01	-1.4183904035e-01
0.2534            	-3.2327172386e-01	1.3506404957e+00	-9.2401346246e-01	-7.8527845509e-01	-1.3873500737e-01
0.2536            	-3.2501077931e-01	1.3318465085e+00	-9.2627325935e-01	-7.8814740899e-01	-1.3812585036e-01
0.2538            	-3.2333440943e-01	1.3063814190e+00	-9.2650192147e-01	-7.8658537017e-01	-1.3991655130e-01
0.254             	-3.1731627741e-01	1.2728789360e+00	-9.2440756875e-01	-7.7952006179e-01	-1.4488750696e-01
0.2542            	-3.0792960248e-01	1.2338361685e+00	-9.1977948716e-01	-7.6781934606e-01	-1.5196014110e-01
0.2544            	-2.9614755425e-01	1.1919060500e+00	-9.1215601890e-01	-7.5222556371e-01	-1.5993045520e-01
0.2546            	-2.8487874314e-01	1.1511841876e+00	-9.0275261508e-01	-7.3625505068e-01	-1.6649756441e-01
0.2548            	-2.7784954209e-01	1.1208964245e+00	-8.9199726110e-01	-7.2384817264e-01	-1.6814908846e-01
0.255             	-2.7834783526e-01	1.1038889321e+00	-8.8243711670e-01	-7.1956639361e-01	-1.6287072308e-01
0.2552            	-2.8447612382e-01	1.1001375029e+00	-8.7423071920e-01	-7.2159148342e-01	-1.5263923578e-01
0.2554            	-2.9611323529e-01	1.1061207332e+00	-8.6761149110e-01	-7.2991898084e-01	-1.3769251026e-01
0.2556            	-3.1067828609e-01	1.1204809743e+00	-8.6228385518e-01	-7.4182021368e-01	-1.2046364150e-01
0.2558            	-3.2601742656e-01	1.1398442634e+00	-8.5757365003e-01	-7.5480425158e-01	-1.0276939846e-01
0.256             	-3.4112133410e-01	1.1628340928e+00	-8.5350123428e-01	-7.6787195123e-01	-8.5629283043e-02
0.2562            	-3.5501445295e-01	1.1872083434e+00	-8.5043395660e-01	-7.8023143125e-01	-7.0202525346e-02
0.2564            	-3.6775566361e-01	1.2112907982e+00	-8.4858571726e-01	-7.9204852224e-01	-5.6537195017e-02
0.2566            	-3.7726107362e-01	1.2341023809e+00	-8.4701464958e-01	-8.0076839841e-01	-4.6246251165e-02
0.2568            	-3.8660030974e-01	1.2550385351e+00	-8.4798614092e-01	-8.1059338020e-01	-3.7392760720e-02
0.257             	-3.9535627037e-01	1.2732364111e+00	-8.5121677189e-01	-8.2096465632e-01	-3.0252115578e-02
0.2572            	-4.0366356417e-01	1.2875332746e+00	-8.5681842257e-01	-8.3207277545e-01	-2.4745647120e-02
0.2574            	-4.1155620426e-01	1.2970968074e+00	-8.6484496677e-01	-8.4397868765e-01	-2.0866279119e-02
0.2576            	-4.1543091698e-01	1.2954507546e+00	-8.7365091873e-01	-8.5225637635e-01	-2.1394542383e-02
0.2578            	-4.1432862635e-01	1.2831242629e+00	-8.8205770071e-01	-8.5535747670e-01	-2.6700224001e-02
0.258             	-4.1096337121e-01	1.2612657970e+00	-8.9189273586e-01	-8.5690973915e-01	-3.4982996717e-02
0.2582            	-4.0677956809e-01	1.2326895174e+00	-9.0320342621e-01	-8.5838128120e-01	-4.4822145018e-02
0.2584            	-4.0123291368e-01	1.1957216359e+00	-9.1739802825e-01	-8.5993192780e-01	-5.7466100447e-02
0.2586            	-3.9538839389e-01	1.1623726972e+00	-9.3150128108e-01	-8.6113903443e-01	-7.0362246656e-02
0.2588            	-3.9086164055e-01	1.1375556462e+00	-9.4685694821e-01	-8.6429011466e-01	-8.2566833556e-02
0.259             	-3.8415473701e-01	1.1221545399e+00	-9.5963798550e-01	-8.6397372976e-01	-9.5664255734e-02
0.2592            	-3.7825464814e-01	1.1207656405e+00	-9.7135418094e-01	-8.6393173861e-01	-1.0742244233e-01
0.2594            	-3.7509292159e-01	1.1339566675e+00	-9.8233309554e-01	-8.6625946936e-01	-1.1607362618e-01
0.2596            	-3.7427530610e-01	1.1586437564e+00	-9.9199484454e-01	-8.7027272837e-01	-1.2172211617e-01
0.2598            	-3.7738535978e-01	1.1924432581e+00	-1.0018994134e+00	-8.7833506647e-01	-1.2356434691e-01
0.26              	-3.8459269726e-01	1.2313350564e+00	-1.0119920407e+00	-8.9058871760e-01	-1.2140332308e-01
0.2602            	-3.9501345604e-01	1.2707125597e+00	-1.0224512289e+00	-9.0623907048e-01	-1.1621215840e-01
0.2604            	-4.0820328810e-01	1.3091845104e+00	-1.0326902106e+00	-9.2454839338e-01	-1.0814181718e-01
0.2606            	-4.2281718626e-01	1.3435950628e+00	-1.0425597333e+00	-9.4409705291e-01	-9.8462680391e-02
0.2608            	-4.3844351549e-01	1.3733723167e+00	-1.0519292417e+00	-9.6440813634e-01	-8.7521105351e-02
0.261             	-4.5389086287e-01	1.3972186588e+00	-1.0605164126e+00	-9.8414906917e-01	-7.6367343430e-02
0.2612            	-4.6748627983e-01	1.4136376178e+00	-1.0676550350e+00	-1.0013137973e+00	-6.6341237682e-02
0.2614            	-4.7786363796e-01	1.4205615325e+00	-1.0731912190e+00	-1.0144592475e+00	-5.8731971559e-02
0.2616            	-4.8540309437e-01	1.4184307689e+00	-1.0774060733e+00	-1.0241061310e+00	-5.3299942295e-02
0.2618            	-4.8920120280e-01	1.4076059474e+00	-1.0799116506e+00	-1.0291570281e+00	-5.0754622526e-02
0.262             	-4.8799701215e-01	1.3882553020e+00	-1.0797247515e+00	-1.0278593879e+00	-5.1865363624e-02
0.2622            	-4.8138911432e-01	1.3609709955e+00	-1.0764142172e+00	-1.0195962229e+00	-5.6817994268e-02
0.2624            	-4.6814172178e-01	1.3240686761e+00	-1.0690117381e+00	-1.0026475908e+00	-6.6364147262e-02
0.2626            	-4.4917987402e-01	1.2801959061e+00	-1.0572451486e+00	-9.7780244832e-01	-7.9442700279e-02
0.2628            	-4.2718782825e-01	1.2333858451e+00	-1.0416908108e+00	-9.4803323366e-01	-9.3657577154e-02
0.263             	-4.0810799321e-01	1.1921423928e+00	-1.0245519487e+00	-9.2038396754e-01	-1.0416798112e-01
0.2632            	-3.9578365273e-01	1.1597033549e+00	-1.0086699222e+00	-9.0011861386e-01	-1.0855130839e-01
0.2634            	-3.9125538173e-01	1.1390396766e+00	-9.9445751387e-01	-8.8848413867e-01	-1.0597337520e-01
0.2636            	-3.9708085498e-01	1.1300575250e+00	-9.8538864222e-01	-8.8977517609e-01	-9.5613466129e-02
0.2638            	-4.0574364048e-01	1.1307636332e+00	-9.7672802629e-01	-8.9410765363e-01	-8.2620372668e-02
0.264             	-4.2181601113e-01	1.1387889963e+00	-9.7316596680e-01	-9.0839899453e-01	-6.4766972270e-02
0.2642            	-4.4028355989e-01	1.1538307876e+00	-9.7138772459e-01	-9.2597742219e-01	-4.5410302400e-02
0.2644            	-4.5854690340e-01	1.1729524629e+00	-9.7056593977e-01	-9.4382987329e-01	-2.6736066484e-02
0.2646            	-4.7454056865e-01	1.1937758188e+00	-9.6949551795e-01	-9.5928832762e-01	-1.0207190321e-02
0.2648            	-4.9046758713e-01	1.2139976663e+00	-9.7135201036e-01	-9.7614359231e-01	4.7915819531e-03
0.265             	-5.0206980246e-01	1.2308789673e+00	-9.7253371638e-01	-9.8833666066e-01	1.5802944273e-02
0.2652            	-5.1267192053e-01	1.2466194288e+00	-9.7553748841e-01	-1.0004406647e+00	2.4903176322e-02
0.2654            	-5.1967170530e-01	1.2575845899e+00	-9.7921701912e-01	-1.0092802149e+00	3.0063195734e-02
0.2656            	-5.2682359904e-01	1.2662991434e+00	-9.8535762017e-01	-1.0195024091e+00	3.4144788949e-02
0.2658            	-5.3300594272e-01	1.2709018194e+00	-9.9308420911e-01	-1.0295480473e+00	3.6463838171e-02
0.266             	-5.3704915477e-01	1.2704377089e+00	-1.0023979145e+00	-1.0382481120e+00	3.5850197534e-02
0.2662            	-5.3596307506e-01	1.2586768480e+00	-1.0107035194e+00	-1.0413148347e+00	3.0611315380e-02
0.2664            	-5.3003354580e-01	1.2376750571e+00	-1.0184492732e+00	-1.0392581824e+00	2.0808909183e-02
0.2666            	-5.2369420060e-01	1.2120624454e+00	-1.0279326060e+00	-1.0376605036e+00	9.7278976119e-03
0.2668            	-5.1296577814e-01	1.1782308550e+00	-1.0370642487e+00	-1.0314979025e+00	-5.5663462149e-03
0.267             	-5.0307531158e-01	1.1480613991e+00	-1.0477850305e+00	-1.0269678269e+00	-2.0817203692e-02
0.2672            	-4.9240848769e-01	1.1247671481e+00	-1.0587101204e+00	-1.0217635479e+00	-3.6946572525e-02
0.2674            	-4.8366841798e-01	1.1142552232e+00	-1.0691317879e+00	-1.0182343119e+00	-5.0897475952e-02
0.2676            	-4.7788198119e-01	1.1187742514e+00	-1.0802657304e+00	-1.0180148464e+00	-6.2250884034e-02
0.2678            	-4.7646669008e-01	1.1368064300e+00	-1.0923889441e+00	-1.0226611621e+00	-6.9727781963e-02
0.268             	-4.8114075356e-01	1.1679816354e+00	-1.1065142001e+00	-1.0343978536e+00	-7.2116346512e-02
0.2682            	-4.9209602073e-01	1.2078023644e+00	-1.1213436825e+00	-1.0527678620e+00	-6.8575820523e-02
0.2684            	-5.0828913236e-01	1.2517855078e+00	-1.1378961751e+00	-1.0772372199e+00	-6.0658955168e-02
0.2686            	-5.2883101635e-01	1.2967856741e+00	-1.1548196686e+00	-1.1062408506e+00	-4.8578817951e-02
0.2688            	-5.5158997452e-01	1.3392400749e+00	-1.1714837177e+00	-1.1373318333e+00	-3.4151884312e-02
0.269             	-5.7440976450e-01	1.3759422584e+00	-1.1870585618e+00	-1.1679390454e+00	-1.9119516388e-02
0.2692            	-5.9646394960e-01	1.4065648636e+00	-1.2007459398e+00	-1.1968369195e+00	-3.9090202966e-03
0.2694            	-6.1732625197e-01	1.4305416908e+00	-1.2130877775e+00	-1.2238701407e+00	1.0782363235e-02
0.2696            	-6.3492359242e-01	1.4463565761e+00	-1.2233767049e+00	-1.2466119448e+00	2.3235239988e-02
0.2698            	-6.4821291892e-01	1.4522419052e+00	-1.2310663297e+00	-1.2637460838e+00	3.2679754076e-02
0.27              	-6.5642621211e-01	1.4479492989e+00	-1.2361640864e+00	-1.2745082553e+00	3.8344168923e-02
0.2702            	-6.5747717700e-01	1.4338381405e+00	-1.2371619193e+00	-1.2760581366e+00	3.8896217349e-02
0.2704            	-6.5119492221e-01	1.4107620507e+00	-1.2336498614e+00	-1.2680198529e+00	3.4369991496e-02
0.2706            	-6.3665900837e-01	1.3776652523e+00	-1.2248137649e+00	-1.2490658908e+00	2.4252125912e-02
0.2708            	-6.1350263082e-01	1.3359867183e+00	-1.2097341679e+00	-1.2183697148e+00	8.6355468600e-03
0.271             	-5.8412078559e-01	1.2870141087e+00	-1.1895925213e+00	-1.1789170462e+00	-1.0675475068e-02
0.2712            	-5.5138022613e-01	1.2359529908e+00	-1.1648611872e+00	-1.1338108197e+00	-3.1050367484e-02
0.2714            	-5.2368443465e-01	1.1925284912e+00	-1.1401899726e+00	-1.0937794209e+00	-4.6410551628e-02
0.2716            	-5.0698210929e-01	1.1612318921e+00	-1.1187099735e+00	-1.0663370960e+00	-5.2372877447e-02
0.2718            	-5.0237720435e-01	1.1421914275e+00	-1.1037203702e+00	-1.0542373894e+00	-4.9482980749e-02
0.272             	-5.0630201988e-01	1.1330241785e+00	-1.0926346479e+00	-1.0526193439e+00	-4.0015304082e-02
0.2722            	-5.1742373557e-01	1.1313088210e+00	-1.0863926514e+00	-1.0606200613e+00	-2.5772590114e-02
0.2724            	-5.3268780386e-01	1.1360610577e+00	-1.0830905809e+00	-1.0742330943e+00	-8.8574866028e-03
0.2726            	-5.5054000010e-01	1.1453015742e+00	-1.0827100064e+00	-1.0918950033e+00	9.1849969025e-03
0.2728            	-5.6828952940e-01	1.1571842221e+00	-1.0838423374e+00	-1.1102106981e+00	2.6368360688e-02
0.273             	-5.8392077742e-01	1.1695321634e+00	-1.0855808687e+00	-1.1267112118e+00	4.1130343083e-02
0.2732            	-5.9722903217e-01	1.1812919384e+00	-1.0883006846e+00	-1.1413793745e+00	5.3078689871e-02
0.2734            	-6.0692008543e-01	1.1895207021e+00	-1.0910297932e+00	-1.1524349820e+00	6.1405188827e-02
0.2736            	-6.1308508837e-01	1.1952242434e+00	-1.0938736743e+00	-1.1600219255e+00	6.6148251202e-02
0.2738            	-6.1974357705e-01	1.2010877601e+00	-1.0991553711e+00	-1.1693212626e+00	7.0165891496e-02
0.274             	-6.2591625652e-01	1.2045083551e+00	-1.1063674834e+00	-1.1790999982e+00	7.2732514799e-02
0.2742            	-6.3211057681e-01	1.2074553461e+00	-1.1151250762e+00	-1.1896731149e+00	7.4548038706e-02
0.2744            	-6.3576273100e-01	1.2024704976e+00	-1.1250885278e+00	-1.1983069949e+00	7.3218467098e-02
0.2746            	-6.3254171289e-01	1.1890308247e+00	-1.1329337199e+00	-1.1990085729e+00	6.6074852916e-02
0.2748            	-6.2336913039e-01	1.1668649352e+00	-1.1390782069e+00	-1.1929082338e+00	5.3830026962e-02
0.275             	-6.0932082432e-01	1.1375737451e+00	-1.1440881187e+00	-1.1813648837e+00	3.7276764988e-02
0.2752            	-5.9316868502e-01	1.1065320365e+00	-1.1490185475e+00	-1.1676779588e+00	1.8659411294e-02
0.2754            	-5.7781964506e-01	1.0806924870e+00	-1.1549998538e+00	-1.1553195720e+00	3.1971814870e-04
0.2756            	-5.6498266719e-01	1.0645279081e+00	-1.1624127890e+00	-1.1461890617e+00	-1.6223727290e-02
0.2758            	-5.5672445370e-01	1.0624738648e+00	-1.1722489975e+00	-1.1428489525e+00	-2.9400045073e-02
0.276             	-5.5434667577e-01	1.0748247697e+00	-1.1846557728e+00	-1.1466745622e+00	-3.7981210639e-02
0.2762            	-5.5974261411e-01	1.1006782631e+00	-1.2001515622e+00	-1.1598183952e+00	-4.0333167004e-02
0.2764            	-5.7338630160e-01	1.1369031386e+00	-1.2190263983e+00	-1.1828995008e+00	-3.6126897568e-02
0.2766            	-5.9406287649e-01	1.1789794541e+00	-1.2404779320e+00	-1.2143018425e+00	-2.6176089505e-02
0.2768            	-6.2059859287e-01	1.2242825354e+00	-1.2636490547e+00	-1.2524231202e+00	-1.1225934484e-02
0.277             	-6.5037590460e-01	1.2689311216e+00	-1.2868835065e+00	-1.2938176578e+00	6.9341513666e-03
0.2772            	-6.8092468806e-01	1.3097033031e+00	-1.3088362924e+00	-1.3353428343e+00	2.6506541864e-02
0.2774            	-7.1039500653e-01	1.3447440197e+00	-1.3288406524e+00	-1.3748153327e+00	4.5974680313e-02
0.2776            	-7.3762519274e-01	1.3730880291e+00	-1.3464263673e+00	-1.4108383764e+00	6.4412009093e-02
0.2778            	-7.6211561550e-01	1.3944763097e+00	-1.3616671776e+00	-1.4429492043e+00	8.1282026709e-02
0.278             	-7.8058092850e-01	1.4057246518e+00	-1.3729792936e+00	-1.4670705753e+00	9.4091281705e-02
0.2782            	-7.9239970659e-01	1.4065560730e+00	-1.3802233829e+00	-1.4825113981e+00	1.0228801512e-01
0.2784            	-7.9643963890e-01	1.3976676463e+00	-1.3828951504e+00	-1.4878872141e+00	1.0499206372e-01
0.2786            	-7.9096551537e-01	1.3790058424e+00	-1.3795293766e+00	-1.4807302037e+00	1.0120082708e-01
0.2788            	-7.7477552569e-01	1.3501033473e+00	-1.3693476905e+00	-1.4594493709e+00	9.0101680435e-02
0.279             	-7.4843405313e-01	1.3121106133e+00	-1.3518907839e+00	-1.4243794451e+00	7.2488661158e-02
0.2792            	-7.1292609154e-01	1.2661185700e+00	-1.3270385733e+00	-1.3764453782e+00	4.9406804910e-02
0.2794            	-6.7252746757e-01	1.2162184231e+00	-1.2969634932e+00	-1.3210092142e+00	2.4045720956e-02
0.2796            	-6.3558912715e-01	1.1716596812e+00	-1.2655677757e+00	-1.2683730150e+00	2.8052392947e-03
0.2798            	-6.0870008127e-01	1.1361824744e+00	-1.2377997451e+00	-1.2275999538e+00	-1.0199791301e-02
0.28              	-5.9249388788e-01	1.1098923687e+00	-1.2154755928e+00	-1.2002316843e+00	-1.5243908499e-02
0.2802            	-5.8680033604e-01	1.0921217973e+00	-1.1992594843e+00	-1.1864300782e+00	-1.2829406096e-02
0.2804            	-5.8966427232e-01	1.0824682506e+00	-1.1883809040e+00	-1.1838547243e+00	-4.5261796994e-03
0.2806            	-5.9836945004e-01	1.0776863730e+00	-1.1824675025e+00	-1.1896032013e+00	7.1356987755e-03
0.2808            	-6.1187005238e-01	1.0783102336e+00	-1.1804374882e+00	-1.2020887965e+00	2.1651308301e-02
0.281             	-6.2691312981e-01	1.0823058165e+00	-1.1807387925e+00	-1.2172825261e+00	3.6543733547e-02
0.2812            	-6.4108799661e-01	1.0865979996e+00	-1.1826905157e+00	-1.2324332544e+00	4.9742738780e-02
0.2814            	-6.5184146365e-01	1.0900459412e+00	-1.1844877315e+00	-1.2440853294e+00	5.9597597892e-02
0.2816            	-6.6070086181e-01	1.0933929598e+00	-1.1871163035e+00	-1.2542590136e+00	6.7142710049e-02
0.2818            	-6.6660852593e-01	1.0944035983e+00	-1.1899963046e+00	-1.2616066782e+00	7.1610373627e-02
0.282             	-6.6998475032e-01	1.0941722686e+00	-1.1930401594e+00	-1.2665048300e+00	7.3464670603e-02
0.2822            	-6.7360013858e-01	1.0926617139e+00	-1.1984558928e+00	-1.2728280850e+00	7.4372192203e-02
0.2824            	-6.7674596738e-01	1.0903059367e+00	-1.2054138836e+00	-1.2794529092e+00	7.4039025568e-02
0.2826            	-6.7882871841e-01	1.0845363621e+00	-1.2136631663e+00	-1.2856603016e+00	7.1997135251e-02
0.2828            	-6.7478752244e-01	1.0723902601e+00	-1.2199659449e+00	-1.2847704949e+00	6.4804549992e-02
0.283             	-6.6597548945e-01	1.0551673958e+00	-1.2247065340e+00	-1.2783287565e+00	5.3622222430e-02
0.2832            	-6.5220493112e-01	1.0333165718e+00	-1.2275627014e+00	-1.2659862818e+00	3.8423580425e-02
0.2834            	-6.3496368898e-01	1.0080070773e+00	-1.2295278255e+00	-1.2497276017e+00	2.0199776231e-02
0.2836            	-6.1695516355e-01	9.8429933133e-01	-1.2319338016e+00	-1.2329220644e+00	9.8826273959e-04
0.2838            	-6.0139218096e-01	9.6692527195e-01	-1.2361518196e+00	-1.2194680908e+00	-1.6683728835e-02
0.284             	-5.9069950375e-01	9.5962866016e-01	-1.2436800333e+00	-1.2125395204e+00	-3.1140512916e-02
0.2842            	-5.8711900296e-01	9.6494817748e-01	-1.2551158529e+00	-1.2146769294e+00	-4.0438923466e-02
0.2844            	-5.9299058428e-01	9.8411210539e-01	-1.2715026623e+00	-1.2287419154e+00	-4.2760746860e-02
0.2846            	-6.0980407886e-01	1.0157218221e+00	-1.2934455023e+00	-1.2565268300e+00	-3.6918672271e-02
0.2848            	-6.3513798407e-01	1.0550626414e+00	-1.3191239103e+00	-1.2946999392e+00	-2.4423971063e-02
0.285             	-6.6865867795e-01	1.0996649553e+00	-1.3481359082e+00	-1.3427266321e+00	-5.4092761698e-03
0.2852            	-7.0568522116e-01	1.1446588191e+00	-1.3774081765e+00	-1.3943893094e+00	1.6981132932e-02
0.2854            	-7.4228404409e-01	1.1856759852e+00	-1.4047530548e+00	-1.4446605715e+00	3.9907516699e-02
0.2856            	-7.7639432608e-01	1.2210382849e+00	-1.4289479069e+00	-1.4908682795e+00	6.1920372640e-02
0.2858            	-8.0729543598e-01	1.2503384132e+00	-1.4498798675e+00	-1.5322353697e+00	8.2355502229e-02
0.286             	-8.3505076389e-01	1.2729124557e+00	-1.4680233949e+00	-1.5690624613e+00	1.0103906643e-01
0.2862            	-8.5841573879e-01	1.2876557226e+00	-1.4830195142e+00	-1.5999254959e+00	1.1690598171e-01
0.2864            	-8.7367104944e-01	1.2924000297e+00	-1.4927661509e+00	-1.6200541249e+00	1.2728797401e-01
0.2866            	-8.7986851700e-01	1.2875268098e+00	-1.4966101066e+00	-1.6281735703e+00	1.3156346370e-01
0.2868            	-8.7488908145e-01	1.2726219037e+00	-1.4931042487e+00	-1.6214412058e+00	1.2833695709e-01
0.287             	-8.5689494498e-01	1.2472475326e+00	-1.4809802394e+00	-1.5973850647e+00	1.1640482530e-01
0.2872            	-8.2702615569e-01	1.2133678144e+00	-1.4601170091e+00	-1.5570846602e+00	9.6967651144e-02
0.2874            	-7.8719573131e-01	1.1724365441e+00	-1.4309769637e+00	-1.5026842132e+00	7.1707249439e-02
0.2876            	-7.4349046771e-01	1.1298717665e+00	-1.3970120403e+00	-1.4419964879e+00	4.4984447544e-02
0.2878            	-7.0205545479e-01	1.0895767073e+00	-1.3619904563e+00	-1.3830506829e+00	2.1060226631e-02
0.288             	-6.6914768831e-01	1.0558956211e+00	-1.3304582334e+00	-1.3343768050e+00	3.9185716044e-03
0.2882            	-6.4735941170e-01	1.0293023615e+00	-1.3050943372e+00	-1.2999065803e+00	-5.1877569178e-03
0.2884            	-6.3542234102e-01	1.0101465837e+00	-1.2850597895e+00	-1.2779522358e+00	-7.1075537279e-03
0.2886            	-6.3249356535e-01	9.9666147818e-01	-1.2716379409e+00	-1.2683125358e+00	-3.3254051217e-03
0.2888            	-6.3495520017e-01	9.8675745989e-01	-1.2625907867e+00	-1.2662505935e+00	3.6598068105e-03
0.289             	-6.4104214700e-01	9.7984533222e-01	-1.2573536397e+00	-1.2697189669e+00	1.2365327132e-02
0.2892            	-6.4934980736e-01	9.7531422876e-01	-1.2549976538e+00	-1.2768486343e+00	2.1850980464e-02
0.2894            	-6.5731189499e-01	9.7182537345e-01	-1.2546074496e+00	-1.2846156198e+00	3.0008170174e-02
0.2896            	-6.6409321481e-01	9.6823464606e-01	-1.2547390701e+00	-1.2914627498e+00	3.6723679778e-02
0.2898            	-6.6714555566e-01	9.6351363375e-01	-1.2547180003e+00	-1.2945045558e+00	3.9786555527e-02
0.29              	-6.6943329628e-01	9.5951642575e-01	-1.2555445275e+00	-1.2972055600e+00	4.1661032521e-02
0.2902            	-6.6933130658e-01	9.5304755343e-01	-1.2568880210e+00	-1.2977753171e+00	4.0887296083e-02
0.2904            	-6.6765409710e-01	9.4646518198e-01	-1.2587151615e+00	-1.2970116779e+00	3.8296516345e-02
0.2906            	-6.6521366674e-01	9.3854996052e-01	-1.2618247462e+00	-1.2961260398e+00	3.4301293643e-02
0.2908            	-6.6181955523e-01	9.2907066321e-01	-1.2659749074e+00	-1.2948070089e+00	2.8832101551e-02
0.291             	-6.5644846209e-01	9.1788657943e-01	-1.2702096571e+00	-1.2915532906e+00	2.1343633563e-02
0.2912            	-6.4803212134e-01	9.0446618039e-01	-1.2739146372e+00	-1.2849894399e+00	1.1074802744e-02
0.2914            	-6.3586006230e-01	8.8747336467e-01	-1.2762805854e+00	-1.2740003550e+00	-2.2802304125e-03
0.2916            	-6.2082611355e-01	8.6851598913e-01	-1.2777772686e+00	-1.2597147479e+00	-1.8062520762e-02
0.2918            	-6.0514568854e-01	8.5121787851e-01	-1.2797545150e+00	-1.2450229460e+00	-3.4731568957e-02
0.292             	-5.9143375758e-01	8.3809587453e-01	-1.2833691632e+00	-1.2331183392e+00	-5.0250824010e-02
0.2922            	-5.8341378215e-01	8.3292298318e-01	-1.2909042385e+00	-1.2288659014e+00	-6.2038337114e-02
0.2924            	-5.8342884545e-01	8.3789953806e-01	-1.3033461960e+00	-1.2351019434e+00	-6.8244252542e-02
0.2926            	-5.9251425514e-01	8.5345643446e-01	-1.3210468158e+00	-1.2530376630e+00	-6.8009152764e-02
0.2928            	-6.1105574684e-01	8.7892783961e-01	-1.3440895273e+00	-1.2831005105e+00	-6.0989016795e-02
0.293             	-6.3884100247e-01	9.1199800844e-01	-1.3716535205e+00	-1.3246677627e+00	-4.6985757763e-02
0.2932            	-6.7361454276e-01	9.5021143872e-01	-1.4021387782e+00	-1.3746839319e+00	-2.7454846351e-02
0.2934            	-7.1289692853e-01	9.9012055049e-01	-1.4337484992e+00	-1.4297711781e+00	-3.9773210884e-03
0.2936            	-7.5357001911e-01	1.0284433452e+00	-1.4646189490e+00	-1.4858794936e+00	2.1260544593e-02
0.2938            	-7.9392625947e-01	1.0638994211e+00	-1.4938680731e+00	-1.5408602960e+00	4.6992222898e-02
0.294             	-8.2883534531e-01	1.0924518799e+00	-1.5183319841e+00	-1.5880013374e+00	6.9669353237e-02
0.2942            	-8.5714486957e-01	1.1137930267e+00	-1.5375809645e+00	-1.6259353518e+00	8.8354387336e-02
0.2944            	-8.8024517290e-01	1.1281462432e+00	-1.5527514468e+00	-1.6566208963e+00	1.0386944948e-01
0.2946            	-8.9508107498e-01	1.1333880022e+00	-1.5623149952e+00	-1.6762385726e+00	1.1392357738e-01
0.2948            	-8.9989731883e-01	1.1293522318e+00	-1.5654676384e+00	-1.6826311380e+00	1.1716349965e-01
0.295             	-8.9242754005e-01	1.1160785821e+00	-1.5596329457e+00	-1.6722440129e+00	1.1261106721e-01
0.2952            	-8.6974857412e-01	1.0930395593e+00	-1.5433325668e+00	-1.6414148575e+00	9.8082290697e-02
0.2954            	-8.3562577550e-01	1.0634651773e+00	-1.5179100658e+00	-1.5945808084e+00	7.6670742586e-02
0.2956            	-7.9330204687e-01	1.0290420155e+00	-1.4859808801e+00	-1.5362924869e+00	5.0311606807e-02
0.2958            	-7.4803389378e-01	9.9336210951e-01	-1.4489968673e+00	-1.4725323274e+00	2.3535460124e-02
0.296             	-7.0753545033e-01	9.6144478592e-01	-1.4129958959e+00	-1.4140333983e+00	1.0375023859e-03
0.2962            	-6.7502097881e-01	9.3423706531e-01	-1.3808271130e+00	-1.3654345353e+00	-1.5392577694e-02
0.2964            	-6.5270745225e-01	9.1232561572e-01	-1.3549964179e+00	-1.3302056612e+00	-2.4790756713e-02
0.2966            	-6.3923189498e-01	8.9482194979e-01	-1.3354278428e+00	-1.3069458164e+00	-2.8482026424e-02
0.2968            	-6.3180459090e-01	8.8003166288e-01	-1.3204954687e+00	-1.2920523253e+00	-2.8443143466e-02
0.297             	-6.2838574851e-01	8.6717279917e-01	-1.3096012591e+00	-1.2831863780e+00	-2.6414881026e-02
0.2972            	-6.2737025811e-01	8.5523008783e-01	-1.3012383191e+00	-1.2779894176e+00	-2.3248901418e-02
0.2974            	-6.2981804196e-01	8.4681245475e-01	-1.2968710220e+00	-1.2782535530e+00	-1.8617469044e-02
0.2976            	-6.3105646745e-01	8.3707915036e-01	-1.2936276781e+00	-1.2778703065e+00	-1.5757371614e-02
0.2978            	-6.3085654910e-01	8.2753312110e-01	-1.2910344176e+00	-1.2763737579e+00	-1.4660659717e-02
0.298             	-6.2944266891e-01	8.1801543741e-01	-1.2891307695e+00	-1.2740080537e+00	-1.5122715842e-02
0.2982            	-6.2497193290e-01	8.0729028463e-01	-1.2868858402e+00	-1.2684148530e+00	-1.8470987207e-02
0.2984            	-6.1698104498e-01	7.9470012732e-01	-1.2835641948e+00	-1.2587631424e+00	-2.4801052410e-02
0.2986            	-6.0809256766e-01	7.8215272435e-01	-1.2810772154e+00	-1.2486311754e+00	-3.2446040045e-02
0.2988            	-6.0005664403e-01	7.7039715767e-01	-1.2804482524e+00	-1.2402807703e+00	-4.0167482195e-02
0.299             	-5.9124713978e-01	7.5769026699e-01	-1.2806468159e+00	-1.2315705478e+00	-4.9076268196e-02
0.2992            	-5.8271695156e-01	7.4471896566e-01	-1.2824128455e+00	-1.2239233743e+00	-5.8489471167e-02
0.2994            	-5.7393288111e-01	7.3219551110e-01	-1.2849328020e+00	-1.2163992821e+00	-6.8533519880e-02
0.2996            	-5.6444786682e-01	7.1927905638e-01	-1.2877886846e+00	-1.2083422091e+00	-7.9446475455e-02
0.2998            	-5.5595852942e-01	7.0831532432e-01	-1.2918716353e+00	-1.2018943470e+00	-8.9977288209e-02
0.3               	-5.4551664015e-01	6.9792665877e-01	-1.2952693614e+00	-1.1931513209e+00	-1.0211804057e-01
0.3002            	-5.3706275595e-01	6.9113393838e-01	-1.3002770554e+00	-1.1872012836e+00	-1.1307577174e-01
0.3004            	-5.3226740331e-01	6.8878375807e-01	-1.3081045748e+00	-1.1863196907e+00	-1.2178488411e-01
0.3006            	-5.3455285050e-01	6.9324812358e-01	-1.3203929766e+00	-1.1947493388e+00	-1.2564363781e-01
0.3008            	-5.4537749580e-01	7.0553386544e-01	-1.3379475011e+00	-1.2143512464e+00	-1.2359625476e-01
0.301             	-5.6631967820e-01	7.2618459650e-01	-1.3613730161e+00	-1.2470061863e+00	-1.1436682987e-01
0.3012            	-5.9584608474e-01	7.5328668362e-01	-1.3895934944e+00	-1.2906428319e+00	-9.8950662440e-02
0.3014            	-6.3233462572e-01	7.8496815252e-01	-1.4210106517e+00	-1.3428399516e+00	-7.8170700126e-02
0.3016            	-6.7163806387e-01	8.1790625562e-01	-1.4529153304e+00	-1.3980957291e+00	-5.4819601338e-02
0.3018            	-7.1160007855e-01	8.4972966927e-01	-1.4837695594e+00	-1.4534848582e+00	-3.0284701147e-02
0.302             	-7.5004128836e-01	8.7891782121e-01	-1.5124096724e+00	-1.5062461245e+00	-6.1635478191e-03
0.3022            	-7.8366800444e-01	9.0345931453e-01	-1.5366530739e+00	-1.5519945414e+00	1.5341467500e-02
0.3024            	-8.1210288382e-01	9.2244919271e-01	-1.5564809022e+00	-1.5903433349e+00	3.3862432736e-02
0.3026            	-8.3293962177e-01	9.3415454054e-01	-1.5705869867e+00	-1.6182331151e+00	4.7646128442e-02
0.3028            	-8.4570209170e-01	9.3890009086e-01	-1.5788032848e+00	-1.6351037341e+00	5.6300449281e-02
0.303             	-8.4402542617e-01	9.3400255577e-01	-1.5772299751e+00	-1.6326404137e+00	5.5410438600e-02
0.3032            	-8.2621496243e-01	9.1983533450e-01	-1.5640225770e+00	-1.6082262509e+00	4.4203673922e-02
0.3034            	-7.9663194437e-01	8.9945665190e-01	-1.5413443444e+00	-1.5673041166e+00	2.5959772153e-02
0.3036            	-7.6180175213e-01	8.7680292042e-01	-1.5135270155e+00	-1.5185652599e+00	5.0382443762e-03
0.3038            	-7.2030917931e-01	8.5112293048e-01	-1.4792839863e+00	-1.4599511725e+00	-1.9332813860e-02
0.304             	-6.7975902297e-01	8.2625353955e-01	-1.4438651230e+00	-1.4016915845e+00	-4.2173538514e-02
0.3042            	-6.4556300570e-01	8.0390095529e-01	-1.4110274600e+00	-1.3510767357e+00	-5.9950724320e-02
0.3044            	-6.2119183873e-01	7.8670367214e-01	-1.3843190961e+00	-1.3133513868e+00	-7.0967709303e-02
0.3046            	-6.0287823129e-01	7.6987245986e-01	-1.3625577869e+00	-1.2841571247e+00	-7.8400662147e-02
0.3048            	-5.8946636845e-01	7.5432278883e-01	-1.3449297297e+00	-1.2619312333e+00	-8.2998496411e-02
0.305             	-5.8085109169e-01	7.4034758353e-01	-1.3318505755e+00	-1.2467763795e+00	-8.5074196084e-02
0.3052            	-5.7213665052e-01	7.2564876936e-01	-1.3198813614e+00	-1.2320773312e+00	-8.7804030204e-02
0.3054            	-5.6598903624e-01	7.1203392701e-01	-1.3110524285e+00	-1.2215152505e+00	-8.9537178022e-02
0.3056            	-5.5863907685e-01	6.9797629186e-01	-1.3027875530e+00	-1.2100328533e+00	-9.2754699631e-02
0.3058            	-5.5067116568e-01	6.8369168399e-01	-1.2956489710e+00	-1.1984956512e+00	-9.7153319828e-02
0.306             	-5.4127155577e-01	6.6895807485e-01	-1.2885212087e+00	-1.1855321601e+00	-1.0298904858e-01
0.3062            	-5.3090376862e-01	6.5417334155e-01	-1.2819914992e+00	-1.1718995182e+00	-1.1009198096e-01
0.3064            	-5.1894328684e-01	6.3867668422e-01	-1.2754621701e+00	-1.1566743719e+00	-1.1878779822e-01
0.3066            	-5.0655046553e-01	6.2271522833e-01	-1.2699378538e+00	-1.1415193925e+00	-1.2841846138e-01
0.3068            	-4.9375525289e-01	6.0763957334e-01	-1.2651786417e+00	-1.1263445737e+00	-1.3883406797e-01
0.307             	-4.8319709394e-01	5.9464180892e-01	-1.2628907468e+00	-1.1146424673e+00	-1.4824827944e-01
0.3072            	-4.7567992355e-01	5.8321724251e-01	-1.2635522429e+00	-1.1074560450e+00	-1.5609619791e-01
0.3074            	-4.6901602538e-01	5.7307791197e-01	-1.2657442013e+00	-1.1018881261e+00	-1.6385607529e-01
0.3076            	-4.5942675831e-01	5.6231874313e-01	-1.2666100504e+00	-1.0927317835e+00	-1.7387826690e-01
0.3078            	-4.5046713943e-01	5.5274077632e-01	-1.2685184869e+00	-1.0847263829e+00	-1.8379210404e-01
0.308             	-4.4272272135e-01	5.4462453510e-01	-1.2716024619e+00	-1.0785239523e+00	-1.9307850960e-01
0.3082            	-4.3562615829e-01	5.3774923504e-01	-1.2755767542e+00	-1.0734145354e+00	-2.0216221880e-01
0.3084            	-4.3213823567e-01	5.3430371138e-01	-1.2820596196e+00	-1.0731680455e+00	-2.0889157411e-01
0.3086            	-4.3305709573e-01	5.3488098723e-01	-1.2915467118e+00	-1.0788304516e+00	-2.1271626015e-01
0.3088            	-4.4189794891e-01	5.4092581554e-01	-1.3063504448e+00	-1.0950731713e+00	-2.1127727349e-01
0.309             	-4.5924977397e-01	5.5309993779e-01	-1.3263731119e+00	-1.1224363299e+00	-2.0393678196e-01
0.3092            	-4.8594760541e-01	5.7126360906e-01	-1.3522683213e+00	-1.1620817661e+00	-1.9018655524e-01
0.3094            	-5.2038566199e-01	5.9458131238e-01	-1.3827050196e+00	-1.2117381718e+00	-1.7096684782e-01
0.3096            	-5.5979770737e-01	6.2092148351e-01	-1.4155662894e+00	-1.2675808521e+00	-1.4798543735e-01
0.3098            	-5.9979240020e-01	6.4751997296e-01	-1.4475958465e+00	-1.3235903235e+00	-1.2400552307e-01
0.31              	-6.3855537390e-01	6.7328221952e-01	-1.4774585521e+00	-1.3772846500e+00	-1.0017390216e-01
0.3102            	-6.7346967573e-01	6.9647709579e-01	-1.5035421167e+00	-1.4252407341e+00	-7.8301382600e-02
0.3104            	-7.0114911793e-01	7.1521295354e-01	-1.5233785508e+00	-1.4628383933e+00	-6.0540157489e-02
0.3106            	-7.1677749936e-01	7.2214622012e-01	-1.5342574590e+00	-1.4839062288e+00	-5.0351230130e-02
0.3108            	-7.3583818932e-01	7.3688907638e-01	-1.5464232460e+00	-1.5090498123e+00	-3.7373433670e-02
0.311             	-7.3457735177e-01	7.3638874122e-01	-1.5442675203e+00	-1.5067111119e+00	-3.7556408379e-02
0.3112            	-7.1497033346e-01	7.2720673940e-01	-1.5284434814e+00	-1.4791920741e+00	-4.9251407232e-02
0.3114            	-6.8294246345e-01	7.1322421435e-01	-1.5024487140e+00	-1.4341668205e+00	-6.8281893570e-02
0.3116            	-6.4894160157e-01	6.9850800437e-01	-1.4732825048e+00	-1.3855828540e+00	-8.7699650848e-02
0.3118            	-6.1512084859e-01	6.8376742929e-01	-1.4426622307e+00	-1.3364519639e+00	-1.0621026677e-01
0.312             	-5.8334947260e-01	6.6901075048e-01	-1.4123752256e+00	-1.2895370854e+00	-1.2283814018e-01
0.3122            	-5.5763842872e-01	6.5556500374e-01	-1.3858182055e+00	-1.2505475315e+00	-1.3527067402e-01
0.3124            	-5.3818933906e-01	6.4338257722e-01	-1.3638622486e+00	-1.2201204633e+00	-1.4374178521e-01
0.3126            	-5.2156620527e-01	6.3035709006e-01	-1.3451900483e+00	-1.1941612294e+00	-1.5102881890e-01
0.3128            	-5.0656281508e-01	6.1664808504e-01	-1.3281108702e+00	-1.1706182502e+00	-1.5749262000e-01
0.313             	-4.9411476112e-01	6.0295270516e-01	-1.3145513670e+00	-1.1513904446e+00	-1.6316092239e-01
0.3132            	-4.8181411989e-01	5.8874074246e-01	-1.3023733896e+00	-1.1330008147e+00	-1.6937257490e-01
0.3134            	-4.6864399391e-01	5.7385331901e-01	-1.2909580622e+00	-1.1141230250e+00	-1.7683503718e-01
0.3136            	-4.5407241696e-01	5.5852805685e-01	-1.2796950293e+00	-1.0939199316e+00	-1.8577509771e-01
0.3138            	-4.3903720091e-01	5.4335126288e-01	-1.2691477945e+00	-1.0736110981e+00	-1.9553669631e-01
0.314             	-4.2450586711e-01	5.2850362110e-01	-1.2599917567e+00	-1.0545017455e+00	-2.0549001122e-01
0.3142            	-4.1056741925e-01	5.1387415152e-01	-1.2522726204e+00	-1.0367037295e+00	-2.1556889098e-01
0.3144            	-3.9832115680e-01	5.0011531369e-01	-1.2467416358e+00	-1.0216919747e+00	-2.2504966111e-01
0.3146            	-3.8768830494e-01	4.8762043777e-01	-1.2429923656e+00	-1.0091844877e+00	-2.3380787787e-01
0.3148            	-3.7814151797e-01	4.7658668471e-01	-1.2407041204e+00	-9.9849357818e-01	-2.4221054225e-01
0.315             	-3.6939087958e-01	4.6668473817e-01	-1.2396700812e+00	-9.8922592017e-01	-2.5044416102e-01
0.3152            	-3.6164816193e-01	4.5752135525e-01	-1.2400598668e+00	-9.8167809531e-01	-2.5838177145e-01
0.3154            	-3.5474804265e-01	4.4953813004e-01	-1.2416084768e+00	-9.7555228105e-01	-2.6605619575e-01
0.3156            	-3.4903072506e-01	4.4306872914e-01	-1.2443065045e+00	-9.7118397732e-01	-2.7312252720e-01
0.3158            	-3.4670402675e-01	4.3862494886e-01	-1.2494607486e+00	-9.7143440103e-01	-2.7802634754e-01
0.316             	-3.4782194627e-01	4.3685036449e-01	-1.2571151243e+00	-9.7637950843e-01	-2.8073561590e-01
0.3162            	-3.5277609477e-01	4.3754813402e-01	-1.2677327084e+00	-9.8664244897e-01	-2.8109025942e-01
0.3164            	-3.6433343527e-01	4.4254417872e-01	-1.2825400467e+00	-1.0056034586e+00	-2.7693658807e-01
0.3166            	-3.8342895837e-01	4.5177013259e-01	-1.3022845756e+00	-1.0345712462e+00	-2.6771332944e-01
0.3168            	-4.0781795700e-01	4.6459207613e-01	-1.3253193710e+00	-1.0704776425e+00	-2.5484172850e-01
0.317             	-4.4039203442e-01	4.8148362616e-01	-1.3532975254e+00	-1.1170407971e+00	-2.3625672830e-01
0.3172            	-4.7799815474e-01	5.0135343796e-01	-1.3839737742e+00	-1.1699850418e+00	-2.1398873235e-01
0.3174            	-5.1975704003e-01	5.2330103649e-01	-1.4164796546e+00	-1.2279968673e+00	-1.8848278725e-01
0.3176            	-5.6053624330e-01	5.4479060850e-01	-1.4473174887e+00	-1.2841949877e+00	-1.6312250106e-01
0.3178            	-5.9701493854e-01	5.6486721919e-01	-1.4736899897e+00	-1.3338599334e+00	-1.3983005630e-01
0.318             	-6.2351255610e-01	5.8100016521e-01	-1.4918014054e+00	-1.3694132588e+00	-1.2238814661e-01
0.3182            	-6.3752423298e-01	5.9151715820e-01	-1.5000865919e+00	-1.3875675289e+00	-1.1251906299e-01
0.3184            	-6.4196312734e-01	5.9650041467e-01	-1.5009062920e+00	-1.3924162733e+00	-1.0849001866e-01
0.3186            	-6.2463304280e-01	5.9301038728e-01	-1.4852676042e+00	-1.3672668449e+00	-1.1800075930e-01
0.3188            	-5.9258950242e-01	5.8488576344e-01	-1.4576446724e+00	-1.3214118386e+00	-1.3623283378e-01
0.319             	-5.6051783437e-01	5.7684004331e-01	-1.4278638280e+00	-1.2744497483e+00	-1.5341407961e-01
0.3192            	-5.2766962835e-01	5.6773214187e-01	-1.3965276769e+00	-1.2259334668e+00	-1.7059421009e-01
0.3194            	-5.0098854899e-01	5.5993672301e-01	-1.3689098942e+00	-1.1854434961e+00	-1.8346639810e-01
0.3196            	-4.8049334216e-01	5.5219102546e-01	-1.3460193812e+00	-1.1535030328e+00	-1.9251634845e-01
0.3198            	-4.6082896497e-01	5.4035849738e-01	-1.3249459164e+00	-1.1233019232e+00	-2.0164399322e-01
0.32              	-4.4331293673e-01	5.2774418335e-01	-1.3070374273e+00	-1.0968316504e+00	-2.1020577693e-01
0.3202            	-4.2590890298e-01	5.1454518951e-01	-1.2903038374e+00	-1.0710608217e+00	-2.1924301572e-01
0.3204            	-4.1242155781e-01	5.0290430976e-01	-1.2782000729e+00	-1.0515215943e+00	-2.2667847863e-01
0.3206            	-3.9271883662e-01	4.8653083665e-01	-1.2628527014e+00	-1.0241451873e+00	-2.3870751408e-01
0.3208            	-3.7530093499e-01	4.7263383611e-01	-1.2501609845e+00	-1.0003814272e+00	-2.4977955724e-01
0.321             	-3.5622329115e-01	4.5588469995e-01	-1.2375160166e+00	-9.7498129945e-01	-2.6253471715e-01
0.3212            	-3.4333156600e-01	4.4260467085e-01	-1.2305864249e+00	-9.5862477846e-01	-2.7196164647e-01
0.3214            	-3.3272446641e-01	4.3051660478e-01	-1.2261345234e+00	-9.4579172812e-01	-2.8034279529e-01
0.3216            	-3.2191894956e-01	4.1922468581e-01	-1.2222237155e+00	-9.3303080733e-01	-2.8919290821e-01
0.3218            	-3.1198876290e-01	4.0909767842e-01	-1.2198049272e+00	-9.2189122649e-01	-2.9791370069e-01
0.322             	-3.0399362356e-01	4.0033036113e-01	-1.2193417035e+00	-9.1366447533e-01	-3.0567722822e-01
0.3222            	-2.9719080981e-01	3.9274059641e-01	-1.2202731806e+00	-9.0732740011e-01	-3.1294578049e-01
0.3224            	-2.9434841819e-01	3.8778514286e-01	-1.2244280168e+00	-9.0656242658e-01	-3.1786559021e-01
0.3226            	-2.9507488375e-01	3.8472432708e-01	-1.2312796920e+00	-9.1071472975e-01	-3.2056496225e-01
0.3228            	-3.0132862744e-01	3.8524284214e-01	-1.2422238729e+00	-9.2244056388e-01	-3.1978330899e-01
0.323             	-3.1440114526e-01	3.8948908432e-01	-1.2578230080e+00	-9.4331264924e-01	-3.1451035873e-01
0.3232            	-3.3472606016e-01	3.9749407179e-01	-1.2782436254e+00	-9.7384787286e-01	-3.0439575255e-01
0.3234            	-3.6425951381e-01	4.1006428733e-01	-1.3049318285e+00	-1.0167254281e+00	-2.8820640043e-01
0.3236            	-4.0108981273e-01	4.2655596413e-01	-1.3359176780e+00	-1.0690486517e+00	-2.6686902626e-01
0.3238            	-4.4504722504e-01	4.4655177557e-01	-1.3710889372e+00	-1.1305916936e+00	-2.4049724356e-01
0.324             	-4.9178935765e-01	4.6786232743e-01	-1.4072981088e+00	-1.1954384121e+00	-2.1185969677e-01
0.3242            	-5.3591625256e-01	4.8840908879e-01	-1.4406426591e+00	-1.2562375821e+00	-1.8440507700e-01
0.3244            	-5.7379235306e-01	5.0712851774e-01	-1.4681324288e+00	-1.3078585675e+00	-1.6027386135e-01
0.3246            	-5.9732061585e-01	5.2065637855e-01	-1.4844441117e+00	-1.3395426717e+00	-1.4490144000e-01
0.3248            	-6.0737923896e-01	5.2871607242e-01	-1.4899326428e+00	-1.3523455604e+00	-1.3758708243e-01
0.325             	-6.0118045228e-01	5.3035084088e-01	-1.4829615150e+00	-1.3426612098e+00	-1.4030030519e-01
0.3252            	-5.7337541319e-01	5.2558767464e-01	-1.4591710056e+00	-1.3029609160e+00	-1.5621008961e-01
0.3254            	-5.4024562264e-01	5.1919653262e-01	-1.4298606046e+00	-1.2551759249e+00	-1.7468467968e-01
0.3256            	-5.0556363967e-01	5.1184157489e-01	-1.3979353208e+00	-1.2045313001e+00	-1.9340402073e-01
0.3258            	-4.7349616686e-01	5.0327582618e-01	-1.3675565780e+00	-1.1572744559e+00	-2.1028212216e-01
0.326             	-4.4473428090e-01	4.9360051649e-01	-1.3397153970e+00	-1.1145919794e+00	-2.2512341759e-01
0.3262            	-4.1870278221e-01	4.8220111389e-01	-1.3144586729e+00	-1.0759321186e+00	-2.3852655423e-01
0.3264            	-3.9559995014e-01	4.6931156446e-01	-1.2927399924e+00	-1.0419699463e+00	-2.5077004605e-01
0.3266            	-3.7166699145e-01	4.5459903538e-01	-1.2719621342e+00	-1.0076480586e+00	-2.6431407567e-01
0.3268            	-3.4518534525e-01	4.3856648057e-01	-1.2502242601e+00	-9.7029747528e-01	-2.7992678478e-01
0.327             	-3.1998277926e-01	4.2199906196e-01	-1.2309730249e+00	-9.3546929173e-01	-2.9550373321e-01
0.3272            	-2.9572103956e-01	4.0551808102e-01	-1.2127548614e+00	-9.0209847027e-01	-3.1065639116e-01
0.3274            	-2.7533238050e-01	3.8914642641e-01	-1.1986309071e+00	-8.7464783404e-01	-3.2398307304e-01
0.3276            	-2.5952920335e-01	3.7490419103e-01	-1.1886964658e+00	-8.5387743625e-01	-3.3481902955e-01
0.3278            	-2.4440188984e-01	3.6189196737e-01	-1.1798663816e+00	-8.3433508063e-01	-3.4553130094e-01
0.328             	-2.3166568517e-01	3.5030074542e-01	-1.1734870658e+00	-8.1840921806e-01	-3.5507784771e-01
0.3282            	-2.2027197518e-01	3.3984986616e-01	-1.1688672964e+00	-8.0470562335e-01	-3.6416167300e-01
0.3284            	-2.1193617813e-01	3.3139627045e-01	-1.1667001190e+00	-7.9528623761e-01	-3.7141388135e-01
0.3286            	-2.0726943283e-01	3.2482257887e-01	-1.1675285058e+00	-7.9103368571e-01	-3.7649482005e-01
0.3288            	-2.0496522922e-01	3.2000925121e-01	-1.1705042206e+00	-7.9021733950e-01	-3.8028688105e-01
0.329             	-2.0912257945e-01	3.1809359923e-01	-1.1781512652e+00	-7.9819821206e-01	-3.7995305317e-01
0.3292            	-2.1885041007e-01	3.1881452022e-01	-1.1896835003e+00	-8.1369216021e-01	-3.7599134006e-01
0.3294            	-2.3324764724e-01	3.2213948083e-01	-1.2044047319e+00	-8.3545001318e-01	-3.6895471870e-01
0.3296            	-2.5245597482e-01	3.2777605928e-01	-1.2224411063e+00	-8.6367652796e-01	-3.5876457833e-01
0.3298            	-2.7953717547e-01	3.3709086385e-01	-1.2452996975e+00	-9.0218702419e-01	-3.4311267326e-01
0.33              	-3.1159932204e-01	3.4858784329e-01	-1.2713204852e+00	-9.4725956462e-01	-3.2406092053e-01
0.3302            	-3.4802763593e-01	3.6234702907e-01	-1.2997344615e+00	-9.9789486667e-01	-3.0183959481e-01
0.3304            	-3.8479583928e-01	3.7671774418e-01	-1.3274790141e+00	-1.0485353463e+00	-2.7894366778e-01
0.3306            	-4.1679581743e-01	3.9062463654e-01	-1.3509276404e+00	-1.0922596376e+00	-2.5866800279e-01
0.3308            	-4.3956813857e-01	4.0214657986e-01	-1.3667726657e+00	-1.1229544714e+00	-2.4381819430e-01
0.331             	-4.4733400492e-01	4.0911104381e-01	-1.3709851405e+00	-1.1328265752e+00	-2.3815856534e-01
0.3312            	-4.4297222438e-01	4.1189267470e-01	-1.3656734426e+00	-1.1258089457e+00	-2.3986449692e-01
0.3314            	-4.2433559951e-01	4.1070543489e-01	-1.3488806182e+00	-1.0987759086e+00	-2.5010470958e-01
0.3316            	-3.9127805291e-01	4.0644527842e-01	-1.3203119330e+00	-1.0514340194e+00	-2.6887791360e-01
0.3318            	-3.5984136905e-01	4.0189510203e-01	-1.2914011796e+00	-1.0055419588e+00	-2.8585922074e-01
0.332             	-3.2917843204e-01	3.9599089312e-01	-1.2631382611e+00	-9.6074756260e-01	-3.0239069851e-01
0.3322            	-3.0171652754e-01	3.8937147694e-01	-1.2367134127e+00	-9.2007323388e-01	-3.1664017880e-01
0.3324            	-2.7677448591e-01	3.8113323994e-01	-1.2133778994e+00	-8.8346343562e-01	-3.2991446380e-01
0.3326            	-2.5278240138e-01	3.7098349564e-01	-1.1920047269e+00	-8.4878476484e-01	-3.4321996208e-01
0.3328            	-2.3118502112e-01	3.5967539377e-01	-1.1737510231e+00	-8.1806053267e-01	-3.5569049042e-01
0.333             	-2.0895889825e-01	3.4689491266e-01	-1.1558070120e+00	-7.8686240425e-01	-3.6894460775e-01
0.3332            	-1.8964058402e-01	3.3414543765e-01	-1.1412496972e+00	-7.6026543263e-01	-3.8098426459e-01
0.3334            	-1.7509699327e-01	3.2246449536e-01	-1.1306910787e+00	-7.4044253264e-01	-3.9024854610e-01
0.3336            	-1.6089583691e-01	3.1139256513e-01	-1.1215276497e+00	-7.2165966177e-01	-3.9986798796e-01
0.3338            	-1.5017973594e-01	3.0173447037e-01	-1.1155974923e+00	-7.0797848208e-01	-4.0761901019e-01
0.334             	-1.4330522948e-01	2.9356123980e-01	-1.1129187360e+00	-6.9976459746e-01	-4.1315413850e-01
0.3342            	-1.3790101117e-01	2.8672129236e-01	-1.1119219812e+00	-6.9386200176e-01	-4.1805997943e-01
0.3344            	-1.3718963109e-01	2.8199088969e-01	-1.1147199421e+00	-6.9454960214e-01	-4.2017033996e-01
0.3346            	-1.4079304635e-01	2.7890291090e-01	-1.1209865441e+00	-7.0128631838e-01	-4.1970022568e-01
0.3348            	-1.4975915128e-01	2.7829498837e-01	-1.1312045796e+00	-7.1536144107e-01	-4.1584313852e-01
0.335             	-1.6292847318e-01	2.7981542491e-01	-1.1443870393e+00	-7.3512199281e-01	-4.0926504646e-01
0.3352            	-1.8252027478e-01	2.8405536378e-01	-1.1618540277e+00	-7.6344728864e-01	-3.9840673908e-01
0.3354            	-2.0799636210e-01	2.9078780681e-01	-1.1830294622e+00	-7.9951109319e-01	-3.8351836900e-01
0.3356            	-2.3778198380e-01	2.9919854207e-01	-1.2080609093e+00	-8.4181243844e-01	-3.6624847084e-01
0.3358            	-2.7162101328e-01	3.0998584613e-01	-1.2346133640e+00	-8.8892769527e-01	-3.4568566872e-01
0.336             	-3.0501740130e-01	3.2131339933e-01	-1.2598903597e+00	-9.3496258113e-01	-3.2492777852e-01
0.3362            	-3.3530315914e-01	3.3270806757e-01	-1.2825365071e+00	-9.7657141271e-01	-3.0596509442e-01
0.3364            	-3.5752015948e-01	3.4243630566e-01	-1.2986316870e+00	-1.0068360030e+00	-2.9179568400e-01
0.3366            	-3.6671809565e-01	3.4896106486e-01	-1.3044920373e+00	-1.0189641143e+00	-2.8552792302e-01
0.3368            	-3.6473866482e-01	3.5208034493e-01	-1.3014714486e+00	-1.0154743891e+00	-2.8599705949e-01
0.337             	-3.4852001819e-01	3.5183567743e-01	-1.2871086151e+00	-9.9207432574e-01	-2.9503428936e-01
0.3372            	-3.1927790563e-01	3.4887261813e-01	-1.2621819619e+00	-9.5036888660e-01	-3.1181307534e-01
0.3374            	-2.8879208695e-01	3.4514898234e-01	-1.2353984011e+00	-9.0649128750e-01	-3.2890711361e-01
0.3376            	-2.5940823878e-01	3.4015334551e-01	-1.2091843328e+00	-8.6400040519e-01	-3.4518392764e-01
0.3378            	-2.3071261624e-01	3.3404411030e-01	-1.1832203027e+00	-8.2232276758e-01	-3.6089753509e-01
0.338             	-2.0326565780e-01	3.2588876094e-01	-1.1589440473e+00	-7.8273768143e-01	-3.7620636584e-01
0.3382            	-1.8004059176e-01	3.1675980398e-01	-1.1387971987e+00	-7.4943919112e-01	-3.8935800761e-01
0.3384            	-1.5547443149e-01	3.0599502315e-01	-1.1183166042e+00	-7.1463273359e-01	-4.0368387061e-01
0.3386            	-1.3449116097e-01	2.9525797059e-01	-1.1021542731e+00	-6.8556829754e-01	-4.1658597560e-01
0.3388            	-1.1305344260e-01	2.8384407992e-01	-1.0857422782e+00	-6.5592458168e-01	-4.2981769648e-01
0.339             	-9.5067400416e-02	2.7305417935e-01	-1.0724590566e+00	-6.3129692873e-01	-4.4116212790e-01
0.3392            	-8.1837606266e-02	2.6359235796e-01	-1.0631851636e+00	-6.1343018808e-01	-4.4975497555e-01
0.3394            	-7.2616429230e-02	2.5558621443e-01	-1.0575430118e+00	-6.0138793513e-01	-4.5615507667e-01
0.3396            	-6.6994383697e-02	2.4879923531e-01	-1.0551753641e+00	-5.9458206572e-01	-4.6059329833e-01
0.3398            	-6.5536147535e-02	2.4379747102e-01	-1.0563811656e+00	-5.9372673034e-01	-4.6265443527e-01
0.34              	-7.0626657175e-02	2.4075403373e-01	-1.0623974897e+00	-6.0182540201e-01	-4.6057208766e-01
0.3402            	-7.9044957778e-02	2.3927914013e-01	-1.0708933018e+00	-6.1449160868e-01	-4.5640169312e-01
0.3404            	-9.2676972572e-02	2.4012185695e-01	-1.0830854607e+00	-6.3421970291e-01	-4.4886575776e-01
0.3406            	-1.1044127889e-01	2.4254637573e-01	-1.0982527302e+00	-6.5956764401e-01	-4.3868508622e-01
0.3408            	-1.3195683637e-01	2.4683023580e-01	-1.1160564934e+00	-6.8998508309e-01	-4.2607141034e-01
0.341             	-1.5725327415e-01	2.5287652188e-01	-1.1362217165e+00	-7.2536413241e-01	-4.1085758411e-01
0.3412            	-1.8384550530e-01	2.5986227094e-01	-1.1569833563e+00	-7.6233718345e-01	-3.9464617285e-01
0.3414            	-2.0922022026e-01	2.6725842630e-01	-1.1764321795e+00	-7.9743631001e-01	-3.7899586949e-01
0.3416            	-2.3202234671e-01	2.7520931335e-01	-1.1931901032e+00	-8.2861739829e-01	-3.6457270487e-01
0.3418            	-2.4720578255e-01	2.8177041457e-01	-1.2040045038e+00	-8.4920803444e-01	-3.5479646935e-01
0.342             	-2.5080713136e-01	2.8588161669e-01	-1.2056701229e+00	-8.5364219281e-01	-3.5202793009e-01
0.3422            	-2.4537199025e-01	2.8777317861e-01	-1.2001754231e+00	-8.4545970179e-01	-3.5471572128e-01
0.3424            	-2.2884771549e-01	2.8720011922e-01	-1.1857006288e+00	-8.2169802991e-01	-3.6400259894e-01
0.3426            	-2.0312813482e-01	2.8476277294e-01	-1.1639426530e+00	-7.8509946129e-01	-3.7884319166e-01
0.3428            	-1.7683043154e-01	2.8142682238e-01	-1.1412520039e+00	-7.4745643351e-01	-3.9379557043e-01
0.343             	-1.5124027166e-01	2.7708300949e-01	-1.1187947664e+00	-7.1063765485e-01	-4.0815711152e-01
0.3432            	-1.2718464490e-01	2.7190110741e-01	-1.0974435378e+00	-6.7590641378e-01	-4.2153712399e-01
0.3434            	-1.0326701188e-01	2.6526404752e-01	-1.0768634833e+00	-6.4169875355e-01	-4.3516472980e-01
0.3436            	-8.1050603671e-02	2.5771250776e-01	-1.0582255995e+00	-6.1016340340e-01	-4.4806219606e-01
0.3438            	-6.0483585832e-02	2.4943940008e-01	-1.0412878301e+00	-5.8112750087e-01	-4.6016032921e-01
0.344             	-4.3735851038e-02	2.4148340528e-01	-1.0276713699e+00	-5.5757153599e-01	-4.7009983391e-01
0.3442            	-2.8665991622e-02	2.3347845037e-01	-1.0158306917e+00	-5.3658133746e-01	-4.7924935422e-01
0.3444            	-1.8289252978e-02	2.2681936677e-01	-1.0081004432e+00	-5.2233947457e-01	-4.8576096861e-01
0.3446            	-1.0580241931e-02	2.2057920762e-01	-1.0027568434e+00	-5.1195866361e-01	-4.9079817975e-01
0.3448            	-7.2736409955e-03	2.1581326794e-01	-1.0008808956e+00	-5.0771408878e-01	-4.9316680678e-01
0.345             	-9.8284265510e-03	2.1226156455e-01	-1.0036617866e+00	-5.1165931986e-01	-4.9200246676e-01
0.3452            	-1.6506041168e-02	2.1008996346e-01	-1.0097193387e+00	-5.2136571054e-01	-4.8835362820e-01
0.3454            	-2.7574755774e-02	2.0970255254e-01	-1.0190093557e+00	-5.3707943362e-01	-4.8192992207e-01
0.3456            	-4.2059441017e-02	2.1096968121e-01	-1.0308412812e+00	-5.5748008162e-01	-4.7336119958e-01
0.3458            	-6.0314496293e-02	2.1371477933e-01	-1.0455244971e+00	-5.8307674482e-01	-4.6244775224e-01
0.346             	-7.9491453015e-02	2.1723359691e-01	-1.0607832961e+00	-6.0988310106e-01	-4.5090019503e-01
0.3462            	-1.0024730315e-01	2.2170388248e-01	-1.0768203369e+00	-6.3865747162e-01	-4.3816286532e-01
0.3464            	-1.2025668715e-01	2.2681773263e-01	-1.0919431666e+00	-6.6622827044e-01	-4.2571489614e-01
0.3466            	-1.3754972189e-01	2.3217107672e-01	-1.1046557515e+00	-6.8987759766e-01	-4.1477815388e-01
0.3468            	-1.4910997207e-01	2.3684516460e-01	-1.1126945441e+00	-7.0545724411e-01	-4.0723729998e-01
0.347             	-1.5343787438e-01	2.4039025226e-01	-1.1151177244e+00	-7.1099673660e-01	-4.0412098785e-01
0.3472            	-1.4867044937e-01	2.4208926997e-01	-1.1102814099e+00	-7.0381115433e-01	-4.0647025558e-01
0.3474            	-1.2079835640e-01	2.3687883858e-01	-1.0689801734e+00	-6.5528844310e-01	-4.1369173029e-01
0.3476            	-1.1826912420e-01	2.4036917610e-01	-1.0838056564e+00	-6.6017195241e-01	-4.2363370400e-01
0.3478            	-9.8604841176e-02	2.3798702273e-01	-1.0668238513e+00	-6.3201676685e-01	-4.3480708450e-01
0.348             	-7.7769011259e-02	2.3447237064e-01	-1.0489203354e+00	-6.0222917897e-01	-4.4669115645e-01
0.3482            	-5.6452134754e-02	2.2987790323e-01	-1.0305805448e+00	-5.7174240715e-01	-4.5883813764e-01
0.3484            	-3.6912183185e-02	2.2494175999e-01	-1.0138037080e+00	-5.4381403719e-01	-4.6998967082e-01
0.3486            	-1.9140698344e-02	2.1957053103e-01	-9.9862112023e-01	-5.1845125846e-01	-4.8016986177e-01
0.3488            	-1.6108390402e-03	2.1373901976e-01	-9.8412913141e-01	-4.9367540475e-01	-4.9045372667e-01
0.349             	1.4039112969e-02	2.0760676105e-01	-9.7132057387e-01	-4.7162117397e-01	-4.9969939991e-01
0.3492            	2.3924331443e-02	2.0262210026e-01	-9.6306949545e-01	-4.5761041628e-01	-5.0545907917e-01
0.3494            	3.1430618136e-02	1.9768628555e-01	-9.5684888578e-01	-4.4699382475e-01	-5.0985506103e-01
0.3496            	3.7355426970e-02	1.9280993614e-01	-9.5228316233e-01	-4.3878615420e-01	-5.1349700814e-01
0.3498            	3.5463128470e-02	1.8996464236e-01	-9.5357510135e-01	-4.4132442220e-01	-5.1225067914e-01
0.35              	3.2167645301e-02	1.8764072686e-01	-9.5616984897e-01	-4.4591727918e-01	-5.1025256979e-01
0.3502            	2.5828631398e-02	1.8653735436e-01	-9.6106128465e-01	-4.5470201093e-01	-5.0635927372e-01
0.3504            	1.6775957468e-02	1.8624684092e-01	-9.6793335788e-01	-4.6719072147e-01	-5.0074263641e-01
0.3506            	4.9865004927e-03	1.8724229313e-01	-9.7674882932e-01	-4.8338791417e-01	-4.9336091515e-01
0.3508            	-9.0755063312e-03	1.8941901939e-01	-9.8747078624e-01	-5.0281089945e-01	-4.8465988679e-01
0.351             	-2.2732023492e-02	1.9171633366e-01	-9.9762509082e-01	-5.2154456890e-01	-4.7608052192e-01
0.3512            	-3.6563772685e-02	1.9521503795e-01	-1.0076323986e+00	-5.4037997199e-01	-4.6725242662e-01
0.3514            	-4.5998702058e-02	1.9770043856e-01	-1.0141341725e+00	-5.5306578830e-01	-4.6106838418e-01
0.3516            	-5.1924186128e-02	2.0029789186e-01	-1.0179813726e+00	-5.6091487244e-01	-4.5706650018e-01
0.3518            	-5.4089023299e-02	2.0256560986e-01	-1.0186416456e+00	-5.6340984611e-01	-4.5523179951e-01
0.352             	-5.0047032403e-02	2.0366109301e-01	-1.0144697746e+00	-5.5728191970e-01	-4.5718785489e-01
0.3522            	-4.2655267931e-02	2.0395185036e-01	-1.0075261280e+00	-5.4641833194e-01	-4.6110779608e-01
0.3524            	-3.1765232157e-02	2.0323651868e-01	-9.9794891351e-01	-5.3073968891e-01	-4.6720922460e-01
0.3526            	-1.8900744371e-02	2.0081314545e-01	-9.8655812774e-01	-5.1217980824e-01	-4.7437831950e-01
0.3528            	-7.4627640757e-03	1.9851789861e-01	-9.7630058324e-01	-4.9561305569e-01	-4.8068752754e-01
0.353             	5.4148713435e-03	1.9564635965e-01	-9.6498847886e-01	-4.7707936809e-01	-4.8790911077e-01
0.3532            	2.1019104564e-02	1.9177145485e-01	-9.5186322406e-01	-4.5491250746e-01	-4.9695071659e-01
0.3534            	3.1381539075e-02	1.8856818424e-01	-9.4260683942e-01	-4.3992188064e-01	-5.0268495879e-01
0.3536            	4.1698971755e-02	1.8487445882e-01	-9.3361573409e-01	-4.2510889529e-01	-5.0850683880e-01
0.3538            	4.7307373992e-02	1.8200373468e-01	-9.2826029744e-01	-4.1682277473e-01	-5.1143752271e-01
0.354             	5.1331924882e-02	1.7946001569e-01	-9.2424491724e-01	-4.1079053374e-01	-5.1345438350e-01
0.3542            	5.5886303122e-02	1.7654218564e-01	-9.2028103314e-01	-4.0425421345e-01	-5.1602681969e-01
0.3544            	5.7348430462e-02	1.7440267436e-01	-9.1857545521e-01	-4.0193929714e-01	-5.1663615807e-01
0.3546            	5.7090941933e-02	1.7273954951e-01	-9.1841983357e-01	-4.0211897485e-01	-5.1630085872e-01
0.3548            	5.4303741840e-02	1.7181470460e-01	-9.2002010109e-01	-4.0570630870e-01	-5.1431379238e-01
0.355             	4.9946083353e-02	1.7147796307e-01	-9.2271784352e-01	-4.1141283841e-01	-5.1130500511e-01
0.3552            	4.5167779440e-02	1.7161091131e-01	-9.2571959630e-01	-4.1769201871e-01	-5.0802757759e-01
0.3554            	4.0323108806e-02	1.7187413448e-01	-9.2934952446e-01	-4.2435165343e-01	-5.0499787104e-01
0.3556            	3.4112889927e-02	1.7299022162e-01	-9.3241826168e-01	-4.3209624091e-01	-5.0032202077e-01
0.3558            	2.9879468323e-02	1.7394370822e-01	-9.3514587090e-01	-4.3769346713e-01	-4.9745240378e-01
0.356             	2.7360053927e-02	1.7494804568e-01	-9.3610526154e-01	-4.4069257684e-01	-4.9541268470e-01
0.3562            	2.6200619531e-02	1.7597021749e-01	-9.3593362083e-01	-4.4176619089e-01	-4.9416742995e-01
0.3564            	2.8024050189e-02	1.7651402506e-01	-9.3362549799e-01	-4.3878869880e-01	-4.9483679918e-01
0.3566            	3.1836349988e-02	1.7655375369e-01	-9.2964679038e-01	-4.3298704520e-01	-4.9665974518e-01
0.3568            	3.7622604214e-02	1.7592639822e-01	-9.2415322257e-01	-4.2445400707e-01	-4.9969921550e-01
0.357             	4.3652381225e-02	1.7475639175e-01	-9.1850558205e-01	-4.1560040980e-01	-5.0290517225e-01
0.3572            	4.9253723959e-02	1.7354474406e-01	-9.1334280026e-01	-4.0741767617e-01	-5.0592512409e-01
0.3574            	5.4509851214e-02	1.7216933299e-01	-9.0785633206e-01	-3.9941831481e-01	-5.0843801724e-01
0.3576            	5.9811453683e-02	1.7066124198e-01	-9.0280223500e-01	-3.9158966382e-01	-5.1121257118e-01
0.3578            	6.5193480247e-02	1.6914744048e-01	-8.9759290804e-01	-3.8360297377e-01	-5.1398993427e-01
0.358             	7.0337968579e-02	1.6744436867e-01	-8.9273833941e-01	-3.7603120113e-01	-5.1670713828e-01
0.3582            	7.4239069937e-02	1.6587788780e-01	-8.8852541312e-01	-3.7002363662e-01	-5.1850177650e-01
0.3584            	7.7113992974e-02	1.6435648971e-01	-8.8569707708e-01	-3.6573454557e-01	-5.1996253151e-01
0.3586            	7.8837171879e-02	1.6313640339e-01	-8.8333165735e-01	-3.6282865680e-01	-5.2050300056e-01
0.3588            	8.0010526874e-02	1.6193290979e-01	-8.8195158058e-01	-3.6096526341e-01	-5.2098631716e-01
0.359             	8.0803454456e-02	1.6111214434e-01	-8.8024157241e-01	-3.5931733175e-01	-5.2092424066e-01
0.3592            	8.0690621769e-02	1.6059429325e-01	-8.7978224261e-01	-3.5920049953e-01	-5.2058174307e-01
0.3594            	8.0895267438e-02	1.5998399117e-01	-8.7864937367e-01	-3.5842941940e-01	-5.2021995427e-01
0.3596            	8.0751443596e-02	1.5960804460e-01	-8.7810698550e-01	-3.5830204916e-01	-5.1980493635e-01
0.3598            	8.1224458118e-02	1.5920802840e-01	-8.7686312675e-01	-3.5720710526e-01	-5.1965602149e-01
0.36              	8.1810458391e-02	1.5899768356e-01	-8.7548450821e-01	-3.5593179571e-01	-5.1955271250e-01
0.3602            	8.2691632831e-02	1.5880064801e-01	-8.7391737252e-01	-3.5426705343e-01	-5.1965031909e-01
0.3604            	8.4272447692e-02	1.5851532733e-01	-8.7181741303e-01	-3.5163625882e-01	-5.2018115421e-01
0.3606            	8.5486644111e-02	1.5864356509e-01	-8.7000015380e-01	-3.4951343279e-01	-5.2048672101e-01
0.3608            	8.8484685027e-02	1.5782310510e-01	-8.6671551677e-01	-3.4487307336e-01	-5.2184244341e-01
0.361             	9.1125584491e-02	1.5712719844e-01	-8.6370066133e-01	-3.4072474617e-01	-5.2297591516e-01
0.3612            	9.3484562239e-02	1.5642706485e-01	-8.6092916419e-01	-3.3698001986e-01	-5.2394914433e-01
0.3614            	9.5687754312e-02	1.5572137972e-01	-8.5829624113e-01	-3.3346036625e-01	-5.2483587488e-01
0.3616            	9.7715222666e-02	1.5501421643e-01	-8.5581902882e-01	-3.3019429174e-01	-5.2562473707e-01
0.3618            	9.9436391309e-02	1.5437714569e-01	-8.5358213829e-01	-3.2735467784e-01	-5.2622746045e-01
0.362             	1.0101074933e-01	1.5368863686e-01	-8.5148003303e-01	-3.2472926718e-01	-5.2675076585e-01
0.3622            	1.0227174290e-01	1.5308175697e-01	-8.4961093697e-01	-3.2253372558e-01	-5.2707721139e-01
0.3624            	1.0366708737e-01	1.5241049811e-01	-8.4762915362e-01	-3.2014748944e-01	-5.2748166418e-01
0.3626            	1.0481606033e-01	1.5189597033e-01	-8.4581324867e-01	-3.1809056401e-01	-5.2772268466e-01
0.3628            	1.0626316015e-01	1.5127105860e-01	-8.4386354056e-01	-3.1566861013e-01	-5.2819493043e-01
0.363             	1.0737069720e-01	1.5083729959e-01	-8.4216807583e-01	-3.1371334071e-01	-5.2845473512e-01
0.3632            	1.0920144576e-01	1.5022675983e-01	-8.3984849454e-01	-3.1072280151e-01	-5.2912569303e-01
0.3634            	1.1084101811e-01	1.4977049337e-01	-8.3769829516e-01	-3.0800812947e-01	-5.2969016569e-01
0.3636            	1.1256583867e-01	1.4938446322e-01	-8.3546448327e-01	-3.0516640296e-01	-5.3029808031e-01
0.3638            	1.1426059223e-01	1.4895812568e-01	-8.3377804686e-01	-3.0262843120e-01	-5.3114961566e-01
0.364             	1.1638345168e-01	1.4858628435e-01	-8.3057377879e-01	-2.9890343772e-01	-5.3167034107e-01
0.3642            	1.1862325432e-01	1.4803589396e-01	-8.2772470173e-01	-2.9523909654e-01	-5.3248560519e-01
0.3644            	1.2074019015e-01	1.4745517812e-01	-8.2593368512e-01	-2.9222665241e-01	-5.3370703271e-01
0.3646            	1.2274361361e-01	1.4692308362e-01	-8.2310989438e-01	-2.8881133358e-01	-5.3429856080e-01
0.3648            	1.2436970568e-01	1.4654389622e-01	-8.2039492869e-01	-2.8582775867e-01	-5.3456717003e-01
0.365             	1.2600075664e-01	1.4593891175e-01	-8.1879167773e-01	-2.8339508223e-01	-5.3539659550e-01
0.3652            	1.2757901747e-01	1.4539576769e-01	-8.1689184603e-01	-2.8086690555e-01	-5.3602494049e-01
0.3654            	1.2896024450e-01	1.4490562705e-01	-8.1428806931e-01	-2.7818379015e-01	-5.3610427916e-01
0.3656            	1.2990074896e-01	1.4444669964e-01	-8.1304415164e-01	-2.7662132686e-01	-5.3642282478e-01
0.3658            	1.3103736119e-01	1.4392951580e-01	-8.1109930353e-01	-2.7451229057e-01	-5.3658701295e-01
0.366             	1.3198134560e-01	1.4336721862e-01	-8.1048435953e-01	-2.7326083417e-01	-5.3722352536e-01
0.3662            	1.3298991041e-01	1.4306117740e-01	-8.0745986742e-01	-2.7074002330e-01	-5.3671984412e-01
0.3664            	1.3413593383e-01	1.4279943486e-01	-8.0449477315e-01	-2.6811145274e-01	-5.3638332041e-01
0.3666            	1.3497916531e-01	1.4209728566e-01	-8.0518433545e-01	-2.6761300241e-01	-5.3757133304e-01
0.3668            	1.3542962671e-01	1.4168084496e-01	-8.0412052456e-01	-2.6663063557e-01	-5.3748988899e-01
0.367             	1.3654883315e-01	1.4147002344e-01	-8.0098011766e-01	-2.6394122569e-01	-5.3703889198e-01
0.3672            	1.3745965020e-01	1.4121654946e-01	-7.9844902686e-01	-2.6176486323e-01	-5.3668416363e-01
0.3674            	1.3840200377e-01	1.4077096835e-01	-7.9715477461e-01	-2.6017538353e-01	-5.3697939108e-01
0.3676            	1.3927846374e-01	1.4000132408e-01	-7.9818065060e-01	-2.5981186157e-01	-5.3836878904e-01
0.3678            	1.4053058090e-01	1.3963709567e-01	-7.9556059812e-01	-2.5724971816e-01	-5.3831087996e-01
0.368             	1.4154330427e-01	1.3930797550e-01	-7.9282388216e-01	-2.5486863681e-01	-5.3795524535e-01
0.3682            	1.4264944728e-01	1.3906086881e-01	-7.8956581029e-01	-2.5213345787e-01	-5.3743235242e-01
0.3684            	1.4352462074e-01	1.3856531347e-01	-7.8860221249e-01	-2.5077648551e-01	-5.3782572698e-01
0.3686            	1.4443771588e-01	1.3790147795e-01	-7.8851055730e-01	-2.4981756277e-01	-5.3869299454e-01
0.3688            	1.4536959043e-01	1.3722341026e-01	-7.8849800633e-01	-2.4887941273e-01	-5.3961859360e-01
0.369             	1.4606048993e-01	1.3695990192e-01	-7.8658362186e-01	-2.4723132100e-01	-5.3935230086e-01
0.3692            	1.4707383541e-01	1.3670484076e-01	-7.8382350368e-01	-2.4483791643e-01	-5.3898558725e-01
0.3694            	1.4780999721e-01	1.3659466129e-01	-7.8116876209e-01	-2.4277438384e-01	-5.3839437825e-01
0.3696            	1.4884112612e-01	1.3640144372e-01	-7.7878688120e-01	-2.4055231448e-01	-5.3823456672e-01
0.3698            	1.4988789046e-01	1.3623734466e-01	-7.7647120322e-01	-2.3834771115e-01	-5.3812349207e-01
0.37              	1.5088949407e-01	1.3594913761e-01	-7.7508548146e-01	-2.3665324666e-01	-5.3843223480e-01
0.3702            	1.5255929337e-01	1.3524694673e-01	-7.7420189362e-01	-2.3454165344e-01	-5.3966024018e-01
0.3704            	1.5293546943e-01	1.3500284757e-01	-7.7470961148e-01	-2.3441933631e-01	-5.4029027517e-01
0.3706            	1.5410444243e-01	1.3445892682e-01	-7.7375768369e-01	-2.3277439942e-01	-5.4098328428e-01
0.3708            	1.5500443236e-01	1.3414243254e-01	-7.7232165333e-01	-2.3115639430e-01	-5.4116525903e-01
0.371             	1.5603253924e-01	1.3373765600e-01	-7.7038256843e-01	-2.2915874497e-01	-5.4122382346e-01
0.3712            	1.5601893607e-01	1.3381057531e-01	-7.6865772401e-01	-2.2830992593e-01	-5.4034779808e-01
0.3714            	1.5669034021e-01	1.3345184231e-01	-7.6718966457e-01	-2.2690449208e-01	-5.4028517249e-01
0.3716            	1.5706117694e-01	1.3331002639e-01	-7.6525402953e-01	-2.2556583783e-01	-5.3968819170e-01
0.3718            	1.5772148435e-01	1.3284684389e-01	-7.6377705344e-01	-2.2416704237e-01	-5.3961001107e-01
0.372             	1.5776230497e-01	1.3270081193e-01	-7.6243214004e-01	-2.2345376505e-01	-5.3897837499e-01
0.3722            	1.5794439979e-01	1.3230898366e-01	-7.6158962464e-01	-2.2285041253e-01	-5.3873921211e-01
0.3724            	1.5737522642e-01	1.3230161144e-01	-7.6033528016e-01	-2.2279241366e-01	-5.3754286650e-01
0.3726            	1.5864769795e-01	1.3140405666e-01	-7.6013355856e-01	-2.2141908133e-01	-5.3871447723e-01
0.3728            	1.5931622978e-01	1.3124769498e-01	-7.5719165508e-01	-2.1927959777e-01	-5.3791205732e-01
0.373             	1.5962663608e-01	1.3118761959e-01	-7.5581986909e-01	-2.1828329847e-01	-5.3753657062e-01
0.3732            	1.6099675560e-01	1.3052704628e-01	-7.5566031365e-01	-2.1683340122e-01	-5.3882691243e-01
0.3734            	1.6181357672e-01	1.3058755524e-01	-7.5309348229e-01	-2.1473316443e-01	-5.3836031786e-01
0.3736            	1.6381810205e-01	1.3010434594e-01	-7.5028646160e-01	-2.1132512875e-01	-5.3896133285e-01
0.3738            	1.6523451767e-01	1.2973745868e-01	-7.4827198505e-01	-2.0890147486e-01	-5.3937051019e-01
0.374             	1.6622013407e-01	1.2948470651e-01	-7.4784611460e-01	-2.0770292322e-01	-5.4014319137e-01
0.3742            	1.6792078098e-01	1.2926319600e-01	-7.4393788598e-01	-2.0404816201e-01	-5.3988972397e-01
0.3744            	1.6929746364e-01	1.2866964141e-01	-7.4339257497e-01	-2.0239882384e-01	-5.4099375113e-01
0.3746            	1.7058815440e-01	1.2808292582e-01	-7.4162236400e-01	-2.0022302760e-01	-5.4139933640e-01
0.3748            	1.7134103637e-01	1.2760492853e-01	-7.4013516964e-01	-1.9872654845e-01	-5.4140862118e-01
0.375             	1.7139079658e-01	1.2731920843e-01	-7.3900879742e-01	-1.9811360213e-01	-5.4089519529e-01
0.3752            	1.7158831035e-01	1.2689770890e-01	-7.3771939452e-01	-1.9727138691e-01	-5.4044800761e-01
0.3754            	1.7186193672e-01	1.2634498702e-01	-7.3688459200e-01	-1.9658035928e-01	-5.4030423271e-01
0.3756            	1.7174298491e-01	1.2580281999e-01	-7.3735365196e-01	-1.9693384107e-01	-5.4041981089e-01
0.3758            	1.7162541865e-01	1.2543381003e-01	-7.3683524488e-01	-1.9679220379e-01	-5.4004304109e-01
0.376             	1.7179468237e-01	1.2487132713e-01	-7.3768563006e-01	-1.9704813266e-01	-5.4063749740e-01
0.3762            	1.7200750151e-01	1.2453717389e-01	-7.3708618689e-01	-1.9653559194e-01	-5.4055059495e-01
0.3764            	1.7276117736e-01	1.2427560691e-01	-7.3611648913e-01	-1.9529706720e-01	-5.4081942193e-01
0.3766            	1.7336221011e-01	1.2448936839e-01	-7.3227226952e-01	-1.9277392465e-01	-5.3949834487e-01
0.3768            	1.7430870180e-01	1.2442812293e-01	-7.2961418127e-01	-1.9049838884e-01	-5.3911579243e-01
0.377             	1.7509590259e-01	1.2432977946e-01	-7.2686741542e-01	-1.8833780512e-01	-5.3852961030e-01
0.3772            	1.7606642890e-01	1.2406307248e-01	-7.2545541983e-01	-1.8666128101e-01	-5.3879413881e-01
0.3774            	1.7687450797e-01	1.2358649816e-01	-7.2554121547e-01	-1.8589609976e-01	-5.3964511571e-01
0.3776            	1.7750551847e-01	1.2338943773e-01	-7.2296240747e-01	-1.8397568527e-01	-5.3898672220e-01
0.3778            	1.7759675187e-01	1.2282879787e-01	-7.2342607917e-01	-1.8411628771e-01	-5.3930979146e-01
0.378             	1.7735828292e-01	1.2232299337e-01	-7.2464622895e-01	-1.8496483155e-01	-5.3968139740e-01
0.3782            	1.7677642933e-01	1.2152306532e-01	-7.2686295467e-01	-1.8665504800e-01	-5.4020790667e-01
0.3784            	1.7614579256e-01	1.2141635614e-01	-7.2569410828e-01	-1.8670126158e-01	-5.3899284670e-01
0.3786            	1.7536172232e-01	1.2160225498e-01	-7.2261470377e-01	-1.8594562956e-01	-5.3666907421e-01
0.3788            	1.7429517541e-01	1.2142140817e-01	-7.2113067478e-01	-1.8627016198e-01	-5.3486051279e-01
0.379             	1.7298310729e-01	1.2110289225e-01	-7.2234400736e-01	-1.8818889639e-01	-5.3415511097e-01
0.3792            	1.7172880829e-01	1.2094275606e-01	-7.2194687333e-01	-1.8924462837e-01	-5.3270224496e-01
0.3794            	1.7024793023e-01	1.2052265257e-01	-7.2364005950e-01	-1.9157209952e-01	-5.3206795998e-01
0.3796            	1.6877468503e-01	1.1990128749e-01	-7.2699958854e-01	-1.9472510924e-01	-5.3227447930e-01
0.3798            	1.6732526579e-01	1.1932958996e-01	-7.2869394285e-01	-1.9702170564e-01	-5.3167223721e-01
0.38              	1.6661341238e-01	1.1950017060e-01	-7.2625703917e-01	-1.9651510721e-01	-5.2974193196e-01
0.3802            	1.6607056544e-01	1.1940294769e-01	-7.2417199737e-01	-1.9601543325e-01	-5.2815656413e-01
0.3804            	1.6568787963e-01	1.1934104908e-01	-7.2297846506e-01	-1.9580135290e-01	-5.2717711216e-01
0.3806            	1.6564509747e-01	1.1888421279e-01	-7.2341763504e-01	-1.9606372005e-01	-5.2735391499e-01
0.3808            	1.6555454616e-01	1.1824485187e-01	-7.2521193028e-01	-1.9705141897e-01	-5.2816051130e-01
0.381             	1.6547410937e-01	1.1737639416e-01	-7.2722021633e-01	-1.9813599880e-01	-5.2908421753e-01
0.3812            	1.6522027186e-01	1.1757726994e-01	-7.2421263177e-01	-1.9688604402e-01	-5.2732658775e-01
0.3814            	1.6484112157e-01	1.1777920041e-01	-7.2029453578e-01	-1.9530614632e-01	-5.2498838947e-01
0.3816            	1.6462152876e-01	1.1732226303e-01	-7.2060260399e-01	-1.9567977324e-01	-5.2492283075e-01
0.3818            	1.6373396190e-01	1.1704759686e-01	-7.2084676630e-01	-1.9668942125e-01	-5.2415734505e-01
0.382             	1.8096224488e-01	1.1187005364e-01	-6.9117087626e-01	-1.6462319325e-01	-5.2654768301e-01
0.3822            	1.6208203200e-01	1.1559045016e-01	-7.2522344878e-01	-2.0052969239e-01	-5.2469375639e-01
0.3824            	1.6066893140e-01	1.1570151414e-01	-7.2233240993e-01	-2.0049727356e-01	-5.2183513637e-01
0.3826            	1.5934551424e-01	1.1533334685e-01	-7.2229198673e-01	-2.0180047912e-01	-5.2049150761e-01
0.3828            	1.5811942649e-01	1.1503572912e-01	-7.2161179854e-01	-2.0268647278e-01	-5.1892532576e-01
0.383             	1.5718995608e-01	1.1410315128e-01	-7.2507155016e-01	-2.0534581900e-01	-5.1972573116e-01
0.3832            	1.5604418442e-01	1.1365009527e-01	-7.2706961095e-01	-2.0749062106e-01	-5.1957898989e-01
0.3834            	1.5634367047e-01	1.1383648748e-01	-7.2171803522e-01	-2.0451534714e-01	-5.1720268808e-01
0.3836            	1.5622416150e-01	1.1362676256e-01	-7.2150675163e-01	-2.0452921431e-01	-5.1697753732e-01
0.3838            	1.5757140840e-01	1.1327130747e-01	-7.1936289156e-01	-2.0211003738e-01	-5.1725285418e-01
0.384             	1.5898015035e-01	1.1217500275e-01	-7.2294326590e-01	-2.0249148260e-01	-5.2045178330e-01
0.3842            	1.6131058355e-01	1.1239183146e-01	-7.1848869910e-01	-1.9793376600e-01	-5.2055493310e-01
0.3844            	1.6438706302e-01	1.1240162280e-01	-7.1199825298e-01	-1.9161206347e-01	-5.2038618951e-01
0.3846            	1.6704437001e-01	1.1205136687e-01	-7.0996151319e-01	-1.8793638658e-01	-5.2202512661e-01
0.3848            	1.7020639494e-01	1.1114538065e-01	-7.0996482212e-01	-1.8477601612e-01	-5.2518880600e-01
0.385             	1.7243010644e-01	1.1066665223e-01	-7.0845095063e-01	-1.8179536887e-01	-5.2665558176e-01
0.3852            	1.7497320633e-01	1.1062550388e-01	-7.0309556607e-01	-1.7657457670e-01	-5.2652098937e-01
0.3854            	1.7720489728e-01	1.1029679205e-01	-6.9947477549e-01	-1.7253249046e-01	-5.2694228502e-01
0.3856            	1.7878543073e-01	1.0943357118e-01	-7.0014114001e-01	-1.7128513927e-01	-5.2885600074e-01
0.3858            	1.8009313098e-01	1.0854098960e-01	-7.0041860080e-01	-1.7011616942e-01	-5.3030243138e-01
0.386             	1.8090647408e-01	1.0855235574e-01	-6.9666690508e-01	-1.6742697846e-01	-5.2923992662e-01
0.3862            	1.8214982288e-01	1.0818280538e-01	-6.9299614452e-01	-1.6434824938e-01	-5.2864789514e-01
0.3864            	1.8204694281e-01	1.0721934165e-01	-6.9575881370e-01	-1.6583246404e-01	-5.2992634966e-01
0.3866            	1.8172021367e-01	1.0667580903e-01	-6.9505656992e-01	-1.6580807129e-01	-5.2924849863e-01
0.3868            	1.8210499710e-01	1.0636064871e-01	-6.9259953417e-01	-1.6419476998e-01	-5.2840476419e-01
0.387             	1.8218353442e-01	1.0609706166e-01	-6.8999124881e-01	-1.6281208998e-01	-5.2717915883e-01
0.3872            	1.8245006379e-01	1.0541581743e-01	-6.9065781146e-01	-1.6287884195e-01	-5.2777896952e-01
0.3874            	1.8308759565e-01	1.0450622219e-01	-6.9252738548e-01	-1.6317609708e-01	-5.2935128839e-01
0.3876            	1.8405768234e-01	1.0466291034e-01	-6.8789342214e-01	-1.5988902873e-01	-5.2800439341e-01
0.3878            	1.8562220883e-01	1.0464069765e-01	-6.8445014124e-01	-1.5660286179e-01	-5.2784727945e-01
0.388             	1.8793484849e-01	1.0413023065e-01	-6.8405541596e-01	-1.5409285949e-01	-5.2996255647e-01
0.3882            	1.9096389711e-01	1.0352452229e-01	-6.8342307148e-01	-1.5074763863e-01	-5.3267543286e-01
0.3884            	1.9573950538e-01	1.0358226167e-01	-6.7713505832e-01	-1.4282802378e-01	-5.3430703454e-01
0.3886            	2.0018186017e-01	1.0359150511e-01	-6.7129499206e-01	-1.3546563586e-01	-5.3582935620e-01
0.3888            	2.0458808890e-01	1.0308382951e-01	-6.6840759777e-01	-1.2961570999e-01	-5.3879188778e-01
0.389             	2.0865615943e-01	1.0229357921e-01	-6.6708986907e-01	-1.2488877511e-01	-5.4220109396e-01
0.3892            	2.1308508998e-01	1.0221415253e-01	-6.5980982316e-01	-1.1681982160e-01	-5.4299000156e-01
0.3894            	2.1643929389e-01	1.0204861586e-01	-6.5543078322e-01	-1.1127609772e-01	-5.4415468550e-01
0.3896            	2.1866982079e-01	1.0165609392e-01	-6.5150258126e-01	-1.0708146984e-01	-5.4442111142e-01
0.3898            	2.2006598528e-01	1.0045842220e-01	-6.5474688977e-01	-1.0730745960e-01	-5.4743943017e-01
0.39              	2.2202048254e-01	1.0029926273e-01	-6.5021585775e-01	-1.0308744634e-01	-5.4712841141e-01
0.3902            	2.2358588401e-01	9.9895327074e-02	-6.4689579934e-01	-9.9862015664e-02	-5.4703378368e-01
0.3904            	2.2497835771e-01	9.9183387770e-02	-6.4596966547e-01	-9.8006475030e-02	-5.4796319044e-01
0.3906            	2.2584513009e-01	9.8575123292e-02	-6.4499725190e-01	-9.6653495860e-02	-5.4834375604e-01
0.3908            	2.2706058180e-01	9.8502730616e-02	-6.4199018528e-01	-9.3934510842e-02	-5.4805567444e-01
0.391             	2.2953544381e-01	9.8575657448e-02	-6.3786029851e-01	-8.9394705447e-02	-5.4846559306e-01
0.3912            	2.3589719648e-01	9.8120157684e-02	-6.3460135154e-01	-8.1403479293e-02	-5.5319787225e-01
0.3914            	2.4463499142e-01	9.8892621968e-02	-6.2477579479e-01	-6.7752905973e-02	-5.5702288882e-01
0.3916            	2.5574001101e-01	9.9266057350e-02	-6.1567309769e-01	-5.2096537841e-02	-5.6357655985e-01
0.3918            	2.6770459701e-01	9.9682595619e-02	-6.0482053625e-01	-3.4705671113e-02	-5.7011486514e-01
0.392             	2.7944375467e-01	9.9561882372e-02	-5.9566770290e-01	-1.8390096774e-02	-5.7727760612e-01
0.3922            	2.9019525996e-01	9.9446001312e-02	-5.8581853894e-01	-2.7140095102e-03	-5.8310452943e-01
0.3924            	2.9901423249e-01	9.9130818929e-02	-5.7681902757e-01	1.0604718706e-02	-5.8742374627e-01
0.3926            	3.0632759946e-01	9.8362587050e-02	-5.7149831787e-01	2.0578440525e-02	-5.9207675840e-01
0.3928            	3.1265327137e-01	9.8412458624e-02	-5.6216990128e-01	3.1568320729e-02	-5.9373822201e-01
0.393             	3.1816382352e-01	9.7327856883e-02	-5.5963275624e-01	3.8347445403e-02	-5.9798020164e-01
0.3932            	3.2217707280e-01	9.6831356043e-02	-5.5272822907e-01	4.5812958260e-02	-5.9854118733e-01
0.3934            	3.2311429623e-01	9.5976143964e-02	-5.5017989025e-01	4.8024351102e-02	-5.9820424135e-01
0.3936            	3.2166266845e-01	9.4979598742e-02	-5.5076002338e-01	4.6282656758e-02	-5.9704268014e-01
0.3938            	3.1958832367e-01	9.4385418049e-02	-5.4967662307e-01	4.4750012134e-02	-5.9442663520e-01
0.394             	3.1657246792e-01	9.3670612511e-02	-5.5203913816e-01	4.0552898841e-02	-5.9259203700e-01
0.3942            	3.1516872328e-01	9.3040341057e-02	-5.5244966797e-01	3.8943889293e-02	-5.9139355726e-01
0.3944            	3.1526140130e-01	9.2648720032e-02	-5.4932803699e-01	4.0597382799e-02	-5.8992541979e-01
0.3946            	3.1559822516e-01	9.2874553724e-02	-5.4664082508e-01	4.2277812623e-02	-5.8891863770e-01
0.3948            	3.1601436363e-01	9.2270855503e-02	-5.4755665788e-01	4.2236034686e-02	-5.8979269257e-01
0.395             	3.1697753847e-01	9.2386337306e-02	-5.4527123493e-01	4.4341921007e-02	-5.8961315594e-01
0.3952            	3.1776164775e-01	9.2468395296e-02	-5.4193911715e-01	4.6792089178e-02	-5.8873120632e-01
0.3954            	3.1865689714e-01	9.1979054981e-02	-5.4146496687e-01	4.7924413705e-02	-5.8938938057e-01
0.3956            	3.2011786238e-01	9.1996347469e-02	-5.3860343502e-01	5.0816144872e-02	-5.8941957989e-01
0.3958            	3.2262562582e-01	9.1964677511e-02	-5.3331581743e-01	5.5967717108e-02	-5.8928353453e-01
0.396             	3.2707738437e-01	9.1631398979e-02	-5.3028302884e-01	6.1935869948e-02	-5.9221889879e-01
0.3962            	3.3420098342e-01	9.1590686249e-02	-5.2227335025e-01	7.3064308293e-02	-5.9533765855e-01
0.3964            	3.4271572823e-01	9.1684364513e-02	-5.1417318912e-01	8.5629133666e-02	-5.9980232278e-01
0.3966            	3.5203335724e-01	9.2067513750e-02	-5.0603608769e-01	9.9015313391e-02	-6.0505140108e-01
0.3968            	3.6345537882e-01	9.3069827366e-02	-4.9491033860e-01	1.1600020952e-01	-6.1091054812e-01
0.397             	3.7903804126e-01	9.3542208290e-02	-4.8194339990e-01	1.3806634131e-01	-6.2000974121e-01
0.3972            	3.9753015504e-01	9.4317713406e-02	-4.6432098948e-01	1.6536966030e-01	-6.2969064978e-01
0.3974            	4.1344505376e-01	9.3773074037e-02	-4.5165596952e-01	1.8761706900e-01	-6.3927303852e-01
0.3976            	4.2023920222e-01	9.3118997182e-02	-4.4448572033e-01	1.9799634205e-01	-6.4248206238e-01
0.3978            	4.1788797483e-01	9.2149480020e-02	-4.4405513758e-01	1.9586040604e-01	-6.3991554361e-01
0.398             	4.1052612069e-01	9.1059079071e-02	-4.4793166948e-01	1.8656028595e-01	-6.3449195543e-01
0.3982            	4.0280829146e-01	9.0276124204e-02	-4.5236925257e-01	1.7662366517e-01	-6.2899291774e-01
0.3984            	3.9670984445e-01	9.0059306642e-02	-4.5525104036e-01	1.6908432426e-01	-6.2433536463e-01
0.3986            	3.9381200088e-01	8.9977763392e-02	-4.5678163780e-01	1.6542118198e-01	-6.2220281978e-01
0.3988            	3.9326867746e-01	8.9527832815e-02	-4.5545300928e-01	1.6554217282e-01	-6.2099518210e-01
0.399             	3.9632269152e-01	9.0542824546e-02	-4.4944611725e-01	1.7159963289e-01	-6.2104575014e-01
0.3992            	3.9848437644e-01	9.0531280525e-02	-4.4858395526e-01	1.7419239881e-01	-6.2277635407e-01
0.3994            	3.9917491011e-01	9.0363240617e-02	-4.4592809269e-01	1.7621086376e-01	-6.2213895645e-01
0.3996            	3.9810004362e-01	9.1299000498e-02	-4.4433449559e-01	1.7593279583e-01	-6.2026729141e-01
0.3998            	3.9237534231e-01	9.1435568851e-02	-4.4855177979e-01	1.6809945242e-01	-6.1665123221e-01
0.4               	3.8830946387e-01	9.1052631407e-02	-4.5004699365e-01	1.6328596705e-01	-6.1333296070e-01
0.4002            	3.8568674298e-01	9.1496253884e-02	-4.4945677266e-01	1.6095835664e-01	-6.1041512931e-01
0.4004            	3.8258685733e-01	9.1623257487e-02	-4.5139933602e-01	1.5688718932e-01	-6.0828652534e-01
0.4006            	3.7848227525e-01	9.1402614962e-02	-4.5440482698e-01	1.5127986176e-01	-6.0568468874e-01
0.4008            	3.7362046410e-01	9.1406484920e-02	-4.5575145464e-01	1.4574473678e-01	-6.0149619142e-01
0.401             	3.6937332200e-01	9.2107726122e-02	-4.5721083518e-01	1.4076790440e-01	-5.9797873959e-01
0.4012            	3.6576674386e-01	9.2044160562e-02	-4.6078704252e-01	1.3537322261e-01	-5.9616026512e-01
0.4014            	3.6271966738e-01	9.1980928866e-02	-4.6223186419e-01	1.3160373528e-01	-5.9383559948e-01
0.4016            	3.6007915257e-01	9.2663637165e-02	-4.6052068332e-01	1.2981881091e-01	-5.9033949423e-01
0.4018            	3.5782844495e-01	9.2858494190e-02	-4.6308149302e-01	1.2628769844e-01	-5.8936919146e-01
0.402             	3.5583905641e-01	9.2751115582e-02	-4.6479721539e-01	1.2344044871e-01	-5.8823766411e-01
0.4022            	3.5398528094e-01	9.2767026889e-02	-4.6437238874e-01	1.2179908658e-01	-5.8617147531e-01
0.4024            	3.5255785235e-01	9.3109551086e-02	-4.6404883124e-01	1.2053343673e-01	-5.8458226797e-01
0.4026            	3.5155229641e-01	9.3442461145e-02	-4.6389632115e-01	1.1960413584e-01	-5.8350045698e-01
0.4028            	3.5082600587e-01	9.3132772559e-02	-4.6558422106e-01	1.1803389534e-01	-5.8361811640e-01
0.403             	3.5057368344e-01	9.3035587522e-02	-4.6463095946e-01	1.1825820371e-01	-5.8288916317e-01
0.4032            	3.5054037859e-01	9.3592139710e-02	-4.6115372837e-01	1.1996351440e-01	-5.8111724278e-01
0.4034            	3.5052566103e-01	9.3641200897e-02	-4.6190712929e-01	1.1957209638e-01	-5.8147922567e-01
0.4036            	3.5061340459e-01	9.3287355112e-02	-4.6259043660e-01	1.1931818629e-01	-5.8190862288e-01
0.4038            	3.5064813140e-01	9.3221327474e-02	-4.6084546925e-01	1.2022539677e-01	-5.8107086602e-01
0.404             	3.5092722355e-01	9.3572099861e-02	-4.5827494988e-01	1.2178974861e-01	-5.8006469849e-01
0.4042            	3.5138333036e-01	9.3809470790e-02	-4.5727476658e-01	1.2274594707e-01	-5.8002071365e-01
0.4044            	3.5191446043e-01	9.3294729334e-02	-4.5837999721e-01	1.2272446182e-01	-5.8110445903e-01
0.4046            	3.5251835761e-01	9.3043407278e-02	-4.5707602357e-01	1.2398034582e-01	-5.8105636939e-01
0.4048            	3.5336700145e-01	9.3690078103e-02	-4.5189598980e-01	1.2741900655e-01	-5.7931499635e-01
0.405             	3.5430062790e-01	9.3642288910e-02	-4.5227195801e-01	1.2816464890e-01	-5.8043660691e-01
0.4052            	3.5519086694e-01	9.3125970720e-02	-4.5231211360e-01	1.2903481014e-01	-5.8134692374e-01
0.4054            	3.5614209114e-01	9.2988257601e-02	-4.4993955954e-01	1.3117231137e-01	-5.8111187091e-01
0.4056            	3.5739199241e-01	9.3368727062e-02	-4.4634935209e-01	1.3421731636e-01	-5.8056666845e-01
0.4058            	3.5860852346e-01	9.3409808669e-02	-4.4500845958e-01	1.3610429367e-01	-5.8111275324e-01
0.406             	3.5990102142e-01	9.2869764470e-02	-4.4511615622e-01	1.3734294331e-01	-5.8245909953e-01
0.4062            	3.6113119168e-01	9.2659245115e-02	-4.4310397136e-01	1.3957920600e-01	-5.8268317736e-01
0.4064            	3.6259272912e-01	9.3257317780e-02	-4.3780714922e-01	1.4368915451e-01	-5.8149630373e-01
0.4066            	3.6407020643e-01	9.3085541369e-02	-4.3758587128e-01	1.4527727079e-01	-5.8286314207e-01
0.4068            	3.6541579592e-01	9.2703684758e-02	-4.3677862101e-01	1.4702648542e-01	-5.8380510643e-01
0.407             	3.6693595926e-01	9.2490166388e-02	-4.3406741295e-01	1.4990225278e-01	-5.8396966573e-01
0.4072            	3.6851970675e-01	9.2811698853e-02	-4.3051584295e-01	1.5326178528e-01	-5.8377762823e-01
0.4074            	3.6987867425e-01	9.2967407859e-02	-4.2863033030e-01	1.5556350910e-01	-5.8419383940e-01
0.4076            	3.7142686559e-01	9.2454934446e-02	-4.2826736087e-01	1.5729318515e-01	-5.8556054602e-01
0.4078            	3.7262571243e-01	9.2264012831e-02	-4.2654767192e-01	1.5935187648e-01	-5.8589954839e-01
0.408             	3.7450332753e-01	9.2737780003e-02	-4.2107306193e-01	1.6396679656e-01	-5.8503985849e-01
0.4082            	3.7601887947e-01	9.2586776890e-02	-4.2071969961e-01	1.6565902967e-01	-5.8637872928e-01
0.4084            	3.7758055822e-01	9.2331783746e-02	-4.1900705799e-01	1.6807702922e-01	-5.8708408721e-01
0.4086            	3.7977202081e-01	9.1917428870e-02	-4.1637629741e-01	1.7158387211e-01	-5.8796016952e-01
0.4088            	3.8088263064e-01	9.2322942861e-02	-4.1318131846e-01	1.7429197141e-01	-5.8747328987e-01
0.409             	3.8280064810e-01	9.2344175030e-02	-4.1039566659e-01	1.7760281481e-01	-5.8799848140e-01
0.4092            	3.8405912965e-01	9.2033371066e-02	-4.0992239257e-01	1.7909793337e-01	-5.8902032594e-01
0.4094            	3.8556777730e-01	9.1716197035e-02	-4.0833719267e-01	1.8139918096e-01	-5.8973637363e-01
0.4096            	3.8714791997e-01	9.2106118339e-02	-4.0332760809e-01	1.8548411592e-01	-5.8881172402e-01
0.4098            	3.8833122091e-01	9.2066001747e-02	-4.0281767987e-01	1.8692238097e-01	-5.8974006084e-01
0.41              	3.8983884441e-01	9.1970101003e-02	-4.0050335573e-01	1.8958716655e-01	-5.9009052228e-01
0.4102            	3.9126918274e-01	9.1494634575e-02	-3.9928508850e-01	1.9162663849e-01	-5.9091172699e-01
0.4104            	3.9231671131e-01	9.1640844788e-02	-3.9637236529e-01	1.9413052867e-01	-5.9050289396e-01
0.4106            	3.9330614404e-01	9.1929238586e-02	-3.9350706607e-01	1.9655261101e-01	-5.9005967708e-01
0.4108            	3.9444414068e-01	9.1612089538e-02	-3.9306583295e-01	1.9791122421e-01	-5.9097705716e-01
0.411             	3.9569507956e-01	9.1134373227e-02	-3.9211779074e-01	1.9963618419e-01	-5.9175397493e-01
0.4112            	3.9699198924e-01	9.1157845553e-02	-3.8836533412e-01	2.0280932218e-01	-5.9117465630e-01
0.4114            	3.9829711333e-01	9.1241072427e-02	-3.8647973330e-01	2.0505724668e-01	-5.9153697998e-01
0.4116            	3.9950508774e-01	9.1195818455e-02	-3.8441330930e-01	2.0729843309e-01	-5.9171174239e-01
0.4118            	4.0096354494e-01	9.0546550288e-02	-3.8379211463e-01	2.0906748762e-01	-5.9285960225e-01
0.412             	4.0228186051e-01	9.0433974206e-02	-3.8141803004e-01	2.1157284549e-01	-5.9299087553e-01
0.4122            	4.0365128870e-01	9.0945339751e-02	-3.7698567856e-01	2.1515844942e-01	-5.9214412798e-01
0.4124            	4.0508426468e-01	9.0658320750e-02	-3.7640884308e-01	2.1687984315e-01	-5.9328868622e-01
0.4126            	4.0659099348e-01	9.0183727666e-02	-3.7546934584e-01	2.1885632056e-01	-5.9432566640e-01
0.4128            	4.0832575096e-01	9.0242150160e-02	-3.7173294226e-01	2.2245927983e-01	-5.9419222208e-01
0.413             	4.1083644495e-01	9.0516049204e-02	-3.6847785722e-01	2.2659751634e-01	-5.9507537356e-01
0.4132            	4.1356800563e-01	9.0493996333e-02	-3.6539345440e-01	2.3087127843e-01	-5.9626473283e-01
0.4134            	4.1581907292e-01	9.0031307490e-02	-3.6433393099e-01	2.3365210742e-01	-5.9798603841e-01
0.4136            	4.1813039013e-01	9.0117125603e-02	-3.6064725771e-01	2.3780676128e-01	-5.9845401899e-01
0.4138            	4.2051221095e-01	9.0652252423e-02	-3.5589051596e-01	2.4256695298e-01	-5.9845746893e-01
0.414             	4.2250727920e-01	9.0284102550e-02	-3.5537657018e-01	2.4481899411e-01	-6.0019556428e-01
0.4142            	4.2449571719e-01	8.9832664441e-02	-3.5380463110e-01	2.4759340164e-01	-6.0139803274e-01
0.4144            	4.2616102015e-01	9.0355989456e-02	-3.4873361889e-01	2.5179421070e-01	-6.0052782959e-01
0.4146            	4.2844486451e-01	9.0469734368e-02	-3.4669690572e-01	2.5509641164e-01	-6.0179331737e-01
0.4148            	4.3058524162e-01	9.0044129090e-02	-3.4512581596e-01	2.5802233364e-01	-6.0314814959e-01
0.415             	4.3262570797e-01	8.9624712778e-02	-3.4263876254e-01	2.6130632670e-01	-6.0394508924e-01
0.4152            	4.3464704715e-01	9.0063584436e-02	-3.3833242991e-01	2.6548083220e-01	-6.0381326211e-01
0.4154            	4.3670567948e-01	9.0123819680e-02	-3.3535085387e-01	2.6903025254e-01	-6.0438110641e-01
0.4156            	4.3860253124e-01	8.9330235312e-02	-3.3516118196e-01	2.7102194026e-01	-6.0618312222e-01
0.4158            	4.4044205796e-01	8.9266306597e-02	-3.3203809350e-01	2.7442301120e-01	-6.0646110471e-01
0.416             	4.4231072874e-01	8.9872962400e-02	-3.2698551288e-01	2.7881797230e-01	-6.0580348518e-01
0.4162            	4.4395483351e-01	8.9355729980e-02	-3.2684811516e-01	2.8053077593e-01	-6.0737889109e-01
0.4164            	4.4534614762e-01	8.8784469956e-02	-3.2569984429e-01	2.8249622548e-01	-6.0819606977e-01
0.4166            	4.4695935118e-01	8.9409967682e-02	-3.2003783148e-01	2.8694043544e-01	-6.0697826692e-01
0.4168            	4.4841771515e-01	8.9409233367e-02	-3.1893525727e-01	2.8895008651e-01	-6.0788534378e-01
0.417             	4.4968133246e-01	8.8786734676e-02	-3.1861881337e-01	2.9037192577e-01	-6.0899073914e-01
0.4172            	4.5095806347e-01	8.8670862414e-02	-3.1586123851e-01	2.9302744421e-01	-6.0888868272e-01
0.4174            	4.5238784071e-01	8.9278199923e-02	-3.1240332753e-01	2.9618617694e-01	-6.0858950447e-01
0.4176            	4.5320416484e-01	8.8869261696e-02	-3.1163916644e-01	2.9738458162e-01	-6.0902374806e-01
0.4178            	4.5487038517e-01	8.8398450507e-02	-3.1083870623e-01	2.9945103205e-01	-6.1028973828e-01
0.418             	4.5662119000e-01	8.9081944255e-02	-3.0603503924e-01	3.0360367038e-01	-6.0963870962e-01
0.4182            	4.5827679048e-01	8.9412162427e-02	-3.0307194793e-01	3.0674081652e-01	-6.0981276444e-01
0.4184            	4.5980261031e-01	8.8683774488e-02	-3.0370504606e-01	3.0795008729e-01	-6.1165513334e-01
0.4186            	4.6129263274e-01	8.8680390453e-02	-3.0109243452e-01	3.1074641548e-01	-6.1183885000e-01
0.4188            	4.6293353475e-01	8.9615372681e-02	-2.9568764419e-01	3.1508971265e-01	-6.1077735685e-01
0.419             	4.6439993327e-01	8.9029673862e-02	-2.9614471606e-01	3.1632757524e-01	-6.1247229130e-01
0.4192            	4.6577440605e-01	8.8624435130e-02	-2.9502618381e-01	3.1826131414e-01	-6.1328749795e-01
0.4194            	4.6756772224e-01	8.9599110394e-02	-2.8867778314e-01	3.2322883066e-01	-6.1190661381e-01
0.4196            	4.6921683811e-01	8.9450465464e-02	-2.8802590214e-01	3.2520388704e-01	-6.1322978918e-01
0.4198            	4.7080944908e-01	8.8805032602e-02	-2.8773888993e-01	3.2694000412e-01	-6.1467889405e-01
0.42              	4.7243845888e-01	8.9184359602e-02	-2.8343016306e-01	3.3072337735e-01	-6.1415354041e-01
0.4202            	4.7425968669e-01	8.9679709902e-02	-2.8025927280e-01	3.3413005028e-01	-6.1438932309e-01
0.4204            	4.7588581188e-01	8.9028013156e-02	-2.7999922626e-01	3.3588619875e-01	-6.1588542502e-01
0.4206            	4.7750997776e-01	8.8759606792e-02	-2.7811625572e-01	3.3845184990e-01	-6.1656810562e-01
0.4208            	4.7953371974e-01	8.9668444912e-02	-2.7276521499e-01	3.4315111224e-01	-6.1591632724e-01
0.421             	4.8099590845e-01	8.9326452670e-02	-2.7196658822e-01	3.4501261434e-01	-6.1697920256e-01
0.4212            	4.8246698149e-01	8.8765562051e-02	-2.7155925875e-01	3.4668735212e-01	-6.1824661087e-01
0.4214            	4.8422466805e-01	8.9531128364e-02	-2.6643839466e-01	3.5100547072e-01	-6.1744386539e-01
0.4216            	4.8585846566e-01	8.9767665773e-02	-2.6367767391e-01	3.5401962871e-01	-6.1769730261e-01
0.4218            	4.8743510328e-01	8.8947587400e-02	-2.6427249227e-01	3.5529885714e-01	-6.1957134942e-01
0.422             	4.8899906441e-01	8.9097415404e-02	-2.6139823300e-01	3.5829994791e-01	-6.1969818091e-01
0.4222            	4.9072529378e-01	8.9997420016e-02	-2.5605498702e-01	3.6269780027e-01	-6.1875278729e-01
0.4224            	4.9219935421e-01	8.9219225802e-02	-2.5701378057e-01	3.6369246392e-01	-6.2070624450e-01
0.4226            	4.9363593382e-01	8.8935270632e-02	-2.5562836454e-01	3.6582175156e-01	-6.2145011609e-01
0.4228            	4.9534599351e-01	9.0066080743e-02	-2.4915290384e-01	3.7076954159e-01	-6.1992244543e-01
0.423             	4.9678237914e-01	8.9553994918e-02	-2.4943561122e-01	3.7206457354e-01	-6.2150018475e-01
0.4232            	4.9816800538e-01	8.9012021947e-02	-2.4900839822e-01	3.7366380627e-01	-6.2267220449e-01
0.4234            	4.9977067479e-01	8.9979280649e-02	-2.4308592646e-01	3.7822771156e-01	-6.2131363801e-01
0.4236            	5.0126515641e-01	8.9898181144e-02	-2.4199471381e-01	3.8026779951e-01	-6.2226251331e-01
0.4238            	5.0248865821e-01	8.9188038127e-02	-2.4257937293e-01	3.8119897175e-01	-6.2377834468e-01
0.424             	5.0387458136e-01	8.9703152339e-02	-2.3843578697e-01	3.8465668788e-01	-6.2309247485e-01
0.4242            	5.0530821576e-01	9.0288801027e-02	-2.3520999228e-01	3.8770321962e-01	-6.2291321190e-01
0.4244            	5.0652958429e-01	8.9383577385e-02	-2.3624715001e-01	3.8840600929e-01	-6.2465315930e-01
0.4246            	5.0786036961e-01	8.9411249260e-02	-2.3368828134e-01	3.9101622894e-01	-6.2470451028e-01
0.4248            	5.0937418355e-01	9.0411470224e-02	-2.2883463647e-01	3.9495686531e-01	-6.2379150178e-01
0.425             	5.1053197476e-01	8.9515002714e-02	-2.2990135839e-01	3.9558129557e-01	-6.2548265395e-01
0.4252            	5.1178950245e-01	8.9328870301e-02	-2.2836601544e-01	3.9760649473e-01	-6.2597251017e-01
0.4254            	5.1320938395e-01	9.0440734994e-02	-2.2290422792e-01	4.0175727000e-01	-6.2466149791e-01
0.4256            	5.1434652130e-01	8.9669319922e-02	-2.2372781162e-01	4.0248261548e-01	-6.2621042711e-01
0.4258            	5.1575701361e-01	8.9388901079e-02	-2.2281468959e-01	4.0434966881e-01	-6.2716435840e-01
0.426             	5.1719259443e-01	9.0522545778e-02	-2.1669686203e-01	4.0884416342e-01	-6.2554102545e-01
0.4262            	5.1846492092e-01	8.9982181921e-02	-2.1699918762e-01	4.0996532711e-01	-6.2696451473e-01
0.4264            	5.1963914930e-01	8.9445500560e-02	-2.1703691921e-01	4.1112068970e-01	-6.2815760891e-01
0.4266            	5.2101797282e-01	9.0317570580e-02	-2.1175210885e-01	4.1514191840e-01	-6.2689402725e-01
0.4268            	5.2234561917e-01	9.0286459912e-02	-2.1038142744e-01	4.1715490545e-01	-6.2753633289e-01
0.427             	5.2343522887e-01	8.9537675780e-02	-2.1124630076e-01	4.1781207849e-01	-6.2905837925e-01
0.4272            	5.2472997715e-01	8.9974606292e-02	-2.0763705315e-01	4.2091145057e-01	-6.2854850372e-01
0.4274            	5.2604241463e-01	9.0544438555e-02	-2.0396424294e-01	4.2406029316e-01	-6.2802453610e-01
0.4276            	5.2711538787e-01	8.9651573630e-02	-2.0555821937e-01	4.2433627818e-01	-6.2989449755e-01
0.4278            	5.2826824901e-01	8.9696927116e-02	-2.0343169989e-01	4.2655239907e-01	-6.2998409895e-01
0.428             	5.2965018995e-01	9.0767167783e-02	-1.9785662436e-01	4.3072187777e-01	-6.2857850213e-01
0.4282            	5.3068035420e-01	8.9790539222e-02	-2.0000098365e-01	4.3067986237e-01	-6.3068084603e-01
0.4284            	5.3188459604e-01	8.9634732285e-02	-1.9853915958e-01	4.3261501625e-01	-6.3115417583e-01
0.4286            	5.3331237386e-01	9.0995540994e-02	-1.9185720632e-01	4.3738377070e-01	-6.2924097703e-01
0.4288            	5.3417682968e-01	8.9879538054e-02	-1.9455305569e-01	4.3690030183e-01	-6.3145335753e-01
0.429             	5.3512256017e-01	8.9597708956e-02	-1.9362241235e-01	4.3831135400e-01	-6.3193376635e-01
0.4292            	5.3645579589e-01	9.1106669417e-02	-1.8657074723e-01	4.4317042228e-01	-6.2974116951e-01
0.4294            	5.3766872577e-01	9.0030004739e-02	-1.8923285299e-01	4.4305229927e-01	-6.3228515226e-01
0.4296            	5.3839279944e-01	8.9658017066e-02	-1.8867860430e-01	4.4405349729e-01	-6.3273210159e-01
0.4298            	5.3977816954e-01	9.1218069802e-02	-1.8138233060e-01	4.4908700424e-01	-6.3046933484e-01
0.43              	5.4075176708e-01	9.0114679485e-02	-1.8433531788e-01	4.4858410814e-01	-6.3291942603e-01
0.4302            	5.4168263509e-01	8.9719279669e-02	-1.8374037271e-01	4.4981244873e-01	-6.3355282145e-01
0.4304            	5.4303447801e-01	9.1311805479e-02	-1.7641669677e-01	4.5482612962e-01	-6.3124282640e-01
0.4306            	5.4394757461e-01	9.0168371124e-02	-1.7943554090e-01	4.5422980416e-01	-6.3366534506e-01
0.4308            	5.4455120069e-01	8.9731139898e-02	-1.7915687454e-01	4.5497276342e-01	-6.3412963796e-01
0.431             	5.4601519162e-01	9.1352328841e-02	-1.7179347371e-01	4.6011845476e-01	-6.3191192848e-01
0.4312            	5.4678637420e-01	9.0210074524e-02	-1.7493450171e-01	4.5931912335e-01	-6.3425362506e-01
0.4314            	5.4771205060e-01	8.9791301305e-02	-1.7439829983e-01	4.6051290069e-01	-6.3491120051e-01
0.4316            	5.4899034764e-01	9.1380055797e-02	-1.6733164145e-01	4.6532452692e-01	-6.3265616837e-01
0.4318            	5.4971432507e-01	9.0232766411e-02	-1.7036486721e-01	4.6453189147e-01	-6.3489675868e-01
0.432             	5.5057078447e-01	8.9880337839e-02	-1.6984988348e-01	4.6564584273e-01	-6.3549572621e-01
0.4322            	5.5175826898e-01	9.1359660850e-02	-1.6324961842e-01	4.7013345977e-01	-6.3338307819e-01
0.4324            	5.5261109801e-01	9.0287346780e-02	-1.6598968867e-01	4.6961625368e-01	-6.3560594235e-01
0.4326            	5.5344740617e-01	8.9972244038e-02	-1.6538746180e-01	4.7075367527e-01	-6.3614113708e-01
0.4328            	5.5439675051e-01	9.1351134391e-02	-1.5926132922e-01	4.7476608590e-01	-6.3402741512e-01
0.433             	5.5514841433e-01	9.0327631504e-02	-1.6186109499e-01	4.7421786684e-01	-6.3607896182e-01
0.4332            	5.5601518837e-01	9.0041878532e-02	-1.6119718770e-01	4.7541659452e-01	-6.3661378221e-01
0.4334            	5.5698583452e-01	9.1375425524e-02	-1.5535992869e-01	4.7930587017e-01	-6.3466579886e-01
0.4336            	5.5771467568e-01	9.0375157249e-02	-1.5779365895e-01	4.7881784621e-01	-6.3661150516e-01
0.4338            	5.5856841396e-01	9.0081823596e-02	-1.5699009143e-01	4.8007336824e-01	-6.3706345968e-01
0.434             	5.5969578043e-01	9.1385594718e-02	-1.5135469683e-01	4.8401843202e-01	-6.3537312885e-01
0.4342            	5.6049472197e-01	9.0414593830e-02	-1.5354937076e-01	4.8372003660e-01	-6.3726940735e-01
0.4344            	5.6143517315e-01	9.0168406541e-02	-1.5248946075e-01	4.8519044277e-01	-6.3767990352e-01
0.4346            	5.6248592836e-01	9.1405459975e-02	-1.4719418484e-01	4.8888883594e-01	-6.3608302077e-01
0.4348            	5.6323031279e-01	9.0450606154e-02	-1.4946848188e-01	4.8849607185e-01	-6.3796455373e-01
0.435             	5.6411014106e-01	9.0321023336e-02	-1.4827437827e-01	4.8997295193e-01	-6.3824733020e-01
0.4352            	5.6517845866e-01	9.1431193868e-02	-1.4340992613e-01	4.9347349559e-01	-6.3688342172e-01
0.4354            	5.6597215956e-01	9.0469244199e-02	-1.4549303534e-01	4.9322564189e-01	-6.3871867723e-01
0.4356            	5.6673432280e-01	9.0593070980e-02	-1.4359182541e-01	4.9493841010e-01	-6.3853023550e-01
0.4358            	5.6774329041e-01	9.1361144242e-02	-1.4002758850e-01	4.9772949616e-01	-6.3775708466e-01
0.436             	5.6843155476e-01	9.0502118334e-02	-1.4178372266e-01	4.9753969343e-01	-6.3932341609e-01
0.4362            	5.6926873097e-01	9.1016731647e-02	-1.3862625112e-01	4.9995560541e-01	-6.3858185652e-01
0.4364            	5.7016937636e-01	9.1310149010e-02	-1.3671660602e-01	5.0181107334e-01	-6.3852767937e-01
0.4366            	5.7083354597e-01	9.0603267511e-02	-1.3795932697e-01	5.0185388248e-01	-6.3981320945e-01
0.4368            	5.7168762295e-01	9.1251194217e-02	-1.3424778199e-01	5.0456373196e-01	-6.3881151395e-01
0.437             	5.7249655580e-01	9.1315143843e-02	-1.3332263570e-01	5.0583523796e-01	-6.3915787365e-01
0.4372            	5.7316341610e-01	9.0637977712e-02	-1.3443269805e-01	5.0594706707e-01	-6.4037976512e-01
0.4374            	5.7401401597e-01	9.1430329202e-02	-1.3011341401e-01	5.0895730896e-01	-6.3907072297e-01
0.4376            	5.7475829767e-01	9.1232671191e-02	-1.3031540314e-01	5.0960059610e-01	-6.3991599923e-01
0.4378            	5.7534893821e-01	9.0652750796e-02	-1.3122779303e-01	5.0973504169e-01	-6.4096283472e-01
0.438             	5.7623262211e-01	9.1811680205e-02	-1.2550985377e-01	5.1347769522e-01	-6.3898754899e-01
0.4382            	5.7685432632e-01	9.1079578837e-02	-1.2768514502e-01	5.1301175381e-01	-6.4069689883e-01
0.4384            	5.7738403498e-01	9.0599172927e-02	-1.2789724621e-01	5.1343541188e-01	-6.4133265809e-01
0.4386            	5.7837805330e-01	9.2000936375e-02	-1.2189640050e-01	5.1742985305e-01	-6.3932625355e-01
0.4388            	5.7903400884e-01	9.1022550535e-02	-1.2477708642e-01	5.1664546564e-01	-6.4142255205e-01
0.439             	5.7977418006e-01	9.0792884585e-02	-1.2401375747e-01	5.1776730133e-01	-6.4178105879e-01
0.4392            	5.8075155128e-01	9.1992372692e-02	-1.1880378578e-01	5.2134965839e-01	-6.4015344417e-01
0.4394            	5.8131924182e-01	9.0949635672e-02	-1.2182952886e-01	5.2040447739e-01	-6.4223400625e-01
0.4396            	5.8217981380e-01	9.1416326575e-02	-1.1870602916e-01	5.2282679921e-01	-6.4153282838e-01
0.4398            	5.8296679269e-01	9.1625343785e-02	-1.1732945316e-01	5.2430206611e-01	-6.4163151927e-01
0.44              	5.8357181266e-01	9.0880688822e-02	-1.1876998088e-01	5.2418682223e-01	-6.4295680310e-01
0.4402            	5.8453451753e-01	9.2403008906e-02	-1.1204927481e-01	5.2850988013e-01	-6.4055915494e-01
0.4404            	5.8508911920e-01	9.1303822867e-02	-1.1554503421e-01	5.2731660209e-01	-6.4286163630e-01
0.4406            	5.8574271511e-01	9.0992409434e-02	-1.1493381212e-01	5.2827580905e-01	-6.4320962117e-01
0.4408            	5.8661902478e-01	9.1955236565e-02	-1.1114072051e-01	5.3104866452e-01	-6.4218938504e-01
0.441             	5.8716177711e-01	9.1111189423e-02	-1.1314211524e-01	5.3059071949e-01	-6.4373283473e-01
0.4412            	5.8797233277e-01	9.2076854267e-02	-1.0831868490e-01	5.3381299032e-01	-6.4213167522e-01
0.4414            	5.8853096083e-01	9.1435026389e-02	-1.1014410229e-01	5.3345890968e-01	-6.4360301197e-01
0.4416            	5.8913278788e-01	9.1209363734e-02	-1.0943413512e-01	5.3441572032e-01	-6.4384985544e-01
0.4418            	5.8990909133e-01	9.1944561455e-02	-1.0643284598e-01	5.3669266834e-01	-6.4312551431e-01
0.442             	5.9035242627e-01	9.1088032429e-02	-1.0839396520e-01	5.3615544366e-01	-6.4454940887e-01
0.4422            	5.9118882033e-01	9.2462923501e-02	-1.0260045855e-01	5.3988859106e-01	-6.4248904961e-01
0.4424            	5.9159910818e-01	9.1282727270e-02	-1.0601209859e-01	5.3859305889e-01	-6.4460515748e-01
0.4426            	5.9230649891e-01	9.2296596549e-02	-1.0118948299e-01	5.4171175742e-01	-6.4290124041e-01
0.4428            	5.9275184562e-01	9.1458292584e-02	-1.0385387755e-01	5.4082490684e-01	-6.4467878439e-01
0.443             	5.9337936363e-01	9.1993914245e-02	-1.0065300771e-01	5.4305285977e-01	-6.4370586748e-01
0.4432            	5.9392593539e-01	9.1750577953e-02	-1.0114631378e-01	5.4335277851e-01	-6.4449909228e-01
0.4434            	5.9435117136e-01	9.1240047873e-02	-1.0157836353e-01	5.4356198960e-01	-6.4514035313e-01
0.4436            	5.9497491956e-01	9.2039141584e-02	-9.8687197966e-02	5.4563132057e-01	-6.4431851854e-01
0.4438            	5.9536704696e-01	9.1355113485e-02	-9.9887943275e-02	5.4542307532e-01	-6.4531101860e-01
0.444             	5.9602308106e-01	9.2423477058e-02	-9.5426877845e-02	5.4830964214e-01	-6.4373651998e-01
0.4442            	5.9630499727e-01	9.1357359268e-02	-9.8630893007e-02	5.4698955077e-01	-6.4562044378e-01
0.4444            	5.9697834094e-01	9.2702532012e-02	-9.2953418831e-02	5.5050163153e-01	-6.4345505036e-01
0.4446            	5.9725087232e-01	9.1536590108e-02	-9.6668740802e-02	5.4891650192e-01	-6.4558524272e-01
0.4448            	5.9786924849e-01	9.2717961122e-02	-9.1253417758e-02	5.5224253961e-01	-6.4349595737e-01
0.445             	5.9815978743e-01	9.1569998773e-02	-9.5233341906e-02	5.5054311648e-01	-6.4577645839e-01
0.4452            	5.9880458929e-01	9.2917410539e-02	-8.9315868363e-02	5.5414665511e-01	-6.4346252347e-01
0.4454            	5.9906876926e-01	9.1716741597e-02	-9.3381727982e-02	5.5237790527e-01	-6.4575963325e-01
0.4456            	5.9953478243e-01	9.2443497304e-02	-8.9487818138e-02	5.5479087336e-01	-6.4427869150e-01
0.4458            	5.9980167468e-01	9.1752047728e-02	-9.2102356526e-02	5.5375049642e-01	-6.4585285295e-01
0.446             	6.0027861893e-01	9.2816916564e-02	-8.6942233773e-02	5.5680750205e-01	-6.4374973582e-01
0.4462            	6.0047058104e-01	9.1826691870e-02	-9.0651241498e-02	5.5514496029e-01	-6.4579620179e-01
0.4464            	6.0085132622e-01	9.2435715514e-02	-8.7249675032e-02	5.5722648871e-01	-6.4447616374e-01
0.4466            	6.0107128420e-01	9.1793062494e-02	-8.9733973937e-02	5.5620429723e-01	-6.4593827117e-01
0.4468            	6.0158338863e-01	9.3129142017e-02	-8.3523771538e-02	5.5982150286e-01	-6.4334527440e-01
0.447             	6.0172298977e-01	9.1804386259e-02	-8.8525325785e-02	5.5746032688e-01	-6.4598565267e-01
0.4472            	6.0209886248e-01	9.2793912428e-02	-8.3988421093e-02	5.6010465193e-01	-6.4409307303e-01
0.4474            	6.0221841905e-01	9.1734292876e-02	-8.7759126598e-02	5.5833885575e-01	-6.4609798235e-01
0.4476            	6.0269022678e-01	9.3011599779e-02	-8.2271924963e-02	5.6155426430e-01	-6.4382618926e-01
0.4478            	6.0272605166e-01	9.1745516289e-02	-8.6769151928e-02	5.5934147569e-01	-6.4611062762e-01
0.448             	6.0306884452e-01	9.2805827479e-02	-8.2357835046e-02	5.6188992699e-01	-6.4424776204e-01
0.4482            	6.0309132743e-01	9.1660513822e-02	-8.6097452509e-02	5.6004260118e-01	-6.4614005369e-01
0.4484            	6.0346681976e-01	9.2620366816e-02	-8.2367145594e-02	5.6228324697e-01	-6.4465039256e-01
0.4486            	6.0342988383e-01	9.1713395679e-02	-8.4972507193e-02	5.6094363024e-01	-6.4591613743e-01
0.4488            	6.0358676441e-01	9.2427494822e-02	-8.2474659088e-02	5.6234943487e-01	-6.4482409395e-01
0.449             	6.0341972709e-01	9.1634602416e-02	-8.4620116006e-02	5.6110966909e-01	-6.4572978510e-01
0.4492            	6.0336869983e-01	9.2131290121e-02	-8.3133750321e-02	5.6180182467e-01	-6.4493557499e-01
0.4494            	6.0298299846e-01	9.2135332585e-02	-8.2505116333e-02	5.6173044029e-01	-6.4423555662e-01
0.4496            	6.0286405210e-01	9.1996228900e-02	-8.3371281938e-02	5.6117841113e-01	-6.4454969307e-01
0.4498            	6.0293258235e-01	9.2501291730e-02	-8.0525765955e-02	5.6266969937e-01	-6.4319546533e-01
0.45              	6.0288370599e-01	9.1808259060e-02	-8.3603883378e-02	5.6108176430e-01	-6.4468564767e-01
0.4502            	6.0311137446e-01	9.2887823678e-02	-7.8849222636e-02	5.6368676314e-01	-6.4253598578e-01
0.4504            	6.0298387089e-01	9.1733083257e-02	-8.3117612306e-02	5.6142506474e-01	-6.4454267704e-01
0.4506            	6.0316641673e-01	9.2529062973e-02	-8.0164395427e-02	5.6308421901e-01	-6.4324861444e-01
0.4508            	6.0305562916e-01	9.1633254105e-02	-8.2917763827e-02	5.6159674724e-01	-6.4451451107e-01
0.451             	6.0320366978e-01	9.2076312210e-02	-8.1454395495e-02	5.6247647203e-01	-6.4393086752e-01
0.4512            	6.0336333690e-01	9.2747299965e-02	-7.8052340102e-02	5.6433716685e-01	-6.4238950695e-01
0.4514            	6.0330698193e-01	9.1921515895e-02	-8.1502399448e-02	5.6255578221e-01	-6.4405818166e-01
0.4516            	6.0352083212e-01	9.2848206103e-02	-7.7595610073e-02	5.6472302709e-01	-6.4231863716e-01
0.4518            	6.0339731478e-01	9.1703662925e-02	-8.1803184447e-02	5.6249572255e-01	-6.4429890700e-01
0.452             	6.0358968252e-01	9.2361786142e-02	-7.9359821733e-02	5.6390977165e-01	-6.4326959339e-01
0.4522            	6.0359005862e-01	9.1998406581e-02	-7.9898235460e-02	5.6364094089e-01	-6.4353917635e-01
0.4524            	6.0371974274e-01	9.2133290804e-02	-7.9766688732e-02	5.6383639838e-01	-6.4360308711e-01
0.4526            	6.0382601584e-01	9.2609404138e-02	-7.7226902421e-02	5.6521256463e-01	-6.4243946705e-01
0.4528            	6.0377551261e-01	9.1832887243e-02	-8.0391828746e-02	5.6357959824e-01	-6.4397142698e-01
0.453             	6.0397717184e-01	9.2706670920e-02	-7.6989479883e-02	5.6548243190e-01	-6.4247191178e-01
0.4532            	6.0393875285e-01	9.1826743021e-02	-7.9693485840e-02	5.6409200993e-01	-6.4378549577e-01
0.4534            	6.0411932209e-01	9.2316274332e-02	-7.8143015668e-02	5.6504781426e-01	-6.4319082993e-01
0.4536            	6.0412261611e-01	9.2162930397e-02	-7.7927892876e-02	5.6515866967e-01	-6.4308656254e-01
0.4538            	6.0418269305e-01	9.1952116018e-02	-7.9017219886e-02	5.6467408311e-01	-6.4369130300e-01
0.454             	6.0440706701e-01	9.2991811882e-02	-7.4612467457e-02	5.6710083328e-01	-6.4171330074e-01
0.4542            	6.0431744951e-01	9.1851693130e-02	-7.8780183951e-02	5.6492735754e-01	-6.4370754149e-01
0.4544            	6.0450045012e-01	9.2504506447e-02	-7.6493096630e-02	5.6625390181e-01	-6.4274699844e-01
0.4546            	6.0441321217e-01	9.1869084946e-02	-7.8276554454e-02	5.6527493495e-01	-6.4355148940e-01
0.4548            	6.0454703396e-01	9.2070450769e-02	-7.7760041840e-02	5.6566701304e-01	-6.4342705487e-01
0.455             	6.0477630260e-01	9.3150386226e-02	-7.2988826832e-02	5.6828188918e-01	-6.4127071601e-01
0.4552            	6.0468712523e-01	9.1905945141e-02	-7.7764442797e-02	5.6580490383e-01	-6.4356934663e-01
0.4554            	6.0487677096e-01	9.2664983562e-02	-7.4947230968e-02	5.6740315548e-01	-6.4235038645e-01
0.4556            	6.0476219874e-01	9.1799171044e-02	-7.7749291451e-02	5.6588755302e-01	-6.4363684447e-01
0.4558            	6.0491044522e-01	9.2146441912e-02	-7.6662122968e-02	5.6657938374e-01	-6.4324150671e-01
0.456             	6.0511132966e-01	9.3132746685e-02	-7.2096728333e-02	5.6906296549e-01	-6.4115969382e-01
0.4562            	6.0502172802e-01	9.1952926748e-02	-7.6813126710e-02	5.6661516467e-01	-6.4342829138e-01
0.4564            	6.0521293522e-01	9.2783262529e-02	-7.3638036503e-02	5.6839391696e-01	-6.4203195347e-01
0.4566            	6.0508471917e-01	9.1798918028e-02	-7.7026448874e-02	5.6657149474e-01	-6.4359794361e-01
0.4568            	6.0525612274e-01	9.2204545149e-02	-7.5630458242e-02	5.6744089362e-01	-6.4307135187e-01
0.457             	6.0542799741e-01	9.3080722088e-02	-7.1476542746e-02	5.6968972604e-01	-6.4116626878e-01
0.4572            	6.0534316736e-01	9.1985893617e-02	-7.5936214927e-02	5.6737505990e-01	-6.4331127482e-01
0.4574            	6.0552725069e-01	9.2837479255e-02	-7.2693713596e-02	5.6918039389e-01	-6.4187410749e-01
0.4576            	6.0537994074e-01	9.1812002243e-02	-7.6279250910e-02	5.6724031529e-01	-6.4351956620e-01
0.4578            	6.0555543017e-01	9.2239750481e-02	-7.4775005456e-02	5.6816792745e-01	-6.4294293290e-01
0.458             	6.0571154895e-01	9.3055426594e-02	-7.0848577955e-02	5.7028725997e-01	-6.4113583792e-01
0.4582            	6.0562085548e-01	9.2010454931e-02	-7.5197205334e-02	5.6802225281e-01	-6.4321945815e-01
0.4584            	6.0582249818e-01	9.2844267379e-02	-7.1997820831e-02	5.6982358777e-01	-6.4182140860e-01
0.4586            	6.0566206518e-01	9.1826063684e-02	-7.5541793562e-02	5.6789116840e-01	-6.4343296196e-01
0.4588            	6.0583967392e-01	9.2249942618e-02	-7.4066178756e-02	5.6880658454e-01	-6.4287276330e-01
0.459             	6.0598751240e-01	9.3079221279e-02	-7.0082759033e-02	5.7094613288e-01	-6.4102889191e-01
0.4592            	6.0590444767e-01	9.2016342775e-02	-7.4522513153e-02	5.6864319109e-01	-6.4316570425e-01
0.4594            	6.0606558943e-01	9.2836912464e-02	-7.1441908936e-02	5.7034463497e-01	-6.4178654390e-01
0.4596            	6.0594907777e-01	9.1837413995e-02	-7.4809182835e-02	5.6854448635e-01	-6.4335366918e-01
0.4598            	6.0609377268e-01	9.2239002762e-02	-7.3491773754e-02	5.6934788580e-01	-6.4283965955e-01
0.46              	6.0626473069e-01	9.3151524407e-02	-6.9215370948e-02	5.7165704521e-01	-6.4087241616e-01
0.4602            	6.0615685599e-01	9.2010775245e-02	-7.3934545608e-02	5.6918958318e-01	-6.4312412879e-01
0.4604            	6.0632772129e-01	9.2799466747e-02	-7.0974222785e-02	5.7084060990e-01	-6.4181483268e-01
0.4606            	6.0619445315e-01	9.1857498593e-02	-7.4104595394e-02	5.6914215545e-01	-6.4324675084e-01
0.4608            	6.0632310082e-01	9.2213191579e-02	-7.3015640895e-02	5.6981528037e-01	-6.4283092127e-01
0.461             	6.0650517044e-01	9.3207046401e-02	-6.8402847192e-02	5.7230374684e-01	-6.4070659403e-01
0.4612            	6.0638357101e-01	9.2000810878e-02	-7.3403159923e-02	5.6968199104e-01	-6.4308515097e-01
0.4614            	6.0654669164e-01	9.2730377441e-02	-7.0698101945e-02	5.7119764067e-01	-6.4189574261e-01
0.4616            	6.0642073737e-01	9.1896921132e-02	-7.3365684222e-02	5.6973789526e-01	-6.4310357948e-01
0.4618            	6.0653244651e-01	9.2179753941e-02	-7.2592010887e-02	5.7023644107e-01	-6.4282845195e-01
0.462             	6.0672147983e-01	9.3204174206e-02	-6.7939535173e-02	5.7275171224e-01	-6.4069124742e-01
0.4622            	6.0658963640e-01	9.1990392771e-02	-7.2908493155e-02	5.7013538982e-01	-6.4304388297e-01
0.4624            	6.0673757283e-01	9.2630247125e-02	-7.0632496269e-02	5.7142132470e-01	-6.4205382097e-01
0.4626            	6.0663320319e-01	9.1991563981e-02	-7.2479633939e-02	5.7039338622e-01	-6.4287302016e-01
0.4628            	6.0671857897e-01	9.2139082331e-02	-7.2251470438e-02	5.7059284375e-01	-6.4284431419e-01
0.463             	6.0690766107e-01	9.3107760259e-02	-6.8011735629e-02	5.7290179326e-01	-6.4091352889e-01
0.4632            	6.0678030604e-01	9.1986848747e-02	-7.2406081974e-02	5.7057726506e-01	-6.4298334703e-01
0.4634            	6.0691845723e-01	9.2519841581e-02	-7.0624306670e-02	5.7160630390e-01	-6.4223061057e-01
0.4636            	6.0684903883e-01	9.2219073693e-02	-7.1125007980e-02	5.7128653484e-01	-6.4241154282e-01
0.4638            	6.0688533750e-01	9.2088701650e-02	-7.1984757969e-02	5.7089295852e-01	-6.4287771649e-01
0.464             	6.0707043568e-01	9.2948149263e-02	-6.8381020177e-02	5.7287992559e-01	-6.4126094577e-01
0.4642            	6.0695293145e-01	9.2002158611e-02	-7.1835841382e-02	5.7103501076e-01	-6.4287085214e-01
0.4644            	6.0708209549e-01	9.2417476330e-02	-7.0599830234e-02	5.7178218037e-01	-6.4238201061e-01
0.4646            	6.0708649726e-01	9.2602868499e-02	-6.9195593149e-02	5.7248870069e-01	-6.4168429384e-01
0.4648            	6.0704297918e-01	9.2038570635e-02	-7.1736855258e-02	5.7117455155e-01	-6.4291140681e-01
0.465             	6.0721636064e-01	9.2767088372e-02	-6.8853336815e-02	5.7278969223e-01	-6.4164302905e-01
0.4652            	6.0712537169e-01	9.2066021392e-02	-7.1071418946e-02	5.7158966222e-01	-6.4266108117e-01
0.4654            	6.0723722430e-01	9.2336403761e-02	-7.0479387070e-02	5.7199753076e-01	-6.4247691783e-01
0.4656            	6.0730054097e-01	9.2877707281e-02	-6.7778442179e-02	5.7341131988e-01	-6.4118976206e-01
0.4658            	6.0719163081e-01	9.1986483517e-02	-7.1536062889e-02	5.7142359937e-01	-6.4295966225e-01
0.466             	6.0734840487e-01	9.2585490007e-02	-6.9278193592e-02	5.7270930807e-01	-6.4198750167e-01
0.4662            	6.0729658617e-01	9.2278772429e-02	-6.9798367866e-02	5.7239740224e-01	-6.4219577011e-01
0.4664            	6.0736779873e-01	9.2241676204e-02	-7.0416482263e-02	5.7215955759e-01	-6.4257603986e-01
0.4666            	6.0746522730e-01	9.2906784776e-02	-6.7511941867e-02	5.7370925636e-01	-6.4122119823e-01
0.4668            	6.0733167222e-01	9.1937928653e-02	-7.1314234026e-02	5.7167455521e-01	-6.4298878923e-01
0.467             	6.0746997840e-01	9.2436716764e-02	-6.9556905223e-02	5.7269152579e-01	-6.4224843101e-01
0.4672            	6.0749589337e-01	9.2749927565e-02	-6.7543041351e-02	5.7372437270e-01	-6.4126741405e-01
0.4674            	6.0748692482e-01	9.2152047618e-02	-7.0353196851e-02	5.7231032639e-01	-6.4266352325e-01
0.4676            	6.0761360801e-01	9.2869167472e-02	-6.7615627000e-02	5.7380579451e-01	-6.4142142151e-01
0.4678            	6.0745706441e-01	9.1911017451e-02	-7.1007863737e-02	5.7195313254e-01	-6.4296099628e-01
0.468             	6.0758334532e-01	9.2329905742e-02	-6.9637772612e-02	5.7276445901e-01	-6.4240223163e-01
0.4682            	6.0769067335e-01	9.3159519032e-02	-6.5693024432e-02	5.7484416114e-01	-6.4053718557e-01
0.4684            	6.0759772637e-01	9.2070502180e-02	-7.0274756179e-02	5.7246034828e-01	-6.4273510446e-01
0.4686            	6.0773644988e-01	9.2792495313e-02	-6.7662181112e-02	5.7390535932e-01	-6.4156754043e-01
0.4688            	6.0758392815e-01	9.1948102929e-02	-7.0452233788e-02	5.7235781125e-01	-6.4281004504e-01
0.469             	6.0768000728e-01	9.2228839912e-02	-6.9700046757e-02	5.7282998390e-01	-6.4253003065e-01
0.4692            	6.0782722618e-01	9.3214306554e-02	-6.5371416632e-02	5.7514151787e-01	-6.4051293450e-01
0.4694            	6.0771053035e-01	9.2034532818e-02	-7.0037499742e-02	5.7269178048e-01	-6.4272928022e-01
0.4696            	6.0782329987e-01	9.2591336579e-02	-6.8207115006e-02	5.7371974237e-01	-6.4192685737e-01
0.4698            	6.0772405625e-01	9.2188128392e-02	-6.9205346211e-02	5.7312138315e-01	-6.4232672936e-01
0.47              	6.0776310211e-01	9.2137285181e-02	-6.9750260498e-02	5.7288797186e-01	-6.4263823236e-01
0.4702            	6.0791118550e-01	9.2985142814e-02	-6.6296353543e-02	5.7476300873e-01	-6.4105936227e-01
0.4704            	6.0781367927e-01	9.2040392315e-02	-6.9605300184e-02	5.7301102918e-01	-6.4261632937e-01
0.4706            	6.0791003195e-01	9.2424117944e-02	-6.8605632473e-02	5.7360721572e-01	-6.4221284819e-01
0.4708            	6.0791468485e-01	9.2741654006e-02	-6.6708491485e-02	5.7456043911e-01	-6.4126893060e-01
0.471             	6.0784125376e-01	9.2051350562e-02	-6.9777510061e-02	5.7295249873e-01	-6.4273000879e-01
0.4712            	6.0797880929e-01	9.2720044948e-02	-6.7311944397e-02	5.7432283709e-01	-6.4163478149e-01
0.4714            	6.0791411363e-01	9.2181006800e-02	-6.8671764309e-02	5.7357823148e-01	-6.4224999579e-01
0.4716            	6.0798214619e-01	9.2301307697e-02	-6.8771337760e-02	5.7359647731e-01	-6.4236781507e-01
0.4718            	6.0805441895e-01	9.2916576367e-02	-6.6010183305e-02	5.7504932730e-01	-6.4105951061e-01
0.472             	6.0791908284e-01	9.1975295970e-02	-6.9781591380e-02	5.7302828715e-01	-6.4280987853e-01
0.4722            	6.0802865783e-01	9.2480760535e-02	-6.8109368094e-02	5.7397397378e-01	-6.4208334188e-01
0.4724            	6.0805987615e-01	9.2715867886e-02	-6.6225335579e-02	5.7494720836e-01	-6.4117254393e-01
0.4726            	6.0804033124e-01	9.2177546273e-02	-6.8937839539e-02	5.7357141147e-01	-6.4250925101e-01
0.4728            	6.0814936667e-01	9.2854595958e-02	-6.6387148791e-02	5.7495579227e-01	-6.4134294106e-01
0.473             	6.0799290679e-01	9.1933247439e-02	-6.9612499666e-02	5.7318665696e-01	-6.4279915663e-01
0.4732            	6.0808909833e-01	9.2343716359e-02	-6.8417471047e-02	5.7388036281e-01	-6.4229783386e-01
0.4734            	6.0821786308e-01	9.3195869638e-02	-6.4220905193e-02	5.7610741048e-01	-6.4032831567e-01
0.4736            	6.0809785443e-01	9.2076391645e-02	-6.9023745466e-02	5.7358598170e-01	-6.4260972717e-01
0.4738            	6.0822208721e-01	9.2761284050e-02	-6.6589923717e-02	5.7492712535e-01	-6.4151704906e-01
0.474             	6.0808139947e-01	9.2007361405e-02	-6.8996988894e-02	5.7358290503e-01	-6.4257989392e-01
0.4742            	6.0812825184e-01	9.2228414634e-02	-6.8643900084e-02	5.7380630180e-01	-6.4245020188e-01
0.4744            	6.0829734948e-01	9.3148916393e-02	-6.4545866737e-02	5.7602441611e-01	-6.4057028284e-01
0.4746            	6.0816971193e-01	9.2048491373e-02	-6.8819949249e-02	5.7375973730e-01	-6.4257968655e-01
0.4748            	6.0826405951e-01	9.2523991418e-02	-6.7406465222e-02	5.7456082690e-01	-6.4196729212e-01
0.475             	6.0821076993e-01	9.2472926223e-02	-6.6942321852e-02	5.7473960900e-01	-6.4168193085e-01
0.4752            	6.0816871871e-01	9.2116746001e-02	-6.8840808178e-02	5.7374831463e-01	-6.4258912280e-01
0.4754            	6.0832245531e-01	9.2826129163e-02	-6.5973404912e-02	5.7533575285e-01	-6.4130915776e-01
0.4756            	6.0823156618e-01	9.2110287900e-02	-6.8222806433e-02	5.7412016296e-01	-6.4234296939e-01
0.4758            	6.0830727767e-01	9.2362865155e-02	-6.7820450197e-02	5.7439705257e-01	-6.4221750277e-01
0.476             	6.0836264620e-01	9.2915406989e-02	-6.5171436108e-02	5.7577692815e-01	-6.4094836426e-01
0.4762            	6.0821644104e-01	9.2019683103e-02	-6.8972788074e-02	5.7373004700e-01	-6.4270283508e-01
0.4764            	6.0834731761e-01	9.2548491868e-02	-6.7045649329e-02	5.7482449295e-01	-6.4187014228e-01
0.4766            	6.0833704205e-01	9.2553183773e-02	-6.6197373481e-02	5.7523835531e-01	-6.4143572879e-01
0.4768            	6.0833496582e-01	9.2217111472e-02	-6.8128115588e-02	5.7427090803e-01	-6.4239902362e-01
0.477             	6.0843575995e-01	9.2862667604e-02	-6.5601478944e-02	5.7563502048e-01	-6.4123649942e-01
0.4772            	6.0826341051e-01	9.1955055433e-02	-6.8948897595e-02	5.7378896171e-01	-6.4273785931e-01
0.4774            	6.0837407288e-01	9.2376797772e-02	-6.7601886426e-02	5.7457312967e-01	-6.4217501609e-01
0.4776            	6.0848078958e-01	9.3150278572e-02	-6.3642730211e-02	5.7665942447e-01	-6.4030215468e-01
0.4778            	6.0835981955e-01	9.2096332459e-02	-6.8371837900e-02	5.7417390060e-01	-6.4254573850e-01
0.478             	6.0848680246e-01	9.2784581416e-02	-6.5872357809e-02	5.7555062355e-01	-6.4142298136e-01
0.4782            	6.0832700385e-01	9.2007539032e-02	-6.8447362975e-02	5.7410332237e-01	-6.4255068534e-01
0.4784            	6.0841130066e-01	9.2226110167e-02	-6.7893423904e-02	5.7446458871e-01	-6.4235801261e-01
0.4786            	6.0854525042e-01	9.3161386005e-02	-6.3899781950e-02	5.7659535945e-01	-6.4049514140e-01
0.4788            	6.0841514184e-01	9.2055952092e-02	-6.8224235431e-02	5.7430302413e-01	-6.4252725956e-01
0.479             	6.0849687144e-01	9.2536663925e-02	-6.6865295905e-02	5.7506422349e-01	-6.4192951940e-01
0.4792            	6.0844991083e-01	9.2489432113e-02	-6.6299211037e-02	5.7530030531e-01	-6.4159951635e-01
0.4794            	6.0840704742e-01	9.2120172552e-02	-6.8243066069e-02	5.7428551439e-01	-6.4252858046e-01
0.4796            	6.0856025928e-01	9.2814736461e-02	-6.5410653450e-02	5.7585493256e-01	-6.4126558601e-01
0.4798            	6.0844704880e-01	9.2127927744e-02	-6.7661944729e-02	5.7461607643e-01	-6.4227802116e-01
0.48              	6.0851665398e-01	9.2363535910e-02	-6.7341447884e-02	5.7484593004e-01	-6.4218737792e-01
0.4802            	6.0855239632e-01	9.2923953534e-02	-6.4781792786e-02	5.7616149993e-01	-6.4094329272e-01
0.4804            	6.0843180729e-01	9.2019756892e-02	-6.8404505121e-02	5.7422955473e-01	-6.4263405985e-01
0.4806            	6.0853714774e-01	9.2531972477e-02	-6.6700597863e-02	5.7518684880e-01	-6.4188744667e-01
0.4808            	6.0855489999e-01	9.2637378466e-02	-6.5320246767e-02	5.7589477661e-01	-6.4121502338e-01
0.481             	6.0852723981e-01	9.2211713624e-02	-6.7713579930e-02	5.7467044984e-01	-6.4238402977e-01
0.4812            	6.0862670285e-01	9.2848637905e-02	-6.5276906249e-02	5.7598824973e-01	-6.4126515598e-01
0.4814            	6.0845182427e-01	9.1962249697e-02	-6.8504647794e-02	5.7419950037e-01	-6.4270414817e-01
0.4816            	6.0856990983e-01	9.2357575730e-02	-6.7185547965e-02	5.7497713585e-01	-6.4216268381e-01
0.4818            	6.0867637730e-01	9.3209848852e-02	-6.3145683879e-02	5.7710353536e-01	-6.4024921924e-01
0.482             	6.0856452909e-01	9.2082715660e-02	-6.7881599001e-02	5.7462372959e-01	-6.4250532859e-01
0.4822            	6.0866205019e-01	9.2745782268e-02	-6.5629517914e-02	5.7584729123e-01	-6.4147680914e-01
0.4824            	6.0852003247e-01	9.2057116018e-02	-6.7819983159e-02	5.7461004089e-01	-6.4243002405e-01
0.4826            	6.0856522283e-01	9.2224894676e-02	-6.7621268555e-02	5.7475458855e-01	-6.4237585711e-01
0.4828            	6.0871874540e-01	9.3105638196e-02	-6.3804068097e-02	5.7681671136e-01	-6.4062077945e-01
0.483             	6.0858390301e-01	9.2063904861e-02	-6.7789252150e-02	5.7468927693e-01	-6.4247852908e-01
0.4832            	6.0867624750e-01	9.2481837849e-02	-6.6587484971e-02	5.7538250502e-01	-6.4196998999e-01
0.4834            	6.0863765305e-01	9.2677577037e-02	-6.5218367790e-02	5.7602846916e-01	-6.4124683695e-01
0.4836            	6.0857332574e-01	9.2090214402e-02	-6.7947015378e-02	5.7459981805e-01	-6.4254683343e-01
0.4838            	6.0870710778e-01	9.2745931863e-02	-6.5438281121e-02	5.7598796722e-01	-6.4142624834e-01
0.484             	6.0862401969e-01	9.2214494675e-02	-6.6881968378e-02	5.7518303550e-01	-6.4206500388e-01
0.4842            	6.0867827590e-01	9.2309410255e-02	-6.7082664975e-02	5.7513694342e-01	-6.4221960839e-01
0.4844            	6.0873911659e-01	9.2910036726e-02	-6.4481641404e-02	5.7649829589e-01	-6.4097993729e-01
0.4846            	6.0857955925e-01	9.1994247251e-02	-6.8161603257e-02	5.7449875762e-01	-6.4266036088e-01
0.4848            	6.0869317092e-01	9.2473536561e-02	-6.6560690722e-02	5.7541282556e-01	-6.4197351628e-01
0.485             	6.0874260525e-01	9.2918991411e-02	-6.3833098982e-02	5.7682605576e-01	-6.4065915474e-01
0.4852            	6.0866443191e-01	9.2164102463e-02	-6.7496781745e-02	5.7491604103e-01	-6.4241282278e-01
0.4854            	6.0878889790e-01	9.2829245781e-02	-6.4987930224e-02	5.7629493279e-01	-6.4128286301e-01
0.4856            	6.0860495923e-01	9.1969270379e-02	-6.7991042032e-02	5.7460943822e-01	-6.4260048025e-01
0.4858            	6.0868768570e-01	9.2302687265e-02	-6.7086621992e-02	5.7514437471e-01	-6.4223099670e-01
0.486             	6.0881088513e-01	9.3235516947e-02	-6.2883793376e-02	5.7736898844e-01	-6.4025278181e-01
0.4862            	6.0868661501e-01	9.2078334248e-02	-6.7544042401e-02	5.7491459381e-01	-6.4245863621e-01
0.4864            	6.0877423924e-01	9.2633163659e-02	-6.5817341533e-02	5.7586556847e-01	-6.4168291001e-01
0.4866            	6.0868276015e-01	9.2247824625e-02	-6.6654401299e-02	5.7535555950e-01	-6.4200996080e-01
0.4868            	6.0867744376e-01	9.2165800587e-02	-6.7476521114e-02	5.7493918320e-01	-6.4241570432e-01
0.487             	6.0881993723e-01	9.2941305267e-02	-6.4295396621e-02	5.7667223892e-01	-6.4096763554e-01
0.4872            	6.0869073920e-01	9.2099798487e-02	-6.7307964344e-02	5.7503675703e-01	-6.4234472138e-01
0.4874            	6.0878008303e-01	9.2413904972e-02	-6.6529694713e-02	5.7551523567e-01	-6.4204493039e-01
0.4876            	6.0879072155e-01	9.2876456566e-02	-6.4190557462e-02	5.7669544282e-01	-6.4088600028e-01
0.4878            	6.0868923317e-01	9.2039439982e-02	-6.7728922614e-02	5.7482477186e-01	-6.4255369448e-01
0.488             	6.0879297489e-01	9.2592608641e-02	-6.5832878798e-02	5.7587653549e-01	-6.4170941429e-01
0.4882            	6.0875853596e-01	9.2486575732e-02	-6.5464106836e-02	5.7602648254e-01	-6.4149058937e-01
0.4884            	6.0875269393e-01	9.2245581897e-02	-6.7095145008e-02	5.7520512143e-01	-6.4230026644e-01
0.4886            	6.0885125279e-01	9.2874123548e-02	-6.4581165253e-02	5.7656067016e-01	-6.4114183541e-01
0.4888            	6.0868014828e-01	9.1964756784e-02	-6.7930512189e-02	5.7471489219e-01	-6.4264540438e-01
0.489             	6.0878963967e-01	9.2381563462e-02	-6.6580736787e-02	5.7549927128e-01	-6.4208000806e-01
0.4892            	6.0887066601e-01	9.3169648949e-02	-6.2702987430e-02	5.7751917229e-01	-6.4022215972e-01
0.4894            	6.0875347024e-01	9.2103344442e-02	-6.7419875416e-02	5.7504353253e-01	-6.4246340795e-01
0.4896            	6.0886353774e-01	9.2771941041e-02	-6.5040143878e-02	5.7634346580e-01	-6.4138360968e-01
0.4898            	6.0871154397e-01	9.2051604756e-02	-6.7359838321e-02	5.7503162481e-01	-6.4239146313e-01
0.49              	6.0877198922e-01	9.2233581597e-02	-6.7044053260e-02	5.7524996259e-01	-6.4229401585e-01
0.4902            	6.0890910013e-01	9.3121538364e-02	-6.3255540574e-02	5.7728132984e-01	-6.4053687041e-01
0.4904            	6.0876685427e-01	9.2075460120e-02	-6.7319143115e-02	5.7510728271e-01	-6.4242642582e-01
0.4906            	6.0884762980e-01	9.2497383144e-02	-6.6170478007e-02	5.7576239079e-01	-6.4193286880e-01
0.4908            	6.0882545452e-01	9.2672013136e-02	-6.4734192156e-02	5.7645835844e-01	-6.4119255060e-01
0.491             	6.0874666951e-01	9.2104515394e-02	-6.7474198199e-02	5.7500957041e-01	-6.4248376861e-01
0.4912            	6.0889543972e-01	9.2737914933e-02	-6.4963336983e-02	5.7641377122e-01	-6.4137710821e-01
0.4914            	6.0879501101e-01	9.2228531603e-02	-6.6428986137e-02	5.7558051794e-01	-6.4200950408e-01
0.4916            	6.0883819652e-01	9.2314504743e-02	-6.6706152389e-02	5.7548512032e-01	-6.4219127271e-01
0.4918            	6.0889309308e-01	9.2908207213e-02	-6.4199639655e-02	5.7679327325e-01	-6.4099291291e-01
0.492             	6.0875439941e-01	9.1996541211e-02	-6.7667189225e-02	5.7492080479e-01	-6.4258799402e-01
0.4922            	6.0885475946e-01	9.2467579295e-02	-6.6185436350e-02	5.7576204129e-01	-6.4194747764e-01
0.4924            	6.0891741320e-01	9.2974382226e-02	-6.3207266522e-02	5.7731377994e-01	-6.4052104646e-01
0.4926            	6.0881922968e-01	9.2157516382e-02	-6.7133467657e-02	5.7525249586e-01	-6.4238596351e-01
0.4928            	6.0892632034e-01	9.2819747217e-02	-6.4752134287e-02	5.7655025320e-01	-6.4130238748e-01
0.493             	6.0874600349e-01	9.1988649360e-02	-6.7617471481e-02	5.7493726775e-01	-6.4255473923e-01
0.4932            	6.0883653106e-01	9.2296404070e-02	-6.6707643198e-02	5.7548270946e-01	-6.4219035266e-01
0.4934            	6.0895887582e-01	9.3213997917e-02	-6.2624884744e-02	5.7764643345e-01	-6.4027131819e-01
0.4936            	6.0883529861e-01	9.2073269743e-02	-6.7188513192e-02	5.7524104202e-01	-6.4242955521e-01
0.4938            	6.0891258658e-01	9.2592925192e-02	-6.5639121585e-02	5.7609302579e-01	-6.4173214737e-01
0.494             	6.0882267555e-01	9.2361073820e-02	-6.5951109319e-02	5.7584712089e-01	-6.4179823021e-01
0.4942            	6.0880339346e-01	9.2155352720e-02	-6.7225383543e-02	5.7519070169e-01	-6.4241608523e-01
0.4944            	6.0894540401e-01	9.2881685502e-02	-6.4264052531e-02	5.7681337775e-01	-6.4107743028e-01
0.4946            	6.0883543383e-01	9.2120858711e-02	-6.6813963759e-02	5.7542845195e-01	-6.4224241571e-01
0.4948            	6.0890057197e-01	9.2378670639e-02	-6.6375416457e-02	5.7571286375e-01	-6.4208828020e-01
0.495             	6.0893629341e-01	9.2922395069e-02	-6.3847017164e-02	5.7701278483e-01	-6.4085980200e-01
0.4952            	6.0879700210e-01	9.2028953876e-02	-6.7575432082e-02	5.7500928606e-01	-6.4258471814e-01
0.4954            	6.0891317484e-01	9.2537896880e-02	-6.5749780711e-02	5.7603828448e-01	-6.4178806519e-01
0.4956            	6.0890110800e-01	9.2675361160e-02	-6.4390549167e-02	5.7670583341e-01	-6.4109638258e-01
0.4958            	6.0888604412e-01	9.2206798512e-02	-6.6834859177e-02	5.7546861453e-01	-6.4230347371e-01
0.496             	6.0896487888e-01	9.2842274135e-02	-6.4503253009e-02	5.7671325237e-01	-6.4121650538e-01
0.4962            	6.0879468347e-01	9.1969040846e-02	-6.7619114198e-02	5.7498512637e-01	-6.4260424057e-01
0.4964            	6.0887892207e-01	9.2347352059e-02	-6.6540929725e-02	5.7560845721e-01	-6.4214938693e-01
0.4966            	6.0901000423e-01	9.3234709382e-02	-6.2268918210e-02	5.7787554513e-01	-6.4014446334e-01
0.4968            	6.0885754459e-01	9.2093250437e-02	-6.7184397081e-02	5.7526534605e-01	-6.4244974313e-01
0.497             	6.0897739883e-01	9.2690881078e-02	-6.5033409485e-02	5.7646069409e-01	-6.4149410357e-01
0.4972            	6.0883124584e-01	9.2145015842e-02	-6.6755689779e-02	5.7545340095e-01	-6.4220909073e-01
0.4974            	6.0886172217e-01	9.2196253269e-02	-6.6970672990e-02	5.7537638567e-01	-6.4234705866e-01
0.4976            	6.0898742826e-01	9.3024610818e-02	-6.3586451821e-02	5.7719420235e-01	-6.4078065417e-01
0.4978            	6.0887872225e-01	9.2087075436e-02	-6.6892044990e-02	5.7543269976e-01	-6.4232474475e-01
0.498             	6.0893722228e-01	9.2438063531e-02	-6.6154917079e-02	5.7585976374e-01	-6.4201468082e-01
0.4982            	6.0895943304e-01	9.2821600955e-02	-6.3853769138e-02	5.7703254847e-01	-6.4088631761e-01
0.4984            	6.0883756973e-01	9.2069815090e-02	-6.7357209960e-02	5.7515896475e-01	-6.4251617471e-01
0.4986            	6.0895991990e-01	9.2636856757e-02	-6.5281580477e-02	5.7631912966e-01	-6.4160071014e-01
0.4988            	6.0889495000e-01	9.2406071603e-02	-6.5538870155e-02	5.7612551492e-01	-6.4166438508e-01
0.499             	6.0892119125e-01	9.2264747865e-02	-6.6609084208e-02	5.7561664915e-01	-6.4222573336e-01
0.4992            	6.0899433946e-01	9.2875399250e-02	-6.4250364987e-02	5.7686915696e-01	-6.4111952195e-01
0.4994            	6.0883804001e-01	9.1969408469e-02	-6.7525883176e-02	5.7507509842e-01	-6.4260098159e-01
0.4996            	6.0892982793e-01	9.2406715785e-02	-6.6211957817e-02	5.7582384902e-01	-6.4203580684e-01
0.4998            	6.0900650077e-01	9.3129676100e-02	-6.2483669440e-02	5.7776466605e-01	-6.4024833549e-01
0.5               	6.0888999186e-01	9.2120155692e-02	-6.7060884295e-02	5.7535954971e-01	-6.4242043401e-01
0.5002            	6.0900425652e-01	9.2793330667e-02	-6.4658041061e-02	5.7667523599e-01	-6.4133327705e-01
0.5004            	6.0884832794e-01	9.2031657093e-02	-6.7134833843e-02	5.7528091102e-01	-6.4241574486e-01
0.5006            	6.0890108085e-01	9.2243757350e-02	-6.6735341886e-02	5.7553340991e-01	-6.4226875179e-01
0.5008            	6.0903316663e-01	9.3138672426e-02	-6.2905258997e-02	5.7758053713e-01	-6.4048579612e-01
0.501             	6.0889475797e-01	9.2074413884e-02	-6.7054527094e-02	5.7536749442e-01	-6.4242202151e-01
0.5012            	6.0898177141e-01	9.2508107421e-02	-6.5759061501e-02	5.7610224066e-01	-6.4186130216e-01
0.5014            	6.0893285215e-01	9.2650657834e-02	-6.4613574988e-02	5.7662606465e-01	-6.4123963964e-01
0.5016            	6.0888227722e-01	9.2100146713e-02	-6.7127067009e-02	5.7531874371e-01	-6.4244581072e-01
0.5018            	6.0899856738e-01	9.2752948530e-02	-6.4725964859e-02	5.7663558495e-01	-6.4136154981e-01
0.502             	6.0890628224e-01	9.2223733719e-02	-6.6211294247e-02	5.7580063512e-01	-6.4201192937e-01
0.5022            	6.0894206083e-01	9.2320142169e-02	-6.6487677289e-02	5.7569822218e-01	-6.4218589947e-01
0.5024            	6.0901895831e-01	9.2902369542e-02	-6.3852889944e-02	5.7709251334e-01	-6.4094540328e-01
0.5026            	6.0884945884e-01	9.1997988038e-02	-6.7508060979e-02	5.7509542835e-01	-6.4260348933e-01
0.5028            	6.0897843189e-01	9.2456829468e-02	-6.5869766766e-02	5.7604354850e-01	-6.4191331527e-01
0.503             	6.0900567228e-01	9.2992249996e-02	-6.3000376196e-02	5.7750548418e-01	-6.4050586038e-01
0.5032            	6.0892264213e-01	9.2151240360e-02	-6.6917452580e-02	5.7546391584e-01	-6.4238136842e-01
0.5034            	6.0901120908e-01	9.2822955201e-02	-6.4599901252e-02	5.7671125846e-01	-6.4131115971e-01
0.5036            	6.0885808302e-01	9.1987790892e-02	-6.7280817800e-02	5.7521767412e-01	-6.4249849192e-01
0.5038            	6.0892245181e-01	9.2288316854e-02	-6.6592200732e-02	5.7562635145e-01	-6.4221855218e-01
0.504             	6.0907171306e-01	9.3199829975e-02	-6.2363658255e-02	5.7788988393e-01	-6.4025354218e-01
0.5042            	6.0891527658e-01	9.2080096725e-02	-6.7028998972e-02	5.7540077710e-01	-6.4242977607e-01
0.5044            	6.0900179226e-01	9.2575017554e-02	-6.5506576058e-02	5.7624850423e-01	-6.4175508029e-01
0.5046            	6.0890319159e-01	9.2408497199e-02	-6.5599892961e-02	5.7610324511e-01	-6.4170313807e-01
0.5048            	6.0889598832e-01	9.2146883517e-02	-6.6993977075e-02	5.7539899978e-01	-6.4239297686e-01
0.505             	6.0902179543e-01	9.2855325033e-02	-6.4238440011e-02	5.7690257543e-01	-6.4114101544e-01
0.5052            	6.0892385114e-01	9.2130729418e-02	-6.6527945005e-02	5.7565987864e-01	-6.4218782364e-01
0.5054            	6.0897329426e-01	9.2372724287e-02	-6.6246751289e-02	5.7584991861e-01	-6.4209666990e-01
0.5056            	6.0901518768e-01	9.2910996867e-02	-6.3718816365e-02	5.7715577950e-01	-6.4087459586e-01
0.5058            	6.0887283058e-01	9.2026220762e-02	-6.7374774943e-02	5.7518544310e-01	-6.4256021805e-01
0.506             	6.0897934081e-01	9.2516700486e-02	-6.5690817234e-02	5.7613393219e-01	-6.4182474942e-01
0.5062            	6.0899249868e-01	9.2743749346e-02	-6.3919937412e-02	5.7703252997e-01	-6.4095246738e-01
0.5064            	6.0894417702e-01	9.2198808845e-02	-6.6743001765e-02	5.7557267613e-01	-6.4231567790e-01
0.5066            	6.0903089755e-01	9.2845719936e-02	-6.4396709732e-02	5.7683254269e-01	-6.4122925242e-01
0.5068            	6.0885816923e-01	9.1968877820e-02	-6.7471994324e-02	5.7512217207e-01	-6.4259416639e-01
0.507             	6.0895462656e-01	9.2332170613e-02	-6.6333761863e-02	5.7578774563e-01	-6.4212150749e-01
0.5072            	6.0906704342e-01	9.3239983667e-02	-6.2214860225e-02	5.7795961331e-01	-6.4017447354e-01
0.5074            	6.0893992470e-01	9.2079609446e-02	-6.6962510016e-02	5.7545866969e-01	-6.4242117971e-01
0.5076            	6.0902141387e-01	9.2669230191e-02	-6.5083381670e-02	5.7647972303e-01	-6.4156310470e-01
0.5078            	6.0889663149e-01	9.2195798622e-02	-6.6418522341e-02	5.7568737032e-01	-6.4210589266e-01
0.508             	6.0890183065e-01	9.2185017714e-02	-6.6947666941e-02	5.7542799718e-01	-6.4237566412e-01
0.5082            	6.0905357916e-01	9.2977119178e-02	-6.3552602657e-02	5.7727727784e-01	-6.4082988049e-01
0.5084            	6.0892145817e-01	9.2094717680e-02	-6.6786665926e-02	5.7552812521e-01	-6.4231479114e-01
0.5086            	6.0900977693e-01	9.2410623292e-02	-6.5997880928e-02	5.7601083646e-01	-6.4200871739e-01
0.5088            	6.0900418361e-01	9.2864198138e-02	-6.3697256554e-02	5.7715555533e-01	-6.4085281188e-01
0.509             	6.0889091449e-01	9.2050189393e-02	-6.7287165235e-02	5.7524733187e-01	-6.4253449710e-01
0.5092            	6.0899049743e-01	9.2603782901e-02	-6.5380600591e-02	5.7630019713e-01	-6.4168079772e-01
0.5094            	6.0896289176e-01	9.2492953384e-02	-6.4941034308e-02	5.7649237461e-01	-6.4143340892e-01
0.5096            	6.0895825969e-01	9.2240208600e-02	-6.6636093487e-02	5.7564021295e-01	-6.4227630644e-01
0.5098            	6.0905313264e-01	9.2858258891e-02	-6.4158577674e-02	5.7697384380e-01	-6.4113242148e-01
0.51              	6.0887046529e-01	9.1969214048e-02	-6.7462552386e-02	5.7513918910e-01	-6.4260174149e-01
0.5102            	6.0896984951e-01	9.2375906798e-02	-6.6218321193e-02	5.7586068892e-01	-6.4207901011e-01
0.5104            	6.0905500754e-01	9.3188539854e-02	-6.2249306884e-02	5.7793035409e-01	-6.4017966098e-01
0.5106            	6.0893529253e-01	9.2106189596e-02	-6.6949409028e-02	5.7546058801e-01	-6.4240999704e-01
0.5108            	6.0903949885e-01	9.2747299611e-02	-6.4723723686e-02	5.7667763701e-01	-6.4140136069e-01
0.511             	6.0889058154e-01	9.2071921620e-02	-6.6867701161e-02	5.7545673096e-01	-6.4232443212e-01
0.5112            	6.0892862761e-01	9.2227750459e-02	-6.6732753235e-02	5.7556225099e-01	-6.4229500423e-01
0.5114            	6.0906661784e-01	9.3086581359e-02	-6.3099773241e-02	5.7751673122e-01	-6.4061650446e-01
0.5116            	6.0893561746e-01	9.2078770751e-02	-6.6839917776e-02	5.7551565858e-01	-6.4235557635e-01
0.5118            	6.0900583626e-01	9.2474981462e-02	-6.5850392277e-02	5.7608064012e-01	-6.4193103239e-01
0.512             	6.0900000894e-01	9.2745818254e-02	-6.4059096292e-02	5.7697046079e-01	-6.4102955708e-01
0.5122            	6.0889952645e-01	9.2088097803e-02	-6.7151628583e-02	5.7532371216e-01	-6.4247534074e-01
0.5124            	6.0901917541e-01	9.2699629436e-02	-6.4905684501e-02	5.7656633316e-01	-6.4147201766e-01
0.5126            	6.0893831991e-01	9.2301047808e-02	-6.5850842014e-02	5.7601289890e-01	-6.4186374092e-01
0.5128            	6.0898214465e-01	9.2288176885e-02	-6.6390336792e-02	5.7578697625e-01	-6.4217731304e-01
0.513             	6.0903783221e-01	9.2877697597e-02	-6.4026653877e-02	5.7702450527e-01	-6.4105115915e-01
0.5132            	6.0889464433e-01	9.1975848329e-02	-6.7370048238e-02	5.7520962021e-01	-6.4257966845e-01
0.5134            	6.0898330555e-01	9.2433659001e-02	-6.5986388599e-02	5.7599011125e-01	-6.4197649985e-01
0.5136            	6.0905352855e-01	9.3096383247e-02	-6.2535924620e-02	5.7778556624e-01	-6.4032149086e-01
0.5138            	6.0893272437e-01	9.2134898561e-02	-6.6958585652e-02	5.7545343154e-01	-6.4241201719e-01
0.514             	6.0905550971e-01	9.2806208046e-02	-6.4492690834e-02	5.7680916429e-01	-6.4130185513e-01
0.5142            	6.0887961931e-01	9.2007729675e-02	-6.7175008985e-02	5.7529211481e-01	-6.4246712380e-01
0.5144            	6.0895942746e-01	9.2251166505e-02	-6.6528478893e-02	5.7569518801e-01	-6.4222366690e-01
0.5146            	6.0907753618e-01	9.3173944512e-02	-6.2579505829e-02	5.7778778326e-01	-6.4036728909e-01
0.5148            	6.0893847443e-01	9.2072759953e-02	-6.6951293044e-02	5.7546282791e-01	-6.4241412095e-01
0.515             	6.0901224117e-01	9.2543881298e-02	-6.5617333925e-02	5.7620357421e-01	-6.4182090813e-01
0.5152            	6.0896120291e-01	9.2557282312e-02	-6.4851933236e-02	5.7653523629e-01	-6.4138716953e-01
0.5154            	6.0890822795e-01	9.2120789496e-02	-6.7057914301e-02	5.7537927080e-01	-6.4243718510e-01
0.5156            	6.0904405377e-01	9.2782110054e-02	-6.4443221721e-02	5.7682244291e-01	-6.4126566463e-01
0.5158            	6.0893765642e-01	9.2183336644e-02	-6.6281938755e-02	5.7579668704e-01	-6.4207862580e-01
0.516             	6.0899152815e-01	9.2337911993e-02	-6.6285046434e-02	5.7584900493e-01	-6.4213405136e-01
0.5162            	6.0904076741e-01	9.2912628162e-02	-6.3722909855e-02	5.7717931248e-01	-6.4090222234e-01
0.5164            	6.0888933310e-01	9.2009439099e-02	-6.7346986452e-02	5.7521583988e-01	-6.4256282633e-01
0.5166            	6.0900252049e-01	9.2479556985e-02	-6.5751076347e-02	5.7612698231e-01	-6.4187805866e-01
0.5168            	6.0902795439e-01	9.2912099513e-02	-6.3212219086e-02	5.7742184484e-01	-6.4063406393e-01
0.517             	6.0895009628e-01	9.2171231386e-02	-6.6799495622e-02	5.7555034847e-01	-6.4234984409e-01
0.5172            	6.0904985182e-01	9.2828481065e-02	-6.4446260580e-02	5.7682672153e-01	-6.4127298211e-01
0.5174            	6.0888768282e-01	9.1979497106e-02	-6.7233064061e-02	5.7527115079e-01	-6.4250421485e-01
0.5176            	6.0895690209e-01	9.2307192757e-02	-6.6425407309e-02	5.7574419843e-01	-6.4216960574e-01
0.5178            	6.0910038115e-01	9.3215190565e-02	-6.2188070449e-02	5.7800634593e-01	-6.4019441638e-01
0.518             	6.0893962784e-01	9.2083050001e-02	-6.6951520121e-02	5.7546386778e-01	-6.4241538790e-01
0.5182            	6.0902983850e-01	9.2605468853e-02	-6.5305328543e-02	5.7637717423e-01	-6.4168250277e-01
0.5184            	6.0891982060e-01	9.2343591733e-02	-6.5818320600e-02	5.7601066030e-01	-6.4182898090e-01
0.5186            	6.0892679250e-01	9.2156356574e-02	-6.6854442868e-02	5.7549957107e-01	-6.4235401394e-01
0.5188            	6.0904842983e-01	9.2890392417e-02	-6.3998539454e-02	5.7704916010e-01	-6.4104769956e-01
0.519             	6.0895301527e-01	9.2113501642e-02	-6.6484149383e-02	5.7571094058e-01	-6.4219508996e-01
0.5192            	6.0900179315e-01	9.2382784890e-02	-6.6123659625e-02	5.7593996334e-01	-6.4206362296e-01
0.5194            	6.0904013036e-01	9.2912675581e-02	-6.3596082178e-02	5.7724208928e-01	-6.4083817145e-01
0.5196            	6.0888561794e-01	9.2037697127e-02	-6.7340138663e-02	5.7521554861e-01	-6.4255568728e-01
0.5198            	6.0900881411e-01	9.2536339687e-02	-6.5498296832e-02	5.7625966570e-01	-6.4175796253e-01
0.52              	6.0899130943e-01	9.2682507814e-02	-6.4145974157e-02	5.7691832235e-01	-6.4106429651e-01
0.5202            	6.0897836215e-01	9.2203804303e-02	-6.6592303410e-02	5.7568221044e-01	-6.4227451386e-01
0.5204            	6.0905021937e-01	9.2838737163e-02	-6.4306167417e-02	5.7689713566e-01	-6.4120330307e-01
0.5206            	6.0888574239e-01	9.1965545725e-02	-6.7376077072e-02	5.7519770385e-01	-6.4257378092e-01
0.5208            	6.0896548179e-01	9.2346466303e-02	-6.6296665344e-02	5.7581714911e-01	-6.4211381446e-01
0.521             	6.0908888242e-01	9.3239101652e-02	-6.2089368271e-02	5.7804419828e-01	-6.4013356655e-01
0.5212            	6.0894420883e-01	9.2087538282e-02	-6.6960440992e-02	5.7546398833e-01	-6.4242442933e-01
0.5214            	6.0904351494e-01	9.2681493002e-02	-6.4934613949e-02	5.7657620796e-01	-6.4151082191e-01
0.5216            	6.0890620957e-01	9.2175389680e-02	-6.6454828471e-02	5.7567879533e-01	-6.4213362380e-01
0.5218            	6.0893066833e-01	9.2188179055e-02	-6.6824664166e-02	5.7551833625e-01	-6.4234300042e-01
0.522             	6.0907123557e-01	9.2995221381e-02	-6.3409308177e-02	5.7736658148e-01	-6.4077588966e-01
0.5222            	6.0894107925e-01	9.2094671459e-02	-6.6709436124e-02	5.7558636119e-01	-6.4229579732e-01
0.5224            	6.0902154395e-01	9.2417512348e-02	-6.5935990989e-02	5.7605354846e-01	-6.4198953945e-01
0.5226            	6.0901766087e-01	9.2854724771e-02	-6.3645301582e-02	5.7719501008e-01	-6.4084031166e-01
0.5228            	6.0890044439e-01	9.2060688065e-02	-6.7217971220e-02	5.7529145878e-01	-6.4250943000e-01
0.523             	6.0901298680e-01	9.2611939161e-02	-6.5263660313e-02	5.7638115664e-01	-6.4164481695e-01
0.5232            	6.0898028045e-01	9.2472449281e-02	-6.4952325587e-02	5.7650411765e-01	-6.4145644324e-01
0.5234            	6.0897343373e-01	9.2249405807e-02	-6.6541877293e-02	5.7570249508e-01	-6.4224437238e-01
0.5236            	6.0907290611e-01	9.2862248565e-02	-6.4056178872e-02	5.7704481667e-01	-6.4110099554e-01
0.5238            	6.0888720143e-01	9.1971933303e-02	-6.7388064733e-02	5.7519316906e-01	-6.4258123380e-01
0.524             	6.0898725973e-01	9.2382514751e-02	-6.6122008849e-02	5.7592625531e-01	-6.4204826416e-01
0.5242            	6.0906283217e-01	9.3182172803e-02	-6.2239135679e-02	5.7794326433e-01	-6.4018240001e-01
0.5244            	6.0895563158e-01	9.2108415213e-02	-6.6850673014e-02	5.7553029507e-01	-6.4238096809e-01
0.5246            	6.0905032995e-01	9.2754511912e-02	-6.4665258048e-02	5.7671770093e-01	-6.4138295898e-01
0.5248            	6.0891605204e-01	9.2062998096e-02	-6.6769596804e-02	5.7553125364e-01	-6.4230085044e-01
0.525             	6.0894731980e-01	9.2230092953e-02	-6.6642313909e-02	5.7562616284e-01	-6.4226847675e-01
0.5252            	6.0908704803e-01	9.3089894347e-02	-6.2994935862e-02	5.7758958010e-01	-6.4058451596e-01
0.5254            	6.0893832540e-01	9.2084831271e-02	-6.6852699041e-02	5.7551197588e-01	-6.4236467493e-01
0.5256            	6.0902520793e-01	9.2477482625e-02	-6.5745560841e-02	5.7615242751e-01	-6.4189798835e-01
0.5258            	6.0899942141e-01	9.2751187974e-02	-6.4076169377e-02	5.7696133672e-01	-6.4103750610e-01
0.526             	6.0892122255e-01	9.2085421802e-02	-6.7061407605e-02	5.7539051875e-01	-6.4245192636e-01
0.5262            	6.0903659838e-01	9.2700413065e-02	-6.4829654504e-02	5.7662177113e-01	-6.4145142563e-01
0.5264            	6.0896140956e-01	9.2299733263e-02	-6.5753492619e-02	5.7608466325e-01	-6.4183815587e-01
0.5266            	6.0898739636e-01	9.2290847054e-02	-6.6385592296e-02	5.7579460021e-01	-6.4218019250e-01
0.5268            	6.0905585832e-01	9.2878614756e-02	-6.3936264981e-02	5.7708772583e-01	-6.4102399081e-01
0.527             	6.0889930675e-01	9.1979688781e-02	-6.7361683873e-02	5.7521846482e-01	-6.4258014869e-01
0.5272            	6.0900108201e-01	9.2431880878e-02	-6.5918980353e-02	5.7604159184e-01	-6.4196057219e-01
0.5274            	6.0906294110e-01	9.3105008892e-02	-6.2466889175e-02	5.7782949651e-01	-6.4029638569e-01
0.5276            	6.0895015636e-01	9.2130055523e-02	-6.6893848162e-02	5.7550323228e-01	-6.4239708045e-01
0.5278            	6.0907081807e-01	9.2803189892e-02	-6.4441035161e-02	5.7685030049e-01	-6.4129133565e-01
0.528             	6.0889536193e-01	9.2014196544e-02	-6.7082561765e-02	5.7535408105e-01	-6.4243664282e-01
0.5282            	6.0897052762e-01	9.2249489753e-02	-6.6486904130e-02	5.7572707556e-01	-6.4221397969e-01
0.5284            	6.0909143564e-01	9.3167017948e-02	-6.2557100919e-02	5.7781288518e-01	-6.4036998609e-01
0.5286            	6.0895147416e-01	9.2076485882e-02	-6.6885925698e-02	5.7550851131e-01	-6.4239443701e-01
0.5288            	6.0902425086e-01	9.2535702146e-02	-6.5608321023e-02	5.7622009035e-01	-6.4182841137e-01
0.529             	6.0898183807e-01	9.2577572875e-02	-6.4688428927e-02	5.7663762360e-01	-6.4132605253e-01
0.5292            	6.0891975571e-01	9.2120730437e-02	-6.7007314539e-02	5.7541609844e-01	-6.4242341298e-01
0.5294            	6.0906587375e-01	9.2771400773e-02	-6.4391645017e-02	5.7687005125e-01	-6.4126169626e-01
0.5296            	6.0895407297e-01	9.2195104782e-02	-6.6172958072e-02	5.7586759394e-01	-6.4204055201e-01
0.5298            	6.0900576396e-01	9.2330912480e-02	-6.6239650336e-02	5.7588593879e-01	-6.4212558912e-01
0.53              	6.0904646026e-01	9.2913582122e-02	-6.3755521421e-02	5.7716869955e-01	-6.4092422097e-01
0.5302            	6.0890566519e-01	9.2006077985e-02	-6.7277193598e-02	5.7526706839e-01	-6.4254426199e-01
0.5304            	6.0900653938e-01	9.2477401133e-02	-6.5772373646e-02	5.7612035255e-01	-6.4189272620e-01
0.5306            	6.0905618872e-01	9.2937130011e-02	-6.2993436857e-02	5.7755947029e-01	-6.4055290715e-01
0.5308            	6.0896552783e-01	9.2165108938e-02	-6.6748608283e-02	5.7559122369e-01	-6.4233983197e-01
0.531             	6.0906803494e-01	9.2820338449e-02	-6.4394282936e-02	5.7687089348e-01	-6.4126517641e-01
0.5312            	6.0889248743e-01	9.1987110183e-02	-6.7231868546e-02	5.7527655316e-01	-6.4250842170e-01
0.5314            	6.0897251412e-01	9.2302325904e-02	-6.6358471030e-02	5.7579327860e-01	-6.4215174963e-01
0.5316            	6.0909857156e-01	9.3211000082e-02	-6.2261451659e-02	5.7796784573e-01	-6.4022929739e-01
0.5318            	6.0895815445e-01	9.2080335612e-02	-6.6883915972e-02	5.7551619646e-01	-6.4240011243e-01
0.532             	6.0903676857e-01	9.2592818838e-02	-6.5329917296e-02	5.7637180993e-01	-6.4170172722e-01
0.5322            	6.0894337988e-01	9.2375344903e-02	-6.5595031596e-02	5.7614586408e-01	-6.4174089568e-01
0.5324            	6.0893696237e-01	9.2150405733e-02	-6.6846234652e-02	5.7551384504e-01	-6.4236007969e-01
0.5326            	6.0905951883e-01	9.2871535366e-02	-6.4032591305e-02	5.7704322318e-01	-6.4107581448e-01
0.5328            	6.0896499560e-01	9.2124380248e-02	-6.6407455678e-02	5.7576126776e-01	-6.4216872344e-01
0.533             	6.0901405872e-01	9.2375264700e-02	-6.6098617504e-02	5.7596474997e-01	-6.4206336747e-01
0.5332            	6.0904970604e-01	9.2915429474e-02	-6.3582976546e-02	5.7725821777e-01	-6.4084119431e-01
0.5334            	6.0890014708e-01	9.2028558210e-02	-6.7315903088e-02	5.7524219554e-01	-6.4255809863e-01
0.5336            	6.0902137584e-01	9.2518774029e-02	-6.5515496346e-02	5.7626362767e-01	-6.4177912402e-01
0.5338            	6.0901395412e-01	9.2745169022e-02	-6.3866818491e-02	5.7708054488e-01	-6.4094736337e-01
0.534             	6.0898933405e-01	9.2193977388e-02	-6.6573234487e-02	5.7570271681e-01	-6.4227595130e-01
0.5342            	6.0906575504e-01	9.2844086729e-02	-6.4266746302e-02	5.7693238188e-01	-6.4119912819e-01
0.5344            	6.0890033813e-01	9.1967429494e-02	-6.7309465391e-02	5.7524560543e-01	-6.4255507082e-01
0.5346            	6.0896903093e-01	9.2336810096e-02	-6.6337322862e-02	5.7580036950e-01	-6.4213769236e-01
0.5348            	6.0910578638e-01	9.3238739268e-02	-6.2046720657e-02	5.7808242605e-01	-6.4012914671e-01
0.535             	6.0895315340e-01	9.2089220965e-02	-6.6937009617e-02	5.7548464859e-01	-6.4242165821e-01
0.5352            	6.0906765250e-01	9.2658392559e-02	-6.4926468061e-02	5.7660441847e-01	-6.4153088653e-01
0.5354            	6.0892701816e-01	9.2210845998e-02	-6.6258289044e-02	5.7579787364e-01	-6.4205616268e-01
0.5356            	6.0894299355e-01	9.2176996668e-02	-6.6803919462e-02	5.7554103382e-01	-6.4234495328e-01
0.5358            	6.0906794922e-01	9.2972966451e-02	-6.3582408416e-02	5.7727674501e-01	-6.4085915343e-01
0.536             	6.0895464261e-01	9.2100848413e-02	-6.6606505227e-02	5.7565138999e-01	-6.4225789522e-01
0.5362            	6.0901963375e-01	9.2415535506e-02	-6.5995311721e-02	5.7602197789e-01	-6.4201728961e-01
0.5364            	6.0904365167e-01	9.2869761586e-02	-6.3546352090e-02	5.7727047562e-01	-6.4081682771e-01
0.5366            	6.0891276978e-01	9.2052904784e-02	-6.7197449782e-02	5.7531404488e-01	-6.4251149467e-01
0.5368            	6.0902664169e-01	9.2584211579e-02	-6.5308968547e-02	5.7637215742e-01	-6.4168112597e-01
0.537             	6.0899080038e-01	9.2529513680e-02	-6.4719419786e-02	5.7663109048e-01	-6.4135051027e-01
0.5372            	6.0898468034e-01	9.2239841760e-02	-6.6507469624e-02	5.7573094553e-01	-6.4223841515e-01
0.5374            	6.0907149462e-01	9.2851923897e-02	-6.4134230335e-02	5.7700437946e-01	-6.4113860979e-01
0.5376            	6.0889672411e-01	9.1969319999e-02	-6.7348952585e-02	5.7522224782e-01	-6.4257120040e-01
0.5378            	6.0898797425e-01	9.2372770575e-02	-6.6161837861e-02	5.7590705532e-01	-6.4206889318e-01
0.538             	6.0908347281e-01	9.3201770916e-02	-6.2162264481e-02	5.7800234057e-01	-6.4016460505e-01
0.5382            	6.0896387308e-01	9.2100798064e-02	-6.6840843755e-02	5.7554345120e-01	-6.4238429496e-01
0.5384            	6.0905760044e-01	9.2737785043e-02	-6.4694590333e-02	5.7671030527e-01	-6.4140489561e-01
0.5386            	6.0892733250e-01	9.2089125462e-02	-6.6645067402e-02	5.7560479879e-01	-6.4224986620e-01
0.5388            	6.0895185007e-01	9.2217130864e-02	-6.6665283006e-02	5.7561920856e-01	-6.4228449157e-01
0.539             	6.0908927938e-01	9.3060120736e-02	-6.3116713261e-02	5.7753092275e-01	-6.4064763601e-01
0.5392            	6.0894607162e-01	9.2085272376e-02	-6.6821532168e-02	5.7553530553e-01	-6.4235683770e-01
0.5394            	6.0903430308e-01	9.2458876044e-02	-6.5768891007e-02	5.7614985758e-01	-6.4191874859e-01
0.5396            	6.0901296434e-01	9.2796158784e-02	-6.3875106816e-02	5.7707541093e-01	-6.4095051774e-01
0.5398            	6.0893508969e-01	9.2071867301e-02	-6.7039120074e-02	5.7541552965e-01	-6.4245464972e-01
0.54              	6.0904069469e-01	9.2668886723e-02	-6.4934536378e-02	5.7657342650e-01	-6.4150796288e-01
0.5402            	6.0897569960e-01	9.2348257691e-02	-6.5510819016e-02	5.7622029009e-01	-6.4173110911e-01
0.5404            	6.0898260501e-01	9.2278899019e-02	-6.6463854294e-02	5.7575067786e-01	-6.4221453215e-01
0.5406            	6.0906872181e-01	9.2876353920e-02	-6.3951071508e-02	5.7709318605e-01	-6.4104425756e-01
0.5408            	6.0889747762e-01	9.1977417818e-02	-6.7392082549e-02	5.7520143634e-01	-6.4259351889e-01
0.541             	6.0901446672e-01	9.2410048789e-02	-6.5925694341e-02	5.7605161955e-01	-6.4197731389e-01
0.5412            	6.0907242973e-01	9.3122484306e-02	-6.2325655583e-02	5.7790960194e-01	-6.4023525752e-01
0.5414            	6.0896317411e-01	9.2117519559e-02	-6.6870413564e-02	5.7552796732e-01	-6.4239838089e-01
0.5416            	6.0906515256e-01	9.2798627207e-02	-6.4507033493e-02	5.7681163581e-01	-6.4131866931e-01
0.5418            	6.0890891913e-01	9.2031322240e-02	-6.6951870228e-02	5.7543298402e-01	-6.4238485424e-01
0.542             	6.0896243861e-01	9.2243498094e-02	-6.6574035645e-02	5.7567542078e-01	-6.4224945643e-01
0.5422            	6.0910001068e-01	9.3139100503e-02	-6.2661449416e-02	5.7776928597e-01	-6.4043073539e-01
0.5424            	6.0895201181e-01	9.2078943589e-02	-6.6864984931e-02	5.7551951934e-01	-6.4238450427e-01
0.5426            	6.0903195514e-01	9.2509315999e-02	-6.5663111500e-02	5.7620039939e-01	-6.4186351089e-01
0.5428            	6.0899733976e-01	9.2641302905e-02	-6.4422567917e-02	5.7678605580e-01	-6.4120862372e-01
0.543             	6.0892435764e-01	9.2111498019e-02	-6.7006469441e-02	5.7542112292e-01	-6.4242759236e-01
0.5432            	6.0906680057e-01	9.2746466965e-02	-6.4510264403e-02	5.7681166836e-01	-6.4132193277e-01
0.5434            	6.0896546416e-01	9.2226611208e-02	-6.6014576574e-02	5.7595817587e-01	-6.4197275244e-01
0.5436            	6.0900153038e-01	9.2317610714e-02	-6.6296241502e-02	5.7585340963e-01	-6.4214965113e-01
0.5438            	6.0905507275e-01	9.2900039060e-02	-6.3827906264e-02	5.7714111962e-01	-6.4096902589e-01
0.544             	6.0891190705e-01	9.1997114154e-02	-6.7268088044e-02	5.7527786303e-01	-6.4254595107e-01
0.5442            	6.0900694414e-01	9.2461708725e-02	-6.5824165808e-02	5.7609486124e-01	-6.4191902705e-01
0.5444            	6.0907253118e-01	9.3002954294e-02	-6.2714572520e-02	5.7771524492e-01	-6.4042981744e-01
0.5446            	6.0896775588e-01	9.2152228838e-02	-6.6770603062e-02	5.7558245435e-01	-6.4235305741e-01
0.5448            	6.0907442750e-01	9.2814085407e-02	-6.4417132551e-02	5.7686586122e-01	-6.4128299377e-01
0.545             	6.0889199892e-01	9.1995616931e-02	-6.7214460375e-02	5.7528476873e-01	-6.4249922911e-01
0.5452            	6.0897630554e-01	9.2283839858e-02	-6.6385125836e-02	5.7578374262e-01	-6.4216886846e-01
0.5454            	6.0909971116e-01	9.3202435763e-02	-6.2359998943e-02	5.7791971169e-01	-6.4027971063e-01
0.5456            	6.0897240046e-01	9.2072748691e-02	-6.6819070910e-02	5.7556286501e-01	-6.4238193592e-01
0.5458            	6.0904096868e-01	9.2568199446e-02	-6.5403971502e-02	5.7633898293e-01	-6.4174295444e-01
0.546             	6.0896510118e-01	9.2449476398e-02	-6.5247848798e-02	5.7634117678e-01	-6.4158902558e-01
0.5462            	6.0892473082e-01	9.2143388275e-02	-6.6947850440e-02	5.7545080560e-01	-6.4239865604e-01
0.5464            	6.0906238263e-01	9.2832150927e-02	-6.4171733010e-02	5.7697651613e-01	-6.4114824914e-01
0.5466            	6.0895646138e-01	9.2149286599e-02	-6.6374812994e-02	5.7576905488e-01	-6.4214386788e-01
0.5468            	6.0902144471e-01	9.2360250091e-02	-6.6098441918e-02	5.7597222375e-01	-6.4207066567e-01
0.547             	6.0905668801e-01	9.2915370161e-02	-6.3598626609e-02	5.7725737471e-01	-6.4085600132e-01
0.5472            	6.0890935466e-01	9.2014731821e-02	-6.7305704665e-02	5.7525650233e-01	-6.4256220699e-01
0.5474            	6.0901501170e-01	9.2501576603e-02	-6.5630849179e-02	5.7619958711e-01	-6.4183043629e-01
0.5476            	6.0902765714e-01	9.2818343329e-02	-6.3506884916e-02	5.7727421468e-01	-6.4078109960e-01
0.5478            	6.0898429137e-01	9.2181699617e-02	-6.6643343840e-02	5.7566261945e-01	-6.4230596329e-01
0.548             	6.0907514659e-01	9.2838061138e-02	-6.4282812728e-02	5.7693374023e-01	-6.4121655296e-01
0.5482            	6.0889679507e-01	9.1975209810e-02	-6.7290702385e-02	5.7525144388e-01	-6.4254214627e-01
0.5484            	6.0897342898e-01	9.2317797249e-02	-6.6369294554e-02	5.7578878170e-01	-6.4215807625e-01
0.5486            	6.0911178857e-01	9.3233502800e-02	-6.2068917220e-02	5.7807732996e-01	-6.4014624718e-01
0.5488            	6.0895452601e-01	9.2087906997e-02	-6.6914517876e-02	5.7549726707e-01	-6.4241178495e-01
0.549             	6.0906748884e-01	9.2631776305e-02	-6.5033735056e-02	5.7655062131e-01	-6.4158435637e-01
0.5492            	6.0893885112e-01	9.2272009789e-02	-6.6001211604e-02	5.7593824532e-01	-6.4193945693e-01
0.5494            	6.0894143047e-01	9.2166519791e-02	-6.6831803845e-02	5.7552552855e-01	-6.4235733239e-01
0.5496            	6.0906443456e-01	9.2932934286e-02	-6.3786262340e-02	5.7717130339e-01	-6.4095756573e-01
0.5498            	6.0896487863e-01	9.2109259109e-02	-6.6505478824e-02	5.7571213922e-01	-6.4221761805e-01
0.55              	6.0901855575e-01	9.2403971018e-02	-6.6025824246e-02	5.7600564362e-01	-6.4203146787e-01
0.5502            	6.0905913136e-01	9.2892060370e-02	-6.3475907681e-02	5.7732117752e-01	-6.4079708520e-01
0.5504            	6.0890845832e-01	9.2042436795e-02	-6.7217604460e-02	5.7529965609e-01	-6.4251726055e-01
0.5506            	6.0901838891e-01	9.2555895526e-02	-6.5412594168e-02	5.7631209182e-01	-6.4172468599e-01
0.5508            	6.0898664200e-01	9.2617375938e-02	-6.4435710863e-02	5.7676878657e-01	-6.4120449743e-01
0.551             	6.0898480039e-01	9.2226801587e-02	-6.6514970152e-02	5.7572731531e-01	-6.4224228546e-01
0.5512            	6.0906281890e-01	9.2843868288e-02	-6.4244957260e-02	5.7694034027e-01	-6.4118529753e-01
0.5514            	6.0891321271e-01	9.1962302367e-02	-6.7284611540e-02	5.7527090694e-01	-6.4255551848e-01
0.5516            	6.0899163882e-01	9.2353901700e-02	-6.6195933524e-02	5.7589367206e-01	-6.4208960559e-01
0.5518            	6.0910278535e-01	9.3217301798e-02	-6.2102853846e-02	5.7805135843e-01	-6.4015421228e-01
0.552             	6.0895815139e-01	9.2097161277e-02	-6.6909947154e-02	5.7550317781e-01	-6.4241312497e-01
0.5522            	6.0906384370e-01	9.2707751300e-02	-6.4775602785e-02	5.7667604231e-01	-6.4145164509e-01
0.5524            	6.0892659554e-01	9.2131831178e-02	-6.6546807916e-02	5.7565319159e-01	-6.4219999950e-01
0.5526            	6.0895602152e-01	9.2199719432e-02	-6.6693952036e-02	5.7560904550e-01	-6.4230299753e-01
0.5528            	6.0908439901e-01	9.3025325192e-02	-6.3288717374e-02	5.7744004033e-01	-6.4072875770e-01
0.553             	6.0895337301e-01	9.2084664746e-02	-6.6755728454e-02	5.7557550878e-01	-6.4233123724e-01
0.5532            	6.0903188989e-01	9.2437704623e-02	-6.5844857061e-02	5.7610946136e-01	-6.4195431842e-01
0.5534            	6.0902493244e-01	9.2833747464e-02	-6.3685896006e-02	5.7718198443e-01	-6.4086788044e-01
0.5536            	6.0893229102e-01	9.2060892573e-02	-6.7080181317e-02	5.7539220036e-01	-6.4247238168e-01
0.5538            	6.0903714309e-01	9.2634108034e-02	-6.5072018937e-02	5.7650113362e-01	-6.4157315256e-01
0.554             	6.0898271643e-01	9.2417516951e-02	-6.5219156228e-02	5.7637313832e-01	-6.4159229455e-01
0.5542            	6.0898297948e-01	9.2260365961e-02	-6.6508733936e-02	5.7572861251e-01	-6.4223734645e-01
0.5544            	6.0907619983e-01	9.2873775465e-02	-6.3985408154e-02	5.7708349576e-01	-6.4106890391e-01
0.5546            	6.0889774917e-01	9.1975390535e-02	-6.7375487208e-02	5.7521000556e-01	-6.4258549277e-01
0.5548            	6.0901573157e-01	9.2389528608e-02	-6.5973118701e-02	5.7602917222e-01	-6.4200229092e-01
0.555             	6.0907779347e-01	9.3150412358e-02	-6.2211914017e-02	5.7797183647e-01	-6.4018375048e-01
0.5552            	6.0896470255e-01	9.2108539878e-02	-6.6869845692e-02	5.7552977971e-01	-6.4239962540e-01
0.5554            	6.0905766485e-01	9.2776373263e-02	-6.4606204450e-02	5.7675456262e-01	-6.4136076707e-01
0.5556            	6.0891762710e-01	9.2054507160e-02	-6.6818746389e-02	5.7550825390e-01	-6.4232700029e-01
0.5558            	6.0895587143e-01	9.2240056006e-02	-6.6606127525e-02	5.7565280767e-01	-6.4225893519e-01
0.556             	6.0911155007e-01	9.3106594874e-02	-6.2780042752e-02	5.7772152869e-01	-6.4050157145e-01
0.5562            	6.0895845808e-01	9.2078422130e-02	-6.6811744638e-02	5.7555258576e-01	-6.4236433040e-01
0.5564            	6.0903475221e-01	9.2484588490e-02	-6.5724055144e-02	5.7617272464e-01	-6.4189677978e-01
0.5566            	6.0899872165e-01	9.2715330291e-02	-6.4203228527e-02	5.7689710739e-01	-6.4110033592e-01
0.5568            	6.0892721725e-01	9.2099700712e-02	-6.7005516816e-02	5.7542445884e-01	-6.4242997566e-01
0.557             	6.0904831830e-01	9.2716208658e-02	-6.4737636790e-02	5.7667949991e-01	-6.4141713670e-01
0.5572            	6.0897599460e-01	9.2268350656e-02	-6.5804456157e-02	5.7607376652e-01	-6.4187822267e-01
0.5574            	6.0899755699e-01	9.2299225134e-02	-6.6345633059e-02	5.7582474046e-01	-6.4217037352e-01
0.5576            	6.0906122587e-01	9.2877929620e-02	-6.3916029635e-02	5.7710321105e-01	-6.4101924069e-01
0.5578            	6.0890569843e-01	9.1990519941e-02	-6.7316354190e-02	5.7524752134e-01	-6.4256387553e-01
0.558             	6.0900846142e-01	9.2444063920e-02	-6.5860883477e-02	5.7607801968e-01	-6.4193890315e-01
0.5582            	6.0908083964e-01	9.3074534836e-02	-6.2497722912e-02	5.7783197818e-01	-6.4032970109e-01
0.5584            	6.0896867031e-01	9.2137036990e-02	-6.6794726219e-02	5.7557130721e-01	-6.4236603342e-01
0.5586            	6.0907071439e-01	9.2813072578e-02	-6.4475359292e-02	5.7683303474e-01	-6.4130839403e-01
0.5588            	6.0889919777e-01	9.2004547681e-02	-6.7137927202e-02	5.7533023417e-01	-6.4246816137e-01
0.559             	6.0897252601e-01	9.2266221333e-02	-6.6438904922e-02	5.7575307355e-01	-6.4219197847e-01
0.5592            	6.0909984895e-01	9.3182661034e-02	-6.2472211062e-02	5.7786374342e-01	-6.4033595448e-01
0.5594            	6.0897379455e-01	9.2071184334e-02	-6.6799168008e-02	5.7557421054e-01	-6.4237337855e-01
0.5596            	6.0904027388e-01	9.2546549682e-02	-6.5484811879e-02	5.7629786794e-01	-6.4178267982e-01
0.5598            	6.0897898153e-01	9.2535888668e-02	-6.4894708554e-02	5.7653162725e-01	-6.4142633581e-01
0.56              	6.0892171856e-01	9.2129589745e-02	-6.7003725350e-02	5.7541985588e-01	-6.4242358123e-01
0.5602            	6.0906343056e-01	9.2793241373e-02	-6.4316611439e-02	5.7690512484e-01	-6.4122173628e-01
0.5604            	6.0896000679e-01	9.2179009142e-02	-6.6238627501e-02	5.7584069303e-01	-6.4207932054e-01
0.5606            	6.0902753789e-01	9.2337787817e-02	-6.6112269131e-02	5.7597140332e-01	-6.4208367245e-01
0.5608            	6.0906197646e-01	9.2910831019e-02	-6.3651767036e-02	5.7723609294e-01	-6.4088785998e-01
0.561             	6.0890986677e-01	9.2004706941e-02	-6.7307497902e-02	5.7525611782e-01	-6.4256361572e-01
0.5612            	6.0900594764e-01	9.2491014912e-02	-6.5739855524e-02	5.7613601988e-01	-6.4187587540e-01
0.5614            	6.0904999824e-01	9.2910916629e-02	-6.3127308746e-02	5.7748634386e-01	-6.4061365261e-01
0.5616            	6.0897127215e-01	9.2169471900e-02	-6.6738997203e-02	5.7560177355e-01	-6.4234077076e-01
0.5618            	6.0908355960e-01	9.2823525958e-02	-6.4302693013e-02	5.7693221309e-01	-6.4123490610e-01
0.562             	6.0890218623e-01	9.1980356681e-02	-6.7225479186e-02	5.7528944664e-01	-6.4251492583e-01
0.5622            	6.0897900776e-01	9.2301914675e-02	-6.6373818312e-02	5.7579209860e-01	-6.4216591692e-01
0.5624            	6.0909982893e-01	9.3225688633e-02	-6.2201274914e-02	5.7799919147e-01	-6.4020046638e-01
0.5626            	6.0896033472e-01	9.2085765993e-02	-6.6863349776e-02	5.7552865984e-01	-6.4239200961e-01
0.5628            	6.0905315711e-01	9.2600652889e-02	-6.5236415627e-02	5.7643494929e-01	-6.4167136492e-01
0.563             	6.0895085718e-01	9.2345374311e-02	-6.5671094012e-02	5.7611531018e-01	-6.4178640419e-01
0.5632            	6.0893503201e-01	9.2156812131e-02	-6.6878424708e-02	5.7549581965e-01	-6.4237424436e-01
0.5634            	6.0906734642e-01	9.2883373249e-02	-6.3975680227e-02	5.7707950631e-01	-6.4105518654e-01
0.5636            	6.0896397342e-01	9.2124040601e-02	-6.6423808880e-02	5.7575206898e-01	-6.4217587786e-01
0.5638            	6.0901639019e-01	9.2382324568e-02	-6.6081342228e-02	5.7597571908e-01	-6.4205706131e-01
0.564             	6.0906961958e-01	9.2907825487e-02	-6.3485875355e-02	5.7732668190e-01	-6.4081255726e-01
0.5642            	6.0891365137e-01	9.2031525192e-02	-6.7234961477e-02	5.7529617064e-01	-6.4253113211e-01
0.5644            	6.0901813809e-01	9.2529368546e-02	-6.5532408305e-02	5.7625193394e-01	-6.4178434224e-01
0.5646            	6.0900779460e-01	9.2704302421e-02	-6.4040481148e-02	5.7698755402e-01	-6.4102803517e-01
0.5648            	6.0898943897e-01	9.2208407101e-02	-6.6538960502e-02	5.7571995872e-01	-6.4225891922e-01
0.565             	6.0906548207e-01	9.2839455365e-02	-6.4279285268e-02	5.7692583944e-01	-6.4120512471e-01
0.5652            	6.0891699635e-01	9.1962125871e-02	-6.7236016835e-02	5.7529898794e-01	-6.4253500477e-01
0.5654            	6.0898601469e-01	9.2338480954e-02	-6.6245798106e-02	5.7586311564e-01	-6.4210891375e-01
0.5656            	6.0910553205e-01	9.3234174749e-02	-6.2083606709e-02	5.7806372869e-01	-6.4014733540e-01
0.5658            	6.0894863791e-01	9.2094765974e-02	-6.6955531566e-02	5.7547087212e-01	-6.4242640369e-01
0.566             	6.0906209243e-01	9.2677951359e-02	-6.4880137169e-02	5.7662202384e-01	-6.4150216101e-01
0.5662            	6.0892649401e-01	9.2188610951e-02	-6.6357252577e-02	5.7574786773e-01	-6.4210512030e-01
0.5664            	6.0895857639e-01	9.2178985059e-02	-6.6704951078e-02	5.7560610085e-01	-6.4231105193e-01
0.5666            	6.0908140765e-01	9.2982834677e-02	-6.3466156033e-02	5.7734832963e-01	-6.4081448566e-01
0.5668            	6.0896092278e-01	9.2090609209e-02	-6.6665143704e-02	5.7562835093e-01	-6.4229349464e-01
0.567             	6.0901627593e-01	9.2425106033e-02	-6.5976853846e-02	5.7602784900e-01	-6.4200470285e-01
0.5672            	6.0903833524e-01	9.2866012201e-02	-6.3551739118e-02	5.7726246568e-01	-6.4081420480e-01
0.5674            	6.0891745750e-01	9.2054206968e-02	-6.7185534089e-02	5.7532469046e-01	-6.4251022455e-01
0.5676            	6.0903555003e-01	9.2596150142e-02	-6.5203324200e-02	5.7643388793e-01	-6.4163721213e-01
0.5678            	6.0898929675e-01	9.2499051835e-02	-6.4859065661e-02	5.7655976392e-01	-6.4141882959e-01
0.568             	6.0898770211e-01	9.2239253785e-02	-6.6533603488e-02	5.7572090036e-01	-6.4225450385e-01
0.5682            	6.0907428213e-01	9.2864087695e-02	-6.4079715810e-02	5.7703442423e-01	-6.4111414004e-01
0.5684            	6.0890152126e-01	9.1972667799e-02	-6.7331801200e-02	5.7523562066e-01	-6.4256742186e-01
0.5686            	6.0900683480e-01	9.2371753361e-02	-6.6069781632e-02	5.7597194399e-01	-6.4204172562e-01
0.5688            	6.0909101084e-01	9.3192852483e-02	-6.2107595555e-02	5.7803721307e-01	-6.4014480862e-01
0.569             	6.0895718331e-01	9.2104063917e-02	-6.6905034686e-02	5.7550466597e-01	-6.4240970065e-01
0.5692            	6.0905740709e-01	9.2744484946e-02	-6.4689479014e-02	5.7671266759e-01	-6.4140214660e-01
0.5694            	6.0892323283e-01	9.2086201521e-02	-6.6677114302e-02	5.7558467568e-01	-6.4226178998e-01
0.5696            	6.0895155334e-01	9.2223946517e-02	-6.6655344305e-02	5.7562388119e-01	-6.4227922550e-01
0.5698            	6.0910858535e-01	9.3066542585e-02	-6.2972827327e-02	5.7762217168e-01	-6.4059499901e-01
0.57              	6.0895912409e-01	9.2081691660e-02	-6.6765487709e-02	5.7557638024e-01	-6.4234186794e-01
0.5702            	6.0903175942e-01	9.2462395781e-02	-6.5803131343e-02	5.7613019375e-01	-6.4193332509e-01
0.5704            	6.0900920425e-01	9.2782169408e-02	-6.3958948793e-02	5.7702972986e-01	-6.4098867865e-01
0.5706            	6.0893002926e-01	9.2085107611e-02	-6.7019961351e-02	5.7542004859e-01	-6.4244000994e-01
0.5708            	6.0904058159e-01	9.2681093369e-02	-6.4900941367e-02	5.7659011091e-01	-6.4149105228e-01
0.571             	6.0899133677e-01	9.2324723971e-02	-6.5505586425e-02	5.7623854356e-01	-6.4174412998e-01
0.5712            	6.0899657873e-01	9.2278914210e-02	-6.6390919321e-02	5.7580111907e-01	-6.4219203839e-01
0.5714            	6.0906967103e-01	9.2870091885e-02	-6.3984082134e-02	5.7707762997e-01	-6.4106171210e-01
0.5716            	6.0889235296e-01	9.1986292796e-02	-6.7391257764e-02	5.7519672408e-01	-6.4258798185e-01
0.5718            	6.0901098959e-01	9.2425112375e-02	-6.5893189291e-02	5.7606439494e-01	-6.4195758424e-01
0.572             	6.0907455563e-01	9.3115742654e-02	-6.2372895726e-02	5.7788810777e-01	-6.4026100349e-01
0.5722            	6.0897320780e-01	9.2118946357e-02	-6.6798799978e-02	5.7557380781e-01	-6.4237260779e-01
0.5724            	6.0907127947e-01	9.2796539915e-02	-6.4488611677e-02	5.7682697363e-01	-6.4131558530e-01
0.5726            	6.0890910053e-01	9.2019606007e-02	-6.7022140702e-02	5.7539803018e-01	-6.4242017088e-01
0.5728            	6.0895963697e-01	9.2252446046e-02	-6.6553495361e-02	5.7568288929e-01	-6.4223638465e-01
0.573             	6.0910118089e-01	9.3151157942e-02	-6.2594806879e-02	5.7780377745e-01	-6.4039858433e-01
0.5732            	6.0896404647e-01	9.2073315277e-02	-6.6836715763e-02	5.7554568859e-01	-6.4238240435e-01
0.5734            	6.0904192521e-01	9.2516917134e-02	-6.5578632472e-02	5.7625260897e-01	-6.4183124144e-01
0.5736            	6.0898603446e-01	9.2622130101e-02	-6.4563014154e-02	5.7670452739e-01	-6.4126754154e-01
0.5738            	6.0892486010e-01	9.2111638766e-02	-6.7031502522e-02	5.7540910884e-01	-6.4244061136e-01
0.574             	6.0906361676e-01	9.2762995029e-02	-6.4459627430e-02	5.7683380305e-01	-6.4129343048e-01
0.5742            	6.0896172937e-01	9.2218703203e-02	-6.6061301893e-02	5.7593107842e-01	-6.4199238032e-01
0.5744            	6.0902044206e-01	9.2315151327e-02	-6.6197399502e-02	5.7592174231e-01	-6.4211914181e-01
0.5746            	6.0906477178e-01	9.2900897592e-02	-6.3748674055e-02	5.7719043475e-01	-6.4093910881e-01
0.5748            	6.0890694811e-01	9.1997812080e-02	-6.7329093551e-02	5.7524240133e-01	-6.4257149488e-01
0.575             	6.0900580258e-01	9.2469620757e-02	-6.5822555508e-02	5.7609452483e-01	-6.4191708034e-01
0.5752            	6.0906634207e-01	9.2992632765e-02	-6.2776992579e-02	5.7767784578e-01	-6.4045483836e-01
0.5754            	6.0896893670e-01	9.2156296760e-02	-6.6771226571e-02	5.7558332342e-01	-6.4235454999e-01
0.5756            	6.0908572268e-01	9.2808936356e-02	-6.4338205566e-02	5.7691661990e-01	-6.4125482546e-01
0.5758            	6.0890411940e-01	9.1989433806e-02	-6.7167479769e-02	5.7532037951e-01	-6.4248785928e-01
0.576             	6.0897514642e-01	9.2283221045e-02	-6.6427927260e-02	5.7576118279e-01	-6.4218911005e-01
0.5762            	6.0909183503e-01	9.3209776354e-02	-6.2356454265e-02	5.7791360790e-01	-6.4027006216e-01
0.5764            	6.0896546654e-01	9.2082652467e-02	-6.6824146208e-02	5.7555339343e-01	-6.4237753964e-01
0.5766            	6.0904284933e-01	9.2571614007e-02	-6.5401399518e-02	5.7634214957e-01	-6.4174354909e-01
0.5768            	6.0897531871e-01	9.2425294382e-02	-6.5251721639e-02	5.7634945789e-01	-6.4160117953e-01
0.577             	6.0893314054e-01	9.2141919393e-02	-6.6906606797e-02	5.7547983714e-01	-6.4238644394e-01
0.5772            	6.0906614432e-01	9.2836074003e-02	-6.4168275849e-02	5.7698200639e-01	-6.4115028224e-01
0.5774            	6.0895481343e-01	9.2150447179e-02	-6.6383523075e-02	5.7576305189e-01	-6.4214657496e-01
0.5776            	6.0901757530e-01	9.2369558071e-02	-6.6079607350e-02	5.7597777163e-01	-6.4205737898e-01
0.5778            	6.0905915475e-01	9.2911335755e-02	-6.3592438727e-02	5.7726293539e-01	-6.4085537412e-01
0.578             	6.0891651590e-01	9.2017954635e-02	-6.7246999438e-02	5.7529301618e-01	-6.4254001562e-01
0.5782            	6.0901307443e-01	9.2503422857e-02	-6.5643412457e-02	5.7619136821e-01	-6.4183478066e-01
0.5784            	6.0902876193e-01	9.2798148839e-02	-6.3616163279e-02	5.7722068029e-01	-6.4083684357e-01
0.5786            	6.0898301649e-01	9.2191791581e-02	-6.6612741630e-02	5.7567664567e-01	-6.4228938730e-01
0.5788            	6.0907447686e-01	9.2843480274e-02	-6.4263328943e-02	5.7694281239e-01	-6.4120614133e-01
0.579             	6.0891434843e-01	9.1966473053e-02	-6.7225695878e-02	5.7530150049e-01	-6.4252719637e-01
0.5792            	6.0898411056e-01	9.2320746231e-02	-6.6294218865e-02	5.7583700113e-01	-6.4213122000e-01
0.5794            	6.0910075697e-01	9.3235419364e-02	-6.2136276795e-02	5.7803261858e-01	-6.4016889537e-01
0.5796            	6.0895230061e-01	9.2088204701e-02	-6.6944406475e-02	5.7548009738e-01	-6.4242450385e-01
0.5798            	6.0906232826e-01	9.2645462016e-02	-6.5006023138e-02	5.7655931669e-01	-6.4156533983e-01
0.58              	6.0893576211e-01	9.2259949788e-02	-6.6066379893e-02	5.7590257217e-01	-6.4196895206e-01
0.5802            	6.0895637576e-01	9.2163352964e-02	-6.6747893212e-02	5.7558242916e-01	-6.4233032237e-01
0.5804            	6.0907663453e-01	9.2938289071e-02	-6.3685045878e-02	5.7723411159e-01	-6.4091915747e-01
0.5806            	6.0896132823e-01	9.2103703460e-02	-6.6577209035e-02	5.7567272371e-01	-6.4224993275e-01
0.5808            	6.0901252248e-01	9.2410999302e-02	-6.6043662317e-02	5.7599069132e-01	-6.4203435364e-01
0.581             	6.0905526011e-01	9.2897278602e-02	-6.3473625269e-02	5.7731844748e-01	-6.4079207275e-01
0.5812            	6.0891329021e-01	9.2044086059e-02	-6.7223717056e-02	5.7530143168e-01	-6.4252514874e-01
0.5814            	6.0904101166e-01	9.2555922451e-02	-6.5304293133e-02	5.7638886509e-01	-6.4169315823e-01
0.5816            	6.0900428441e-01	9.2597765972e-02	-6.4435509207e-02	5.7678652980e-01	-6.4122203901e-01
0.5818            	6.0898879602e-01	9.2222684242e-02	-6.6553665925e-02	5.7571196306e-01	-6.4226562898e-01
0.582             	6.0906136255e-01	9.2852303875e-02	-6.4228105190e-02	5.7694730996e-01	-6.4117541515e-01
0.5822            	6.0890387024e-01	9.1971614025e-02	-6.7287667403e-02	5.7526003654e-01	-6.4254770395e-01
0.5824            	6.0898986403e-01	9.2355949761e-02	-6.6204151530e-02	5.7588778826e-01	-6.4209193979e-01
0.5826            	6.0910767596e-01	9.3214652707e-02	-6.2045861303e-02	5.7808474531e-01	-6.4013060661e-01
0.5828            	6.0895743494e-01	9.2095728244e-02	-6.6903471753e-02	5.7550569907e-01	-6.4240917082e-01
0.583             	6.0906070454e-01	9.2707062373e-02	-6.4802757664e-02	5.7665932570e-01	-6.4146208337e-01
0.5832            	6.0892046196e-01	9.2131442358e-02	-6.6559564774e-02	5.7564067957e-01	-6.4220024434e-01
0.5834            	6.0895264445e-01	9.2206866035e-02	-6.6674159064e-02	5.7561556491e-01	-6.4228972398e-01
0.5836            	6.0909476628e-01	9.3025545744e-02	-6.3225021666e-02	5.7748225544e-01	-6.4070727711e-01
0.5838            	6.0896217236e-01	9.2085544244e-02	-6.6702140930e-02	5.7561110190e-01	-6.4231324283e-01
0.584             	6.0902509561e-01	9.2442648622e-02	-6.5897586879e-02	5.7607630217e-01	-6.4197388905e-01
0.5842            	6.0902266741e-01	9.2826279365e-02	-6.3742268648e-02	5.7715153309e-01	-6.4089380174e-01
0.5844            	6.0892861146e-01	9.2070778543e-02	-6.7061176425e-02	5.7539802325e-01	-6.4245919967e-01
0.5846            	6.0903638803e-01	9.2641323544e-02	-6.5056531558e-02	5.7650812225e-01	-6.4156465381e-01
0.5848            	6.0899592576e-01	9.2401385252e-02	-6.5184787865e-02	5.7640353183e-01	-6.4158831970e-01
0.585             	6.0899307924e-01	9.2261294133e-02	-6.6441126067e-02	5.7577251620e-01	-6.4221364227e-01
0.5852            	6.0907226410e-01	9.2872344782e-02	-6.4040758085e-02	5.7705188506e-01	-6.4109264314e-01
0.5854            	6.0889413442e-01	9.1977258632e-02	-6.7402297254e-02	5.7519298579e-01	-6.4259528305e-01
0.5856            	6.0900931233e-01	9.2401042364e-02	-6.5960033272e-02	5.7602929569e-01	-6.4198932897e-01
0.5858            	6.0907563280e-01	9.3144642596e-02	-6.2239529810e-02	5.7795586790e-01	-6.4019539771e-01
0.586             	6.0897793506e-01	9.2105642165e-02	-6.6794103132e-02	5.7558088349e-01	-6.4237498662e-01
0.5862            	6.0906769779e-01	9.2777944709e-02	-6.4532257738e-02	5.7680156893e-01	-6.4133382666e-01
0.5864            	6.0891525877e-01	9.2045875920e-02	-6.6889381892e-02	5.7547056783e-01	-6.4235994972e-01
0.5866            	6.0895115370e-01	9.2247477854e-02	-6.6617567178e-02	5.7564237011e-01	-6.4225993729e-01
0.5868            	6.0910206584e-01	9.3119810992e-02	-6.2763290291e-02	5.7772042069e-01	-6.4048371099e-01
0.587             	6.0895803028e-01	9.2076975614e-02	-6.6838165833e-02	5.7553894736e-01	-6.4237711320e-01
0.5872            	6.0904851434e-01	9.2484768444e-02	-6.5639126095e-02	5.7622895129e-01	-6.4186807738e-01
0.5874            	6.0900449168e-01	9.2701160069e-02	-6.4211135935e-02	5.7689892371e-01	-6.4111005965e-01
0.5876            	6.0892590429e-01	9.2094793094e-02	-6.7053733911e-02	5.7539903733e-01	-6.4245277124e-01
0.5878            	6.0904656080e-01	9.2727026566e-02	-6.4706390656e-02	5.7669336547e-01	-6.4139975613e-01
0.588             	6.0897249049e-01	9.2268333147e-02	-6.5815837662e-02	5.7606457166e-01	-6.4188040932e-01
0.5882            	6.0900202545e-01	9.2297616989e-02	-6.6334909601e-02	5.7583457065e-01	-6.4216948025e-01
0.5884            	6.0906916989e-01	9.2881577649e-02	-6.3846473591e-02	5.7714593309e-01	-6.4099240668e-01
0.5886            	6.0890270213e-01	9.1991072826e-02	-6.7348973631e-02	5.7522821531e-01	-6.4257718894e-01
0.5888            	6.0900787384e-01	9.2441288428e-02	-6.5896640875e-02	5.7605955340e-01	-6.4195619428e-01
0.589             	6.0907954326e-01	9.3075304751e-02	-6.2495745881e-02	5.7783167032e-01	-6.4032741620e-01
0.5892            	6.0896770705e-01	9.2141364201e-02	-6.6789405475e-02	5.7557300432e-01	-6.4236240979e-01
0.5894            	6.0908753559e-01	9.2807002927e-02	-6.4395972085e-02	5.7688954955e-01	-6.4128552164e-01
0.5896            	6.0890560411e-01	9.2002602174e-02	-6.7091432422e-02	5.7535988790e-01	-6.4245132032e-01
0.5898            	6.0896441222e-01	9.2268320782e-02	-6.6508762774e-02	5.7571003083e-01	-6.4221879361e-01
0.59              	6.0909642098e-01	9.3185278141e-02	-6.2491940516e-02	5.7785045072e-01	-6.4034239124e-01
0.5902            	6.0896594744e-01	9.2079764473e-02	-6.6802752210e-02	5.7556457133e-01	-6.4236732354e-01
0.5904            	6.0904045370e-01	9.2549975487e-02	-6.5488924662e-02	5.7629599137e-01	-6.4178491603e-01
0.5906            	6.0899269478e-01	9.2521783854e-02	-6.4858095223e-02	5.7656364716e-01	-6.4142174239e-01
0.5908            	6.0893252669e-01	9.2128126200e-02	-6.6941314667e-02	5.7546186935e-01	-6.4240318402e-01
0.591             	6.0906126652e-01	9.2792352296e-02	-6.4364541541e-02	5.7687899575e-01	-6.4124353729e-01
0.5912            	6.0895232672e-01	9.2179254984e-02	-6.6288517811e-02	5.7580806782e-01	-6.4209658563e-01
0.5914            	6.0901891913e-01	9.2349782118e-02	-6.6112332802e-02	5.7596275272e-01	-6.4207508553e-01
0.5916            	6.0905781866e-01	9.2911346499e-02	-6.3670384218e-02	5.7722262655e-01	-6.4089301076e-01
0.5918            	6.0892522165e-01	9.2001321509e-02	-6.7229313770e-02	5.7531056476e-01	-6.4253987853e-01
0.592             	6.0901733879e-01	9.2486920338e-02	-6.5689761251e-02	5.7617245816e-01	-6.4186221941e-01
0.5922            	6.0904658246e-01	9.2897568034e-02	-6.3218844740e-02	5.7743716009e-01	-6.4065600483e-01
0.5924            	6.0896638159e-01	9.2177656353e-02	-6.6737318004e-02	5.7559772259e-01	-6.4233504059e-01
0.5926            	6.0907803858e-01	9.2832270478e-02	-6.4298613376e-02	5.7692873190e-01	-6.4122734527e-01
0.5928            	6.0890179446e-01	9.1977372311e-02	-6.7253325454e-02	5.7527513173e-01	-6.4252845719e-01
0.593             	6.0898543236e-01	9.2302794043e-02	-6.6320860911e-02	5.7582500191e-01	-6.4214586282e-01
0.5932            	6.0910368774e-01	9.3224293061e-02	-6.2192944447e-02	5.7800721552e-01	-6.4020015997e-01
0.5934            	6.0896066459e-01	9.2079877409e-02	-6.6915500994e-02	5.7550291409e-01	-6.4241841509e-01
0.5936            	6.0904728503e-01	9.2611167875e-02	-6.5220256013e-02	5.7643715703e-01	-6.4165741304e-01
0.5938            	6.0895058108e-01	9.2341825501e-02	-6.5689217248e-02	5.7610597245e-01	-6.4179518970e-01
0.594             	6.0894664458e-01	9.2151212465e-02	-6.6838648301e-02	5.7552732043e-01	-6.4236596873e-01
0.5942            	6.0907111368e-01	9.2888676301e-02	-6.3913420105e-02	5.7711440363e-01	-6.4102782374e-01
0.5944            	6.0895668868e-01	9.2123275350e-02	-6.6504979124e-02	5.7570419911e-01	-6.4220917824e-01
0.5946            	6.0901322236e-01	9.2381595019e-02	-6.6120593905e-02	5.7595292540e-01	-6.4207351931e-01
0.5948            	6.0906302142e-01	9.2915666989e-02	-6.3482014391e-02	5.7732201423e-01	-6.4080402862e-01
0.595             	6.0890979393e-01	9.2034047802e-02	-6.7249041970e-02	5.7528527295e-01	-6.4253431492e-01
0.5952            	6.0903620330e-01	9.2524595377e-02	-6.5441174358e-02	5.7631561612e-01	-6.4175679048e-01
0.5954            	6.0901512915e-01	9.2693118915e-02	-6.4023707690e-02	5.7700327530e-01	-6.4102698299e-01
0.5956            	6.0898260401e-01	9.2207694466e-02	-6.6606913238e-02	5.7567914739e-01	-6.4228606063e-01
0.5958            	6.0906230064e-01	9.2840623468e-02	-6.4306208079e-02	5.7690919660e-01	-6.4121540468e-01
0.596             	6.0890924820e-01	9.1970647022e-02	-6.7241997348e-02	5.7528824953e-01	-6.4253024688e-01
0.5962            	6.0898313336e-01	9.2340271081e-02	-6.6262037872e-02	5.7585211442e-01	-6.4211415229e-01
0.5964            	6.0911983438e-01	9.3229180129e-02	-6.2009574924e-02	5.7811504691e-01	-6.4012462184e-01
0.5966            	6.0895976338e-01	9.2090735740e-02	-6.6898649416e-02	5.7551043867e-01	-6.4240908809e-01
0.5968            	6.0906049128e-01	9.2674424080e-02	-6.4929017778e-02	5.7659598239e-01	-6.4152500017e-01
0.597             	6.0891732006e-01	9.2189890457e-02	-6.6394632290e-02	5.7572000392e-01	-6.4211463621e-01
0.5972            	6.0895322156e-01	9.2189618102e-02	-6.6701750430e-02	5.7560234635e-01	-6.4230409678e-01
0.5974            	6.0908123971e-01	9.2984177021e-02	-6.3474795670e-02	5.7734384188e-01	-6.4081863755e-01
0.5976            	6.0897029659e-01	9.2087351613e-02	-6.6606750162e-02	5.7566692151e-01	-6.4227367167e-01
0.5978            	6.0902572438e-01	9.2422218868e-02	-6.5944400341e-02	5.7605352421e-01	-6.4199792455e-01
0.598             	6.0903763433e-01	9.2857394660e-02	-6.3606786221e-02	5.7723424122e-01	-6.4084102744e-01
0.5982            	6.0891370078e-01	9.2061652363e-02	-6.7174965762e-02	5.7532621790e-01	-6.4250118366e-01
0.5984            	6.0903435381e-01	9.2604411745e-02	-6.5178395042e-02	5.7644515629e-01	-6.4162355133e-01
0.5986            	6.0899391135e-01	9.2488623834e-02	-6.4880351123e-02	5.7655373578e-01	-6.4143408691e-01
0.5988            	6.0899391177e-01	9.2241641926e-02	-6.6479764600e-02	5.7575402947e-01	-6.4223379407e-01
0.599             	6.0906855478e-01	9.2865729122e-02	-6.4119850075e-02	5.7700862974e-01	-6.4112847982e-01
0.5992            	6.0889972976e-01	9.1968414598e-02	-6.7379712766e-02	5.7520987338e-01	-6.4258958614e-01
0.5994            	6.0900305230e-01	9.2380498281e-02	-6.6048302966e-02	5.7597890082e-01	-6.4202720378e-01
0.5996            	6.0908708294e-01	9.3192417238e-02	-6.2118719452e-02	5.7802772322e-01	-6.4014644267e-01
0.5998            	6.0897434679e-01	9.2096709054e-02	-6.6826494124e-02	5.7556109973e-01	-6.4238759385e-01
0.6               	6.0906554073e-01	9.2745833607e-02	-6.4626312743e-02	5.7675238436e-01	-6.4137869711e-01
0.6002            	6.0891485329e-01	9.2083047750e-02	-6.6762184193e-02	5.7553376119e-01	-6.4229594539e-01
0.6004            	6.0894755081e-01	9.2225555365e-02	-6.6683192520e-02	5.7560595455e-01	-6.4228914707e-01
0.6006            	6.0910308280e-01	9.3077986224e-02	-6.2954752842e-02	5.7762570637e-01	-6.4058045922e-01
0.6008            	6.0895715331e-01	9.2082396630e-02	-6.6784564888e-02	5.7556487086e-01	-6.4234943575e-01
0.601             	6.0904651725e-01	9.2458658750e-02	-6.5722495145e-02	5.7618526968e-01	-6.4190776483e-01
0.6012            	6.0901846087e-01	9.2775313812e-02	-6.3916993330e-02	5.7705996421e-01	-6.4097695754e-01
0.6014            	6.0892632289e-01	9.2081817308e-02	-6.7079014977e-02	5.7538681540e-01	-6.4246583038e-01
0.6016            	6.0903442118e-01	9.2687978017e-02	-6.4914537547e-02	5.7657715240e-01	-6.4149168995e-01
0.6018            	6.0898221215e-01	9.2329051820e-02	-6.5534301160e-02	5.7621506157e-01	-6.4174936273e-01
0.602             	6.0899505481e-01	9.2279624613e-02	-6.6410636461e-02	5.7578973658e-01	-6.4220037304e-01
0.6022            	6.0908324513e-01	9.2865976541e-02	-6.3903892870e-02	5.7713129869e-01	-6.4103519156e-01
0.6024            	6.0890286563e-01	9.1981735232e-02	-6.7347965493e-02	5.7522888289e-01	-6.4257684838e-01
0.6026            	6.0900941518e-01	9.2420688448e-02	-6.5943504911e-02	5.7603766273e-01	-6.4198116764e-01
0.6028            	6.0907024279e-01	9.3120264808e-02	-6.2379786671e-02	5.7788034946e-01	-6.4026013613e-01
0.603             	6.0896611101e-01	9.2128125582e-02	-6.6796873958e-02	5.7556767404e-01	-6.4236454799e-01
0.6032            	6.0907132912e-01	9.2794721574e-02	-6.4504644499e-02	5.7681900687e-01	-6.4132365137e-01
0.6034            	6.0891492424e-01	9.2018376161e-02	-6.6977794749e-02	5.7542602687e-01	-6.4240382162e-01
0.6036            	6.0896182985e-01	9.2250819119e-02	-6.6553413869e-02	5.7568512291e-01	-6.4223853678e-01
0.6038            	6.0910035019e-01	9.3147710511e-02	-6.2632822567e-02	5.7778393890e-01	-6.4041676147e-01
0.604             	6.0896099726e-01	9.2079831574e-02	-6.6819970200e-02	5.7555101216e-01	-6.4237098236e-01
0.6042            	6.0904078508e-01	9.2522227512e-02	-6.5562942400e-02	5.7625931388e-01	-6.4182225628e-01
0.6044            	6.0899784751e-01	9.2609438206e-02	-6.4538107285e-02	5.7672879387e-01	-6.4126690115e-01
0.6046            	6.0893106277e-01	9.2113345257e-02	-6.6973571757e-02	5.7544427689e-01	-6.4241784865e-01
0.6048            	6.0905401081e-01	9.2766437433e-02	-6.4521975034e-02	5.7679302329e-01	-6.4131499832e-01
0.605             	6.0895762889e-01	9.2213832674e-02	-6.6115265928e-02	5.7589999593e-01	-6.4201526185e-01
0.6052            	6.0901481825e-01	9.2324487830e-02	-6.6188063221e-02	5.7592078664e-01	-6.4210884986e-01
0.6054            	6.0906215054e-01	9.2903383324e-02	-6.3754673746e-02	5.7718481366e-01	-6.4093948741e-01
0.6056            	6.0892323555e-01	9.1991700476e-02	-6.7249259341e-02	5.7529860588e-01	-6.4254786522e-01
0.6058            	6.0901560475e-01	9.2469175357e-02	-6.5759055915e-02	5.7613607679e-01	-6.4189513270e-01
0.606             	6.0905877319e-01	9.2984343725e-02	-6.2867873308e-02	5.7762483653e-01	-6.4049270984e-01
0.6062            	6.0896220275e-01	9.2159277006e-02	-6.6805318643e-02	5.7555954342e-01	-6.4236486207e-01
0.6064            	6.0907829298e-01	9.2818545623e-02	-6.4334731062e-02	5.7691092745e-01	-6.4124565851e-01
0.6066            	6.0890163352e-01	9.1989274336e-02	-6.7190055741e-02	5.7530660565e-01	-6.4249666139e-01
0.6068            	6.0898907576e-01	9.2280222116e-02	-6.6349275519e-02	5.7581443800e-01	-6.4216371352e-01
0.607             	6.0910211682e-01	9.3205925217e-02	-6.2296494239e-02	5.7795386970e-01	-6.4025036394e-01
0.6072            	6.0896416016e-01	9.2077003055e-02	-6.6882834039e-02	5.7552274315e-01	-6.4240557718e-01
0.6074            	6.0903533082e-01	9.2579706547e-02	-6.5413315307e-02	5.7632867317e-01	-6.4174198848e-01
0.6076            	6.0896534825e-01	9.2428355582e-02	-6.5283463665e-02	5.7632361642e-01	-6.4160708008e-01
0.6078            	6.0893239787e-01	9.2140947038e-02	-6.6930223481e-02	5.7546728613e-01	-6.4239750961e-01
0.608             	6.0907615591e-01	9.2837539133e-02	-6.4092794604e-02	5.7702975861e-01	-6.4112255322e-01
0.6082            	6.0896000501e-01	9.2144969408e-02	-6.6375849389e-02	5.7577208032e-01	-6.4214792970e-01
0.6084            	6.0901516707e-01	9.2363954848e-02	-6.6135476978e-02	5.7594742858e-01	-6.4208290556e-01
0.6086            	6.0905393438e-01	9.2916802956e-02	-6.3589155704e-02	5.7725935653e-01	-6.4084851223e-01
0.6088            	6.0891364353e-01	9.2023597119e-02	-6.7235515100e-02	5.7529588598e-01	-6.4253140108e-01
0.609             	6.0901902621e-01	9.2499683257e-02	-6.5630210407e-02	5.7620392101e-01	-6.4183413141e-01
0.6092            	6.0903303276e-01	9.2794053090e-02	-6.3596226916e-02	5.7723491930e-01	-6.4083114622e-01
0.6094            	6.0897604830e-01	9.2193072264e-02	-6.6666661094e-02	5.7564271775e-01	-6.4230937885e-01
0.6096            	6.0907220536e-01	9.2840176340e-02	-6.4305980475e-02	5.7691921512e-01	-6.4122519560e-01
0.6098            	6.0890756775e-01	9.1973469750e-02	-6.7220676749e-02	5.7529722937e-01	-6.4251790612e-01
0.61              	6.0898100878e-01	9.2324647243e-02	-6.6299851043e-02	5.7583108326e-01	-6.4213093430e-01
0.6102            	6.0911890148e-01	9.3227363933e-02	-6.2057112806e-02	5.7809034507e-01	-6.4014745788e-01
0.6104            	6.0895934010e-01	9.2087305820e-02	-6.6894560737e-02	5.7551205974e-01	-6.4240662047e-01
0.6106            	6.0905358190e-01	9.2646672103e-02	-6.5077001883e-02	5.7651508096e-01	-6.4159208284e-01
0.6108            	6.0893101959e-01	9.2255444115e-02	-6.6120059194e-02	5.7587099000e-01	-6.4199104919e-01
0.611             	6.0895114846e-01	9.2172654360e-02	-6.6744921231e-02	5.7557868784e-01	-6.4232360907e-01
0.6112            	6.0907397892e-01	9.2942011005e-02	-6.3692840842e-02	5.7722755850e-01	-6.4092039934e-01
0.6114            	6.0897411384e-01	9.2097681328e-02	-6.6515179507e-02	5.7571652408e-01	-6.4223170359e-01
0.6116            	6.0902350518e-01	9.2409238971e-02	-6.5982072264e-02	5.7603246904e-01	-6.4201454131e-01
0.6118            	6.0904733770e-01	9.2891132273e-02	-6.3548092694e-02	5.7727329136e-01	-6.4082138405e-01
0.612             	6.0890562539e-01	9.2049278062e-02	-6.7255598437e-02	5.7527782617e-01	-6.4253342461e-01
0.6122            	6.0903324103e-01	9.2567666906e-02	-6.5304333883e-02	5.7638107408e-01	-6.4168540797e-01
0.6124            	6.0899933542e-01	9.2591291602e-02	-6.4494764629e-02	5.7675195310e-01	-6.4124671773e-01
0.6126            	6.0900136661e-01	9.2219817609e-02	-6.6483402623e-02	5.7575966530e-01	-6.4224306792e-01
0.6128            	6.0907039233e-01	9.2848312056e-02	-6.4187848642e-02	5.7697646801e-01	-6.4116431665e-01
0.613             	6.0890381864e-01	9.1964987426e-02	-6.7344838702e-02	5.7523139929e-01	-6.4257623799e-01
0.6132            	6.0898389617e-01	9.2363514827e-02	-6.6202717685e-02	5.7588253733e-01	-6.4208525501e-01
0.6134            	6.0910128978e-01	9.3220919384e-02	-6.2043784552e-02	5.7807939750e-01	-6.4012318205e-01
0.6136            	6.0895928176e-01	9.2093193084e-02	-6.6918561068e-02	5.7550000122e-01	-6.4241856229e-01
0.6138            	6.0906423611e-01	9.2710168793e-02	-6.4750882230e-02	5.7668879500e-01	-6.4143967723e-01
0.614             	6.0891971894e-01	9.2126353636e-02	-6.6589265010e-02	5.7562508643e-01	-6.4221435144e-01
0.6142            	6.0895175135e-01	9.2202176570e-02	-6.6723760072e-02	5.7558987131e-01	-6.4231363139e-01
0.6144            	6.0908846653e-01	9.3035080798e-02	-6.3207421712e-02	5.7748475568e-01	-6.4069217739e-01
0.6146            	6.0895972299e-01	9.2088486361e-02	-6.6703057157e-02	5.7560819441e-01	-6.4231125157e-01
0.6148            	6.0903789614e-01	9.2436454029e-02	-6.5841931165e-02	5.7611693056e-01	-6.4195886172e-01
0.615             	6.0902873269e-01	9.2824667862e-02	-6.3700466366e-02	5.7717849951e-01	-6.4087896588e-01
0.6152            	6.0891532058e-01	9.2072588629e-02	-6.7144912596e-02	5.7534286429e-01	-6.4248777688e-01
0.6154            	6.0903311918e-01	9.2642237013e-02	-6.5085924683e-02	5.7649015684e-01	-6.4157608152e-01
0.6156            	6.0899042615e-01	9.2404825880e-02	-6.5203344252e-02	5.7638875403e-01	-6.4159209828e-01
0.6158            	6.0898976504e-01	9.2263731504e-02	-6.6455780906e-02	5.7576187459e-01	-6.4221765549e-01
0.616             	6.0908738818e-01	9.2865478263e-02	-6.3962952268e-02	5.7710591205e-01	-6.4106886432e-01
0.6162            	6.0890347152e-01	9.1975515897e-02	-6.7347231516e-02	5.7522985577e-01	-6.4257708728e-01
0.6164            	6.0900271109e-01	9.2399610251e-02	-6.6026364214e-02	5.7598952898e-01	-6.4201589319e-01
0.6166            	6.0906843461e-01	9.3143603194e-02	-6.2281199930e-02	5.7792783464e-01	-6.4020903457e-01
0.6168            	6.0897007520e-01	9.2115009578e-02	-6.6794474015e-02	5.7557283819e-01	-6.4236731221e-01
0.617             	6.0906744634e-01	9.2780105178e-02	-6.4543619914e-02	5.7679563638e-01	-6.4133925630e-01
0.6172            	6.0892627098e-01	9.2039912300e-02	-6.6827696180e-02	5.7551242289e-01	-6.4234011907e-01
0.6174            	6.0896258033e-01	9.2243032457e-02	-6.6562885901e-02	5.7568113738e-01	-6.4224402328e-01
0.6176            	6.0910149765e-01	9.3115873690e-02	-6.2806194075e-02	5.7769840062e-01	-6.4050459469e-01
0.6178            	6.0894906637e-01	9.2083345438e-02	-6.6854522766e-02	5.7552180499e-01	-6.4237632775e-01
0.618             	6.0903984614e-01	9.2495601432e-02	-6.5637160023e-02	5.7622126612e-01	-6.4185842615e-01
0.6182            	6.0900180599e-01	9.2694435088e-02	-6.4256110181e-02	5.7687375090e-01	-6.4112986108e-01
0.6184            	6.0893618822e-01	9.2094161423e-02	-6.6988910210e-02	5.7544173312e-01	-6.4243064333e-01
0.6186            	6.0905096471e-01	9.2725554330e-02	-6.4683521243e-02	5.7670920409e-01	-6.4139272533e-01
0.6188            	6.0897114376e-01	9.2259102683e-02	-6.5881544020e-02	5.7603037175e-01	-6.4191191577e-01
0.619             	6.0899913202e-01	9.2305443779e-02	-6.6322387439e-02	5.7583793830e-01	-6.4216032574e-01
0.6192            	6.0906639412e-01	9.2887354362e-02	-6.3829312213e-02	5.7715173802e-01	-6.4098105023e-01
0.6194            	6.0891070830e-01	9.1985969337e-02	-6.7328396091e-02	5.7524651025e-01	-6.4257490635e-01
0.6196            	6.0901456577e-01	9.2444041938e-02	-6.5840199056e-02	5.7609446624e-01	-6.4193466530e-01
0.6198            	6.0906753233e-01	9.3072540453e-02	-6.2578678268e-02	5.7777819319e-01	-6.4035687146e-01
0.62              	6.0896455188e-01	9.2138622027e-02	-6.6833789541e-02	5.7554765711e-01	-6.4238144665e-01
0.6202            	6.0908201269e-01	9.2815287001e-02	-6.4382597254e-02	5.7689071406e-01	-6.4127331131e-01
0.6204            	6.0890385044e-01	9.2003697773e-02	-6.7103087680e-02	5.7535230660e-01	-6.4245539428e-01
0.6206            	6.0898144039e-01	9.2261270213e-02	-6.6425137318e-02	5.7576887173e-01	-6.4219400905e-01
0.6208            	6.0910559711e-01	9.3185838679e-02	-6.2425111011e-02	5.7789304160e-01	-6.4031815261e-01
0.621             	6.0896028061e-01	9.2078638147e-02	-6.6873723394e-02	5.7552341891e-01	-6.4239714231e-01
0.6212            	6.0903480904e-01	9.2551938321e-02	-6.5515841787e-02	5.7627688815e-01	-6.4179272993e-01
0.6214            	6.0898497162e-01	9.2524847687e-02	-6.4879009523e-02	5.7654546685e-01	-6.4142447638e-01
0.6216            	6.0892940623e-01	9.2129637402e-02	-6.6959160023e-02	5.7544982622e-01	-6.4240898624e-01
0.6218            	6.0907272830e-01	9.2790233468e-02	-6.4284496041e-02	5.7693048027e-01	-6.4121497632e-01
0.622             	6.0896270468e-01	9.2173940325e-02	-6.6239000173e-02	5.7584320460e-01	-6.4208220477e-01
0.6222            	6.0901648768e-01	9.2346067932e-02	-6.6168651147e-02	5.7593216211e-01	-6.4210081325e-01
0.6224            	6.0905166041e-01	9.2916502131e-02	-6.3687705262e-02	5.7720780777e-01	-6.4089551304e-01
0.6226            	6.0891436714e-01	9.2011857200e-02	-6.7239872888e-02	5.7529443070e-01	-6.4253430359e-01
0.6228            	6.0901485236e-01	9.2486434495e-02	-6.5714684961e-02	5.7615750988e-01	-6.4187219484e-01
0.623             	6.0905934059e-01	9.2888836907e-02	-6.3167025733e-02	5.7747582772e-01	-6.4064285345e-01
0.6232            	6.0897347112e-01	9.2174073830e-02	-6.6704007037e-02	5.7562146760e-01	-6.4232547464e-01
0.6234            	6.0907653173e-01	9.2826411517e-02	-6.4351468402e-02	5.7690079753e-01	-6.4125226593e-01
0.6236            	6.0889613356e-01	9.1983295607e-02	-6.7251753907e-02	5.7527025660e-01	-6.4252201051e-01
0.6238            	6.0898086291e-01	9.2310335141e-02	-6.6312836702e-02	5.7582444456e-01	-6.4213728126e-01
0.624             	6.0910506872e-01	9.3222094896e-02	-6.2198240173e-02	5.7800594863e-01	-6.4020418880e-01
0.6242            	6.0896670575e-01	9.2080717990e-02	-6.6865514160e-02	5.7553394867e-01	-6.4239946284e-01
0.6244            	6.0904892956e-01	9.2611690631e-02	-6.5226602427e-02	5.7643562835e-01	-6.4166223077e-01
0.6246            	6.0894631677e-01	9.2331612966e-02	-6.5766874634e-02	5.7606287945e-01	-6.4182975409e-01
0.6248            	6.0894312966e-01	9.2158561583e-02	-6.6819334368e-02	5.7553346248e-01	-6.4235279684e-01
0.625             	6.0907068532e-01	9.2894296921e-02	-6.3896554556e-02	5.7712240804e-01	-6.4101896259e-01
0.6252            	6.0896746572e-01	9.2114815129e-02	-6.6459264199e-02	5.7573783362e-01	-6.4219709782e-01
0.6254            	6.0902021165e-01	9.2382908293e-02	-6.6060380977e-02	5.7599002117e-01	-6.4205040214e-01
0.6256            	6.0905281511e-01	9.2916263170e-02	-6.3558087741e-02	5.7727377123e-01	-6.4083185898e-01
0.6258            	6.0890698514e-01	9.2033965024e-02	-6.7283821151e-02	5.7526507457e-01	-6.4254889572e-01
0.626             	6.0902976050e-01	9.2534422392e-02	-6.5434222921e-02	5.7631264904e-01	-6.4174687196e-01
0.6262            	6.0901136545e-01	9.2688040437e-02	-6.4063705691e-02	5.7697951261e-01	-6.4104321830e-01
0.6264            	6.0899795843e-01	9.2202626249e-02	-6.6531393416e-02	5.7573226172e-01	-6.4226365514e-01
0.6266            	6.0906905409e-01	9.2837995711e-02	-6.4255317929e-02	5.7694139513e-01	-6.4119671306e-01
0.6268            	6.0890370884e-01	9.1967047638e-02	-6.7311546362e-02	5.7524793566e-01	-6.4255948202e-01
0.627             	6.0897708760e-01	9.2344139203e-02	-6.6294867772e-02	5.7582965372e-01	-6.4212452149e-01
0.6272            	6.0910941782e-01	9.3237294759e-02	-6.2020208753e-02	5.7809931345e-01	-6.4011952220e-01
0.6274            	6.0895662525e-01	9.2090885843e-02	-6.6923557639e-02	5.7549484643e-01	-6.4241840407e-01
0.6276            	6.0907307317e-01	9.2671752468e-02	-6.4851993324e-02	5.7664707651e-01	-6.4149906984e-01
0.6278            	6.0892813859e-01	9.2181280301e-02	-6.6361236876e-02	5.7574752015e-01	-6.4210875703e-01
0.628             	6.0894910709e-01	9.2184695693e-02	-6.6761966720e-02	5.7556812373e-01	-6.4233009045e-01
0.6282            	6.0907417357e-01	9.2993157153e-02	-6.3472823725e-02	5.7733776171e-01	-6.4081058543e-01
0.6284            	6.0896316218e-01	9.2095695008e-02	-6.6613406277e-02	5.7565645904e-01	-6.4226986532e-01
0.6286            	6.0902210813e-01	9.2421566533e-02	-6.5970394816e-02	5.7603691073e-01	-6.4200730554e-01
0.6288            	6.0904388673e-01	9.2854527240e-02	-6.3559597542e-02	5.7726408795e-01	-6.4082368550e-01
0.629             	6.0891791067e-01	9.2058986902e-02	-6.7163316365e-02	5.7533625249e-01	-6.4249956885e-01
0.6292            	6.0903248354e-01	9.2600072778e-02	-6.5224562215e-02	5.7642020243e-01	-6.4164476465e-01
0.6294            	6.0898935450e-01	9.2489966000e-02	-6.4893799030e-02	5.7654245498e-01	-6.4143625401e-01
0.6296            	6.0899142246e-01	9.2246759778e-02	-6.6467184398e-02	5.7575783026e-01	-6.4222501466e-01
0.6298            	6.0907819845e-01	9.2860876158e-02	-6.4086934088e-02	5.7703473141e-01	-6.4112166550e-01
0.63              	6.0890303310e-01	9.1969867941e-02	-6.7335712777e-02	5.7523517671e-01	-6.4257088949e-01
0.6302            	6.0899404952e-01	9.2382588561e-02	-6.6112562346e-02	5.7593776834e-01	-6.4205033069e-01
0.6304            	6.0908557712e-01	9.3186728311e-02	-6.2162939580e-02	5.7800410733e-01	-6.4016704691e-01
0.6306            	6.0896683622e-01	9.2105089084e-02	-6.6821207597e-02	5.7555623242e-01	-6.4237744002e-01
0.6308            	6.0906256906e-01	9.2749390663e-02	-6.4633478283e-02	5.7674582992e-01	-6.4137930820e-01
0.631             	6.0893113306e-01	9.2073484581e-02	-6.6692367749e-02	5.7558494918e-01	-6.4227731693e-01
0.6312            	6.0895820314e-01	9.2225119256e-02	-6.6622037748e-02	5.7564718427e-01	-6.4226922201e-01
0.6314            	6.0909499492e-01	9.3079536498e-02	-6.3018277384e-02	5.7758585622e-01	-6.4060413361e-01
0.6316            	6.0895110441e-01	9.2083152184e-02	-6.6823472388e-02	5.7553936822e-01	-6.4236284061e-01
0.6318            	6.0904007593e-01	9.2468462382e-02	-6.5718480643e-02	5.7618083561e-01	-6.4189931625e-01
0.632             	6.0901304740e-01	9.2772918152e-02	-6.3955658891e-02	5.7703521795e-01	-6.4099087685e-01
0.6322            	6.0893846024e-01	9.2077949356e-02	-6.7008593515e-02	5.7543416348e-01	-6.4244275700e-01
0.6324            	6.0904602631e-01	9.2686984997e-02	-6.4846523365e-02	5.7662276462e-01	-6.4146928799e-01
0.6326            	6.0897733896e-01	9.2319840743e-02	-6.5614311989e-02	5.7617018296e-01	-6.4178449495e-01
0.6328            	6.0898758872e-01	9.2286416143e-02	-6.6432199360e-02	5.7577148904e-01	-6.4220368840e-01
0.633             	6.0907355539e-01	9.2875674442e-02	-6.3909583167e-02	5.7711876380e-01	-6.4102834697e-01
0.6332            	6.0890249323e-01	9.1980564545e-02	-6.7372346297e-02	5.7521632008e-01	-6.4258866638e-01
0.6334            	6.0902051806e-01	9.2419103329e-02	-6.5872830521e-02	5.7608410280e-01	-6.4195693332e-01
0.6336            	6.0907739696e-01	9.3114567824e-02	-6.2360346447e-02	5.7789722373e-01	-6.4025757018e-01
0.6338            	6.0896642651e-01	9.2121955836e-02	-6.6847110574e-02	5.7554287122e-01	-6.4238998180e-01
0.634             	6.0906500245e-01	9.2801153332e-02	-6.4503296129e-02	5.7681335438e-01	-6.4131665051e-01
0.6342            	6.0891041338e-01	9.2023270474e-02	-6.6976446931e-02	5.7542218992e-01	-6.4239863685e-01
0.6344            	6.0896548885e-01	9.2247834145e-02	-6.6553595515e-02	5.7568869110e-01	-6.4224228661e-01
0.6346            	6.0910390545e-01	9.3150674269e-02	-6.2580469575e-02	5.7781367066e-01	-6.4039414023e-01
0.6348            	6.0895840162e-01	9.2078722812e-02	-6.6853815823e-02	5.7553149371e-01	-6.4238530953e-01
0.635             	6.0903899633e-01	9.2518557685e-02	-6.5607904540e-02	5.7623504406e-01	-6.4184294860e-01
0.6352            	6.0899429343e-01	9.2611192486e-02	-6.4539722538e-02	5.7672443216e-01	-6.4126415470e-01
0.6354            	6.0892667624e-01	9.2117058386e-02	-6.6978461754e-02	5.7543744536e-01	-6.4241590712e-01
0.6356            	6.0906930079e-01	9.2760701471e-02	-6.4446553484e-02	5.7684602405e-01	-6.4129257753e-01
0.6358            	6.0896691255e-01	9.2210804349e-02	-6.6068795633e-02	5.7593251473e-01	-6.4200131037e-01
0.636             	6.0900316006e-01	9.2326156734e-02	-6.6268905176e-02	5.7586870747e-01	-6.4213761265e-01
0.6362            	6.0905852704e-01	9.2903406157e-02	-6.3783739205e-02	5.7716665744e-01	-6.4095039664e-01
0.6364            	6.0891591315e-01	9.2000666106e-02	-6.7251124454e-02	5.7529035092e-01	-6.4254147537e-01
0.6366            	6.0901096973e-01	9.2471753291e-02	-6.5776332009e-02	5.7612280373e-01	-6.4189913574e-01
0.6368            	6.0907202391e-01	9.2973235826e-02	-6.2817041840e-02	5.7766350299e-01	-6.4048054483e-01
0.637             	6.0897169307e-01	9.2157728426e-02	-6.6745470035e-02	5.7559895806e-01	-6.4234442809e-01
0.6372            	6.0907456416e-01	9.2815621609e-02	-6.4394593205e-02	5.7687726756e-01	-6.4127186076e-01
0.6374            	6.0889225610e-01	9.1991823646e-02	-6.7232630118e-02	5.7527594104e-01	-6.4250857116e-01
0.6376            	6.0898040405e-01	9.2290612608e-02	-6.6351576906e-02	5.7580461559e-01	-6.4215619250e-01
0.6378            	6.0910113455e-01	9.3206253054e-02	-6.2310768195e-02	5.7794575045e-01	-6.4025651865e-01
0.638             	6.0897515312e-01	9.2072843015e-02	-6.6814695043e-02	5.7556780560e-01	-6.4238250064e-01
0.6382            	6.0904582669e-01	9.2576413822e-02	-6.5359070101e-02	5.7636629164e-01	-6.4172536174e-01
0.6384            	6.0896211429e-01	9.2416070921e-02	-6.5365867475e-02	5.7627918055e-01	-6.4164504803e-01
0.6386            	6.0892736435e-01	9.2148331533e-02	-6.6930467491e-02	5.7546213061e-01	-6.4239259810e-01
0.6388            	6.0906801543e-01	9.2849115864e-02	-6.4083201673e-02	5.7702641459e-01	-6.4110961626e-01
0.639             	6.0895849019e-01	9.2141273695e-02	-6.6408790617e-02	5.7575409488e-01	-6.4216288550e-01
0.6392            	6.0902468451e-01	9.2363979560e-02	-6.6077352295e-02	5.7598600837e-01	-6.4206336066e-01
0.6394            	6.0905509636e-01	9.2913461482e-02	-6.3586703441e-02	5.7726174463e-01	-6.4084844808e-01
0.6396            	6.0891271160e-01	9.2018138864e-02	-6.7288662842e-02	5.7526838018e-01	-6.4255704302e-01
0.6398            	6.0901602525e-01	9.2507319767e-02	-6.5614580866e-02	5.7620873481e-01	-6.4182331568e-01
0.64              	6.0902781711e-01	9.2793326786e-02	-6.3613411842e-02	5.7722111119e-01	-6.4083452303e-01
0.6402            	6.0898552529e-01	9.2187755356e-02	-6.6633837588e-02	5.7566860650e-01	-6.4230244408e-01
0.6404            	6.0907728800e-01	9.2842572053e-02	-6.4250882865e-02	5.7695184657e-01	-6.4120272944e-01
0.6406            	6.0889855168e-01	9.1974131205e-02	-6.7295625279e-02	5.7525073904e-01	-6.4254636432e-01
0.6408            	6.0897673630e-01	9.2323606520e-02	-6.6341392680e-02	5.7580603996e-01	-6.4214743264e-01
0.641             	6.0911274143e-01	9.3235370957e-02	-6.2049169320e-02	5.7808815677e-01	-6.4013732609e-01
0.6412            	6.0895886865e-01	9.2089091765e-02	-6.6901288196e-02	5.7550822455e-01	-6.4240951275e-01
0.6414            	6.0906832884e-01	9.2641127098e-02	-6.4993892403e-02	5.7657138264e-01	-6.4156527504e-01
0.6416            	6.0893848538e-01	9.2250000374e-02	-6.6083437143e-02	5.7589676681e-01	-6.4198020395e-01
0.6418            	6.0894397913e-01	9.2171621486e-02	-6.6814207161e-02	5.7553687554e-01	-6.4235108271e-01
0.642             	6.0906740297e-01	9.2946024648e-02	-6.3714825102e-02	5.7720999042e-01	-6.4092481552e-01
0.6422            	6.0896598427e-01	9.2105574959e-02	-6.6523026146e-02	5.7570447120e-01	-6.4222749735e-01
0.6424            	6.0902174380e-01	9.2410703285e-02	-6.5996156372e-02	5.7602366562e-01	-6.4201982199e-01
0.6426            	6.0906112545e-01	9.2884750264e-02	-6.3479000347e-02	5.7732162528e-01	-6.4080062563e-01
0.6428            	6.0891369666e-01	9.2046204228e-02	-6.7203003299e-02	5.7531219501e-01	-6.4251519831e-01
0.643             	6.0903064702e-01	9.2564298249e-02	-6.5357356085e-02	5.7635196897e-01	-6.4170932506e-01
0.6432            	6.0899299736e-01	9.2590901215e-02	-6.4535804121e-02	5.7672509530e-01	-6.4126089942e-01
0.6434            	6.0899018332e-01	9.2230439648e-02	-6.6495214142e-02	5.7574257625e-01	-6.4223779039e-01
0.6436            	6.0906781710e-01	9.2847089454e-02	-6.4215052423e-02	5.7696029089e-01	-6.4117534331e-01
0.6438            	6.0891370298e-01	9.1962319871e-02	-6.7282424909e-02	5.7527249053e-01	-6.4255491544e-01
0.644             	6.0899079280e-01	9.2360229460e-02	-6.6175015493e-02	5.7590328506e-01	-6.4207830055e-01
0.6442            	6.0909959467e-01	9.3213650047e-02	-6.2099068827e-02	5.7805006025e-01	-6.4014912908e-01
0.6444            	6.0895517000e-01	9.2099755072e-02	-6.6910848966e-02	5.7549974552e-01	-6.4241059448e-01
0.6446            	6.0906361684e-01	9.2717467334e-02	-6.4728407872e-02	5.7669941290e-01	-6.4142782077e-01
0.6448            	6.0892209450e-01	9.2119439746e-02	-6.6601835023e-02	5.7562117699e-01	-6.4222301202e-01
0.645             	6.0895703506e-01	9.2204203875e-02	-6.6673496538e-02	5.7562028679e-01	-6.4229378333e-01
0.6452            	6.0908577542e-01	9.3037104512e-02	-6.3233152541e-02	5.7746919915e-01	-6.4070235169e-01
0.6454            	6.0895530711e-01	9.2083226487e-02	-6.6761786823e-02	5.7557441370e-01	-6.4233620052e-01
0.6456            	6.0903360502e-01	9.2444465412e-02	-6.5824856629e-02	5.7612117670e-01	-6.4194603333e-01
0.6458            	6.0902593476e-01	9.2825028403e-02	-6.3713037409e-02	5.7716941606e-01	-6.4088245347e-01
0.646             	6.0893280108e-01	9.2065140433e-02	-6.7074090587e-02	5.7539575578e-01	-6.4246984637e-01
0.6462            	6.0904072844e-01	9.2643926639e-02	-6.5024376114e-02	5.7652854039e-01	-6.4155291650e-01
0.6464            	6.0898111188e-01	9.2400009455e-02	-6.5301232047e-02	5.7633049586e-01	-6.4163172790e-01
0.6466            	6.0898608416e-01	9.2264370624e-02	-6.6489440328e-02	5.7574136399e-01	-6.4223080432e-01
0.6468            	6.0907805268e-01	9.2873609653e-02	-6.3966496068e-02	5.7709480465e-01	-6.4106130071e-01
0.647             	6.0889978356e-01	9.1976876223e-02	-6.7368539952e-02	5.7521551359e-01	-6.4258405354e-01
0.6472            	6.0901706726e-01	9.2395235767e-02	-6.5951111349e-02	5.7604151159e-01	-6.4199262294e-01
0.6474            	6.0907460843e-01	9.3138284143e-02	-6.2237360781e-02	5.7795592804e-01	-6.4019328882e-01
0.6476            	6.0896480000e-01	9.2111599383e-02	-6.6861483740e-02	5.7553405813e-01	-6.4239554187e-01
0.6478            	6.0906067318e-01	9.2785396208e-02	-6.4570512758e-02	5.7677541680e-01	-6.4134592956e-01
0.648             	6.0891870303e-01	9.2047389623e-02	-6.6840366399e-02	5.7549851983e-01	-6.4233888623e-01
0.6482            	6.0895780111e-01	9.2243176000e-02	-6.6591880980e-02	5.7566186062e-01	-6.4225374160e-01
0.6484            	6.0911444896e-01	9.3113370241e-02	-6.2723500866e-02	5.7775269852e-01	-6.4047619939e-01
0.6486            	6.0896016098e-01	9.2078344132e-02	-6.6812082258e-02	5.7555411985e-01	-6.4236620210e-01
0.6488            	6.0903677570e-01	9.2490839511e-02	-6.5693115624e-02	5.7619021789e-01	-6.4188333352e-01
0.649             	6.0899542281e-01	9.2696631355e-02	-6.4276344799e-02	5.7685725041e-01	-6.4113359521e-01
0.6492            	6.0892928233e-01	9.2103024880e-02	-6.6987489942e-02	5.7543553736e-01	-6.4242302731e-01
0.6494            	6.0904919844e-01	9.2725384817e-02	-6.4698779096e-02	5.7669980889e-01	-6.4139858798e-01
0.6496            	6.0897731709e-01	9.2256207281e-02	-6.5843120215e-02	5.7605575699e-01	-6.4189887720e-01
0.6498            	6.0900211401e-01	9.2303839698e-02	-6.6318836150e-02	5.7584269593e-01	-6.4216153208e-01
0.65              	6.0906635182e-01	9.2882243250e-02	-6.3873315544e-02	5.7712969405e-01	-6.4100300960e-01
